"id","site","job_url","job_url_direct","title","company","location","date_posted","job_type","salary_source","interval","min_amount","max_amount","currency","is_remote","job_level","job_function","listing_type","emails","description","company_industry","company_url","company_logo","company_url_direct","company_addresses","company_num_employees","company_revenue","company_description","skills","experience_range","company_rating","company_reviews_count","vacancy_count","work_from_home_type","search_country","source_type","official_url","modality","opportunita_tipo","opportunita_tipo_label","source_priority","job_fingerprint","excluded","excluded_reason","country","role_family","company_tier","english_ok","native_language_required","local_language_plus","keyword_score","technical_score","level_score","function_score","company_score","language_score","geo_score","part_time_score","source_score","rule_score","final_score","match_grade","why_match","matched_keywords","apply_status","ai_score"
"","subito.it","https://www.subito.it/annunci-sicilia/vendita/offerte-lavoro/trapani/","","www. subito . it › annunci-sicilia › vendita Offerte di lavoro Trapani e provincia - Annunci Subito.it","Subito.it","Trapani","2026-06-05","","","","","","","","","","","","Subito.it Fallback | Query: ragioneria","","","","","","","","","","","","","","","Trapani","subito_fallback","https://www.subito.it/annunci-sicilia/vendita/offerte-lavoro/trapani/","","","",50,"fd335d3ff089908aff975a8afdb2e5e1b669d1cc",False,"","Trapani","amministrazione_contabilita","C",False,False,False,13.0,13.0,35.0,20.0,0.0,0.0,40.0,0.0,0.0,108.0,100.0,"A+","ZONA TRAPANI | ragioneria, provincia","ragioneria, provincia","new",""
"","subito.it","https://www.subito.it/annunci-sicilia/vendita/offerte-lavoro/trapani/mazara-del-vallo/","","www. subito . it › offerte- lavoro › trapani Lavoro Mazara del Vallo - Offerte e annunci Subito.it","Subito.it","Trapani","2026-06-05","","","","","","","","","","","","Subito.it Fallback | Query: ragioneria","","","","","","","","","","","","","","","Trapani","subito_fallback","https://www.subito.it/annunci-sicilia/vendita/offerte-lavoro/trapani/mazara-del-vallo/","","","",50,"b913c9ea1f76beb2fb0ae55f3cef294c77fc9f58",False,"","Trapani","amministrazione_contabilita","C",False,False,False,8.0,8.0,35.0,20.0,0.0,0.0,40.0,0.0,0.0,103.0,100.0,"A+","ZONA TRAPANI | ragioneria","ragioneria","new",""
"li-4349230783","linkedin","https://www.linkedin.com/jobs/view/4349230783","","Responsabile contabilità","IBANWAY - Istituto di Pagamento","Palermo, Sicily, Italy","2026-06-04","fulltime","","","","","",False,"director","Accounting/Auditing and Finance","","","Leggere Attentamente il Profilo: 🔍 **Junior Specialist – Area Economica, Amministrazione \\& Processi Fintech** 📍 Palermo 🏢 IBANWAY S.p.A. – Istituto di Pagamento 📄 **Assunzione a tempo indeterminato** 🚀 Chi siamo **IBANWAY S.p.A.** è una **Startup Innovativa** e **Istituto di Pagamento autorizzato** , operante nel settore fintech e dei servizi di pagamento digitali. Lavoriamo in un contesto tecnologico, regolamentato e in continua evoluzione, dove organizzazione, innovazione e gestione dei processi rappresentano elementi strategici per la crescita aziendale. Per il rafforzamento della nostra struttura organizzativa, ricerchiamo una figura junior da inserire stabilmente nell’area **Economica, Amministrativa e Organizzativa** . 🎯 Il profilo ricercato Cerchiamo un/una: * **Laureato/a in Economia o Ingegneria Gestionale** * con interesse per: * organizzazione aziendale * amministrazione e contabilità * processi interni e procedure operative * fintech e pagamenti digitali La posizione è ideale per una persona motivata a crescere professionalmente in un contesto innovativo, tecnologico e regolamentato. 👉 Valutiamo anche candidati con esperienza limitata o junior, purché con forte attitudine all’apprendimento e capacità organizzative e softskill 🧩 Attività principali La risorsa, in affiancamento alle funzioni aziendali, si occuperà di: * supporto alle attività amministrative e organizzative; Registrazioni contabili, gestione dei conti, bilancio. * gestione documentale e aggiornamento delle procedure interne; * supporto operativo ai flussi contabili e organizzativi; * utilizzo di piattaforme digitali e strumenti fintech; * collaborazione ai processi di controllo e miglioramento organizzativo; * supporto ai processi interni in ambito regolamentato. 💻 Competenze di BASE richieste * buona conoscenza del pacchetto **Office** (in particolare Excel); * dimestichezza con strumenti digitali, Internet e piattaforme collaborative; * interesse verso strumenti di **AI e automazione dei processi** ; * precisione, affidabilità e attenzione al dettaglio; * capacità organizzativa e problem solving; * predisposizione al lavoro in team. * Buona conoscenza della lingua inglese scritta e parlata 💡 Costituiscono elementi preferenziali: * conoscenze base amministrative e contabili; * interesse per il settore fintech e i servizi di pagamento; * conoscenza di strumenti digitali evoluti. 🌱 Cosa offriamo * assunzione a **tempo indeterminato** ; * inserimento in una realtà fintech innovativa e in crescita; * formazione continua e crescita professionale; * ambiente giovane, dinamico e tecnologico; * possibilità di sviluppo professionale in ambito organizzazione, amministrazione e processi fintech. 💰 **Inquadramento e retribuzione commisurati al profilo, alle competenze e al potenziale della persona selezionata.**","Financial Services","https://it.linkedin.com/company/ibanway","https://media.licdn.com/dms/image/v2/C4D0BAQHlo2N1FoYMJw/company-logo_100_100/company-logo_100_100/0/1662044439494/ibanway_logo?e=2147483647&v=beta&t=jP97wA4LWvwpa5zQSoFY5qD15uSLZBr949ntPIIZMxM","","","","","","","","","","","","Trapani","linkedin","https://www.linkedin.com/jobs/view/4349230783","","","",90,"fa8c4797e859a588c71b4c2a1dbb43fc9b6f5e04",False,"","Trapani","amministrazione_contabilita","C",True,False,False,71.0,71.0,30.0,20.0,0.0,0.0,30.0,0.0,0.0,151.0,100.0,"A+","ZONA TRAPANI | contabilità, bilancio","contabilità, bilancio, iva, amministrazione, excel, pec, tempo indeterminato","new",""
"li-4420717561","linkedin","https://www.linkedin.com/jobs/view/4420717561","","Asset Manager","OEMpv® S.r.l.","","2026-06-04","fulltime","","","","","",True,"associate","Consulting, Engineering, and Management","","","***OEMpv® S.r.l.*** , società leader O\\&M in forte sviluppo e compartecipata da un importante fondo di investimento inglese, che opera dal 2010 nel settore delle energie rinnovabili su tutto il territorio nazionale, occupandosi di Operation \\& Maintenance, Asset Management e Revamping and Repowering di grandi impianti fotovoltaici utility\\-scale, è alla ricerca di un/una ***Asset Manager*** . La risorsa riporterà al Direttore di Divisione. ***Responsabilità principali*** *:* * Analisi report di produzione come prodotti dalla Control Room e studio andamento impianto (in termini di produzione, guasti incorsi, attività svolte ecc.) per identificazione trend e possibili azioni migliorative * Monitoraggio del livello di performance di tutti i fornitori tramite implementazione di opportuni KPI, confronto con il Cliente sulle possibilità di ottimizzare i relativi costi, calcolo di possibili penali applicabili, supporto al Cliente nella rinegoziazione/stipula dei contratti * Adempimento di ogni attività in capo al cliente verso enti del settore (salvo specifiche esclusioni) quali GSE, Terna, Gestori di rete, Arera, Dogane, enti autorizzativi o altri stakeholder (es. utente del dispacciamento, fornitore energia in sito, proprietario terriero ecc.) * Verifica della ricezione delle misure rilevate dai contatori da parte del Gestore di rete, sollecito in caso di loro assenza, nonché conferma che le misure trasmesse diano origine ai pagamenti dovuti, da parte del GSE (in caso di incentivo) e trader (per la vendita della stessa energia) * Supporto al cliente nella gestione di ogni sinistro assicurativo legato all’attività dello specifico impianto, nonché di ogni reclamo verso i fornitori di componenti incorsi in difetto, inefficienza, guasto e ancora in garanzia * Sopralluoghi periodici in campo, anche in presenza del Cliente * Studio della normativa di settore, con particolare attenzione sulle novità in questa apportate degli enti e loro diffusione, sia interna che verso i Clienti; * Supporto all’area O\\&M nell’organizzazione di interventi di manutenzione su impianti incentivati (es. verifica compatibilità soluzione tecnica con requisiti regime incentivante in essere). ***Requisiti*** *:* * Diploma di scuola superiore ad indirizzo tecnico o laurea ad indirizzo tecnico; * Esperienza pregressa in ruoli di Asset Manager o di Project Manager \\- Fotovoltaico utility\\-scale; * Predisposizione al lavoro d’ufficio; * Buona padronanza del pc e del pacchetto Office. ***Offerta:*** * Tipologia contrattuale e retribuzione da valutare a seconda dell’eventuale esperienza; * Possibilità di lavorare in un contesto e settore in forte crescita. ***Luogo di lavoro*** *:* Full\\-Remote con disponibilità ad essere presente presso la Sede Principale in Viale Combattenti Alleati d'Europa, 17, Rovigo (RO), almeno 1 giorno a settimana.","Services for Renewable Energy, Electric Power Generation, and Repair and Maintenance","https://it.linkedin.com/company/oempv-srl","https://media.licdn.com/dms/image/v2/C4D0BAQFc85i-bNzYJQ/company-logo_100_100/company-logo_100_100/0/1668763696670/oempv_srl_logo?e=2147483647&v=beta&t=OD6G79YPzXfLvLrtllzFKmoYqTI81HSVQlMODLKY5o8","","","","","","","","","","","","Sicilia","linkedin","https://www.linkedin.com/jobs/view/4420717561","","","",90,"08b502486a763515300552b8059e3baa49ccb5ea",False,"","Sicilia","amministrazione_contabilita","C",True,False,False,28.0,28.0,35.0,20.0,0.0,0.0,15.0,20.0,0.0,118.0,100.0,"A+","iva, pacchetto office","iva, pacchetto office, pec","new",""
"in-f71cf41265b9466f","indeed","http://it.indeed.com/job/addetto-web-marketing-e-marketplace-f71cf41265b9466f","http://it.indeed.com/job/addetto-web-marketing-e-marketplace-f71cf41265b9466f","Addetto/a Web Marketing e Marketplace","SEVEN MHF ITALIA SRL","San Giovanni la Punta, SIC, IT","2026-06-04","fulltime","","","","","",True,"","","","","Siamo alla ricerca di una risorsa da inserire nel nostro team marketing/web per supportare la gestione delle attività digitali aziendali. La figura si occuperà di siti web, landing page, funnel di vendita, automazioni marketing e gestione del marketplace Amazon. Cerchiamo una persona precisa, organizzata e orientata ai risultati, capace di lavorare in team e gestire attività operative in modo autonomo. Attività principali La risorsa si occuperà di: * Aggiornamento di siti web, landing page e pagine prodotto * Creazione e ottimizzazione di funnel di vendita * Configurazione di automazioni tramite email, WhatsApp, CRM e strumenti digitali * Supporto alle campagne di lead generation * Inserimento e aggiornamento prodotti su Amazon * Ottimizzazione di titoli, descrizioni, immagini e contenuti per Amazon * Monitoraggio di ordini, schede prodotto e performance * Supporto nella gestione di contenuti digitali, newsletter e comunicazioni commerciali * Collaborazione con il team marketing, grafico e commerciale Requisiti richiesti * Esperienza nella gestione di siti web, CMS o piattaforme e\\-commerce * Conoscenza base di funnel marketing e automazioni * Familiarità con CRM, email marketing o strumenti di automazione * Esperienza o interesse nella gestione del marketplace Amazon * Buona capacità di scrittura commerciale * Buona dimestichezza con strumenti digitali, fogli di calcolo e piattaforme gestionali * Precisione, autonomia e capacità di rispettare le scadenze * Attitudine al problem solving e orientamento ai risultati Requisiti preferenziali Sono considerati un plus: * Esperienza con Amazon Seller Central * Conoscenza di WordPress, WooCommerce o strumenti simili * Nozioni base di SEO e ottimizzazione schede prodotto * Conoscenza base di Meta Ads, Amazon Ads o advertising online * Conoscenza base di Canva, Photoshop o strumenti grafici Cosa offriamo * Inserimento in un team dinamico e in crescita * Formazione continua su web marketing, automazioni e marketplace * Possibilità di crescita professionale * Progetti concreti su brand, e\\-commerce e canali digitali * Ambiente collaborativo e orientato all’innovazione Benefit * Computer aziendale * Orario flessibile * Parcheggio libero * Bevande gratis * Supporto allo sviluppo professionale Sede di lavoro L’attività si svolge principalmente **in presenza**. Eventuali modalità di lavoro flessibile o da remoto potranno essere valutate in base all’organizzazione aziendale e al livello di autonomia della risorsa. Cerchiamo una persona affidabile, concreta e motivata, interessata a crescere nel mondo del web marketing, delle automazioni e delle vendite online. Per candidarti, invia il tuo CV e una breve presentazione delle esperienze maturate in ambito web, marketplace o marketing digitale. Retribuzione: €1\\.200,00 al mese Benefit: * Bevande gratis * Computer aziendale * Convenzioni aziendali * Lavoro da casa * Orario flessibile * Parcheggio libero * Partecipazione agli utili * Sconti sui prodotti o servizi dell'azienda Sede di lavoro: Di persona","","https://it.indeed.com/cmp/Seven-Mhf-Italia-Srl","","","","","","","","","","","","","Sicilia","indeed","http://it.indeed.com/job/addetto-web-marketing-e-marketplace-f71cf41265b9466f","","","",80,"4bdf71b4ec30985e8ce6633d630db2073a0951ca",False,"","Sicilia","amministrazione_contabilita","C",False,False,False,97.0,97.0,0.0,0.0,0.0,0.0,15.0,20.0,0.0,152.0,100.0,"A+","WordPress/E-comm | sap, crm","sap, crm, gestionali, iva, wordpress, woocommerce, web marketing, seo","new",""
"in-534faf7e86ab765a","indeed","http://it.indeed.com/job/assistente-amministrativoassistente-amministrativa-534faf7e86ab765a","http://it.indeed.com/job/assistente-amministrativoassistente-amministrativa-534faf7e86ab765a","Assistente amministrativo/assistente amministrativa","Pixel Adv","Palermo, SIC, IT","2026-06-04","parttime","","","","","",False,"","","","","**Pixel Adv**, agenzia di comunicazione e marketing a Palermo, offre un'opportunità di **Stage (Tirocinio Extracurriculare) della durata di 6 mesi (rinnovabile a 12\\)** nell'area amministrativa. Cerchiamo una risorsa motivata, precisa e organizzata che, pur inserendosi in un percorso formativo, abbia già acquisito familiarità con la gestione della fatturazione e desideri consolidare le proprie competenze in un contesto aziendale dinamico. **Cosa farai (Obiettivi formativi)** In affiancamento al tutor aziendale, ti occuperai di: * Utilizzo e gestione pratica del software **""Fatture in Cloud""**. * Supporto nell'inserimento e nella gestione delle **autofatture**. * Registrazione di fatture attive e passive. * Mansioni di segreteria generale, accoglienza e gestione del front\\-office con clienti e fornitori. **Requisiti richiesti** * **Conoscenza già acquisita del gestionale ""Fatture in Cloud""** (anche derivante da precedenti esperienze, corsi o studio autonomo). * Dimestichezza con il concetto e l'inserimento delle **autofatture**. * Buona padronanza del pacchetto Office (in particolare Excel). * Precisione, puntualità e ottime doti organizzative. * Predisposizione al contatto con il pubblico e professionalità. **Cosa offriamo** * **Tipologia:** Stage / Tirocinio extracurriculare di 6 mesi. * **Impegno orario:** Part\\-time, 9\\-13 o 14\\-18 (secondo le esigenze aziendali). * **Rimborso spese mensile:** € 500,00 netti. * **Sede di lavoro:** Palermo. L’offerta è rivolta a candidati di entrambi i sessi, nel rispetto del Codice delle pari opportunità (D.Lgs. 11 aprile 2006, n. 198 e ss.mm.ii.). I candidati sono invitati a consultare l’informativa sul trattamento dei dati personali disponibile sul nostro sito. Contratto di lavoro: Part\\-time Retribuzione: €500,00 al mese Domande di preselezione: * Conoscenza di Fatture in Cloud obbligatoria Esperienza: * assistente amministrativo: 1 anno (Obbligatorio) Sede di lavoro: Di persona","","https://it.indeed.com/cmp/Pixel-Adv","","","","","","","","","","","","","Trapani","indeed","http://it.indeed.com/job/assistente-amministrativoassistente-amministrativa-534faf7e86ab765a","","","",80,"f21f4e4cfc3ffaa6e7175f54824298feb2156071",False,"","Trapani","amministrazione_contabilita","C",False,False,False,84.0,84.0,0.0,20.0,0.0,0.0,30.0,0.0,0.0,134.0,100.0,"A+","ZONA TRAPANI | fatturazione, iva","fatturazione, iva, segreteria, amministrativo, pacchetto office, excel, assistente, tirocinio","new",""
"li-4418729494","linkedin","https://www.linkedin.com/jobs/view/4418729494","","Social media manager","Bestie Bite","","2026-06-03","fulltime","","","","","",True,"mid-senior level","Marketing and Sales","","","**TikTok Content Creator \\& Social Media Manager** **Bestie Bite · Full remote · Collaborazione P.IVA · 25\\.000\\-30\\.000€ lordi/anno** **Chi siamo** Bestie Bite è la piattaforma di video recensioni di ristoranti, caffè e hotel più utilizzata in Italia. L’idea è semplice: invece di leggere recensioni anonime e guardare stelline, le persone scoprono i posti attraverso video autentici. Vedono il piatto, l’atmosfera, il servizio. Siamo una startup in crescita, stiamo aprendo nuovi mercati e ci muoviamo veloce. Per noi la comunicazione non è “una cosa da fare sui social”. È una parte fondamentale del prodotto. Ogni giorno parliamo a due pubblici diversi: * chi usa l’app per scoprire dove mangiare, bere o dormire; * ristoratori e albergatori che vogliono capire come Bestie Bite può aiutarli a crescere. Sono due linguaggi diversi. Dovrai saperli gestire entrambi. **Il ruolo** Cerchiamo una persona che viva TikTok. Non qualcuno che guarda i trend quando capita. Qualcuno che capisce perché un video funziona, perché uno floppa e come trasformare un’idea semplice in un contenuto che ti fermi a guardare. Gestirai i canali social italiani di Bestie Bite, soprattutto TikTok e Instagram, lavorando sia sui contenuti organici sia su quelli destinati alle campagne advertising. Una cosa importante: questo non è un ruolo solo “da dietro le quinte”. Cerchiamo una persona che abbia voglia di metterci la faccia. Molti contenuti avranno te davanti alla camera a raccontare, spiegare, commentare, testare e sperimentare. Non devi essere un influencer. Devi essere naturale, curioso e a tuo agio nel parlare alle persone. **Cosa farai** * Gestire TikTok e Instagram di Bestie Bite Italia. * Ideare, girare e montare contenuti short\\-form in autonomia. * Creare nuovi format e testare continuamente idee. * Trasformare trend, notizie e conversazioni del momento in contenuti rilevanti per il brand. * Creare contenuti per campagne advertising insieme al team growth. * Analizzare performance e insight per capire cosa replicare e cosa cambiare. * Coordinare creator e UGC creator esterni. * Gestire commenti, community e conversazioni. * Lavorare sia sulla comunicazione B2C sia su quella B2B. * Utilizzare strumenti AI per accelerare ricerca, brainstorming, scrittura e produzione, senza perdere voce, personalità e testa. **Chi stiamo cercando** * Hai una vera cultura TikTok. * Sai riconoscere un buon hook nei primi 3 secondi. * Hai già creato contenuti, anche per progetti personali. * Ti piace stare davanti alla camera. * Sai girare e montare video con smartphone e strumenti come CapCut. * Sei creativo, ma anche curioso dei numeri. * Sai adattare il tono di voce in base al pubblico. * Sei autonomo, organizzato e ti piace prenderti responsabilità. * Hai interesse per il mondo food, travel e hospitality. Non ci interessa quanti anni di esperienza hai. Ci interessa vedere cosa sai creare. **Bonus** * Hai un account TikTok, Instagram o YouTube dove pubblichi contenuti. * Hai già collaborato con creator o influencer. * Hai lavorato su contenuti destinati all’advertising. * Hai esperienza in startup o ambienti molto veloci. **Cosa offriamo** * Collaborazione in P.IVA da 25\\.000\\-30\\.000€ lordi annui \\+ eventuali bonus. * Full remote. * Possibilità di crescere rapidamente in responsabilità e compenso. * Due retreat all’anno tra San Francisco e altre destinazioni. * Un prodotto già leader di mercato. * Libertà di sperimentare e proporre idee. * Un team che considera i contenuti una priorità strategica, non un’attività secondaria. **Come candidarti** Hai due modi. **Opzione 1** Candidati direttamente tramite LinkedIn allegando nel CV: * Due righe su di te. * Link ai tuoi profili social o portfolio. **Opzione 2, consigliata** Se vuoi distinguerti davvero dagli altri candidati, facci vedere come lavoreresti se fossi già nel team. Realizza un TikTok pubblico in cui presenti Bestie Bite come se fossi uno dei nostri creator. Immagina di dover convincere qualcuno a scaricare l’app: * racconta cos’è Bestie Bite; * mostra o spiega le funzionalità che trovi più interessanti; * spiega perché la useresti; * crea un hook che catturi l’attenzione; * inserisci una call to action finale. Non stiamo cercando il video perfetto. Ci interessa capire come pensi, come costruisci una storia, come comunichi davanti alla camera e soprattutto come trasformi un prodotto in un contenuto che le persone hanno voglia di guardare. Pubblica il video su TikTok, tagga Bestie Bite e inserisci il link nella tua candidatura.","Software Development","https://it.linkedin.com/company/bestie-bite-app","https://media.licdn.com/dms/image/v2/D4D0BAQHUCDtPwdzB1A/company-logo_100_100/company-logo_100_100/0/1695981134167/bestie_bite_app_logo?e=2147483647&v=beta&t=PHlEpqU0GHlIn7baoewEkipvOW9iCSCuBCxrdhqVsR0","","","","","","","","","","","","Trapani","linkedin","https://www.linkedin.com/jobs/view/4418729494","","","",90,"7ef96b768a331abaff7b77dcae48575154ddd012",False,"","Trapani","amministrazione_contabilita","C",False,False,False,65.0,65.0,0.0,0.0,0.0,0.0,30.0,20.0,0.0,115.0,100.0,"A+","ZONA TRAPANI | sap, iva","sap, iva, social media, b2b, b2c, content creator","new",""
"li-4419673323","linkedin","https://www.linkedin.com/jobs/view/4419673323","","Internship Sales Development Representative (Italian Speaker) - 100% Smart Working","HelloMrLead","","2026-06-03","internship","","","","","",False,"internship","Sales","","","Ti piace entrare in contatto con le aziende? Ti attira l'idea di lavorare nel settore commerciale e scoprire grandi opportunità per clienti in ambito B2B? O meglio ancora... Vuoi essere la persona che dà il via a importanti accordi commerciali? In **HelloMrLead** non farai il ""solito"" stage. Il tuo ruolo sarà fondamentale per aiutare i nostri clienti a crescere: generare lead di qualità sul mercato italiano, partecipare a campagne strategiche e fissare appuntamenti commerciali ad alto valore. Gestirai inoltre le informazioni sul nostro CRM e sarai la scintilla che avvia contratti importanti. Se questo profilo ti rispecchia e vuoi inserirti nel mondo del Digital Marketing e delle vendite internazionali... Ti stiamo cercando! Compiti Apprendimento: * Formazione intensiva sul settore delle vendite e del marketing internazionale. * Identificazione delle esigenze del cliente e comunicazione della proposta di valore. * Gestione di chiamate (a freddo e calde) a potenziali clienti (prospect). * Utilizzo del CRM (Pipedrive / HubSpot) e reportistica dati. * *In sintesi il tuo tempo sarà diviso così:* 50% Chiamate \\| 25% CRM \\| 25% Contatto via email / LinkedIn. Requisiti * **Lingua:** Italiano madrelingua o bilingue. * **Lingua spagnola o inglese:** Livello intermedio/avanzato (per comunicare con il team). * **Convenzione di stage:** Non ti preoccupare se non sei attualmente iscritto all'università. **Il costo del corso di formazione/scuola d'affari per attivare lo stage legale è interamente a carico della nostra azienda.** * Forte interesse per il settore Marketing B2B e vendite. * Disponibilità immediata. **Cosa cerchiamo in te?** * Quella ""scintilla"" e quell'energia che si trasmettono anche al telefono. * Orientamento agli obiettivi e precisione (il CRM sarà il tuo migliore amico). * Curiosità, costanza e resilienza (saper trasformare un ""no"" in motivazione). Vantaggi * **Orario flessibile e ridotto:** 6 ore al giorno (da lunedì a venerdì, dalle 08:30 alle 14:30\\). Perfetto per conciliare studio o vita privata. * **Rimborso spese / Compenso:** 600 euro netti al mese. * **Durata:** 6 mesi, con possibilità reale di inserimento in azienda. * **Formazione continua:** Imparerai l'uso di CRM professionali e le tecniche di vendita B2B più avanzate. * **Piano di carriera concreto:** L'obiettivo dello stage è formarti per farti raggiungere il livello di un SDR professionista (5 lead settimanali). Se raggiungi questo ritmo, **passerai direttamente a un contratto di lavoro a tempo indeterminato!** **Siamo i primi interessati a far crescere i talenti all'interno del nostro team. Se ti identifichi con questo profilo e hai voglia di metterti in gioco nel mondo commerciale, vogliamo conoscerti!**","Advertising Services","https://es.linkedin.com/company/hellomrlead","https://media.licdn.com/dms/image/v2/C4D0BAQEZsV7CUKIozg/company-logo_100_100/company-logo_100_100/0/1630528081591/hellomrlead_logo?e=2147483647&v=beta&t=78zsIlpgokOPwurqbgMi5hO64XXYn42dlvXWepB_zM4","","","","","","","","","","","","Trapani","linkedin","https://www.linkedin.com/jobs/view/4419673323","","","",90,"6e4886163cf58a245d94939a9a3090a06f597ebc",False,"","Trapani","amministrazione_contabilita","C",True,False,False,75.0,75.0,0.0,0.0,0.0,0.0,30.0,20.0,0.0,125.0,100.0,"A+","ZONA TRAPANI | sap, crm","sap, crm, iva, b2b, pec, tempo indeterminato, stage","new",""
"li-4424214868","linkedin","https://www.linkedin.com/jobs/view/4424214868","","Front Office Agent","Mangia's","Sciacca, Sicily, Italy","2026-06-03","fulltime","","","","","",False,"mid-senior level","Other","","","Stiamo cercando per la stagione estiva 2026 Front Office Agent da inserire nella nostra splendida struttura di Torre del Barone Resort \\& Spa. La risorsa ideale accoglie, registra e assiste i clienti, garantendo un servizio efficiente e cortese durante tutto il soggiorno. Contribuisce alla soddisfazione degli ospiti e al corretto funzionamento del reparto ricevimento. Il Front Office Agent è il primo punto di contatto tra l’hotel e gli ospiti. Responsabilit à: • Accogliere gli ospiti al check\\-in e assisterli durante il soggior no.• Gestire le procedure di check\\-out, fatturazione e pagamen ti.• Rispondere a richieste, informazioni e prenotazioni telefoniche o via ema il.• Fornire informazioni sui servizi dell’hotel, attività locali e attrazioni turistic he.• Gestire prenotazioni, modifiche e cancellazioni tramite il sistema gestionale (PM S).• Coordinarsi con altri reparti (housekeeping, F\\&B, manutenzione) per soddisfare le esigenze degli ospi ti.• Raccogliere feedback e gestire eventuali reclami con professionali tà. Requis iti: • Esperienza pregressa in front office o reception, preferibilmente in hotel 4\\-5 s telle• Conoscenza dei sistemi gestionali alberghieri (PMS) e strumenti informatici di base.• Ottime capacità comunicative e relazio nali.• Buona conoscenza dell’inglese; altre lingue costituiscono un plus.• Precisione, affidabilità e problem sol ving.• Disponibilità a lavorare su turni, festivi e wee kend. Cosa si offre: • Tipologia di contratto (a tempo indeterminato, annuale, stagional e ecc.)• Possibilità di a lloggio• Vitto garantito (1€ al giorno)• Opportunità di crescita professionale all'interno dell' azienda• Ambiente di lavoro dinamico e collab orativo• Formazione continua e possibilità di partecipare a corsi di aggior namento","Hospitality","https://it.linkedin.com/company/mangias","https://media.licdn.com/dms/image/v2/C4E0BAQG1O-2t4q9LGA/company-logo_100_100/company-logo_100_100/0/1651268143217?e=2147483647&v=beta&t=QNHXK2KfMlocEfZGXLEbDbc73nfT3x30ET-5PcQJnjs","","","","","","","","","","","","Trapani","linkedin","https://www.linkedin.com/jobs/view/4424214868","","","",90,"41c1cf4af2ba8e3fc807930f92de1e2a1d83222f",False,"","Trapani","amministrazione_contabilita","C",True,False,False,60.0,60.0,0.0,20.0,0.0,0.0,30.0,0.0,0.0,110.0,100.0,"A+","ZONA TRAPANI | fatturazione, gestionali","fatturazione, gestionali, iva, front office, tempo indeterminato, prenotazioni","new",""
"li-4422974870","linkedin","https://www.linkedin.com/jobs/view/4422974870","","Logistic Specialist (appartenenza al collocamento mirato art.1 L.68/99)","Enel Group","Catania, Sicily, Italy","2026-06-03","fulltime","","","","","",False,"entry level","Management and Manufacturing","","","**Description And Requirements** ***Descrizione e requisiti*** *Se vuoi cambiare il volto dell'energia, stiamo cercando un/una **Logistic Specialist (appartenenza al collocamento mirato art.1 L.68/99\\)** da inserire in 3SUN S.r.l. nel nostro team di ""* ***Logistic \\& Material Management*** *""!* ***Con chi lavorerai*** *Farai parte del team di Logistic \\& Material Management che si occupa dei seguenti ambiti quali: gestione delle spedizioni, gestione delle operazioni di movimentazione del magazzino per lo stoccaggio e la consegna dei moduli fotovoltaici, gestione dei magazzini, coordinamento risorse interne e 3PL, gestione doganale e gestione dei trasporti nazionali/internazionali.* *Avrai l'opportunità di lavorare con un team composto da più di 10 persone* ***Cosa farai*** *In questo ruolo, ti occuperai di:* * Monitorare e verificare la corretta esecuzione delle attività logistiche svolte dal provider di magazzino; * Supportare la gestione dei flussi inbound e delle movimentazioni materiali su SAP; * Verificare la correttezza delle transazioni gestionali e l’allineamento inventariale; * Collaborare con warehouse, planning, produzione per la risoluzione delle problematiche operative; * Supportare le attività di inventario e analisi delle anomalie di stock; * Garantire il rispetto delle procedure operative e dei flussi logistici aziendali; * Fornire supporto operativo e coordinamento quotidiano alle attività della ditta logistica. ***Cosa porterai*** ***Requisisti minimi*** *necessari per questo ruolo sono:* ***Appartenenza al collocamento mirato art.1 L. 68/99*** ***Competenze richieste (auspicabili):*** * Buona conoscenza dei processi logistici e dei flussi di magazzino; * Conoscenza dei processi inventariali e di warehouse management; * Familiarità con sistemi e software di analisi dati, reportistica e monitoraggio KPI operativi; * Conoscenza pacchetto office, in particolare di MS Excel e Powerpoint; * Capacità di elaborare report di sintesi e analizzare dati logistici e inventariali. ***Esperienza professionale richiesta (auspicabile)*** *:* * Esperienza in ambito logistico, magazzino o gestione materiali; * Esperienza nell’utilizzo di SAP in ambito logistico (movimentazioni materiali, entrata merci, stock management); * Esperienza in contesti produttivi/manifatturieri; * Esperienza nella gestione di provider logistici esterni. ***Soft skills richieste*** *:* * Attitudine al lavoro di squadra; * Flessibilità e capacità di lavorare in situazioni dinamiche; * Buona capacità di apprendimento; * Puntualità, chiarezza e correttezza nel passaggio di consegne; * Orientamento al cambiamento; * Spirito di iniziativa per eventuali spunti di miglioramento * Proattività e Problem Solving. ***Istruzione, competenze linguistiche e altre informazioni pertinenti*** *.* * Diploma o Laurea ad indirizzo economico o STEM; * Preferibile conoscenza della lingua inglese; * Patente di guida B. ***Perché unirsi a noi?*** * Contratto di lavoro a tempo indeterminato * Range salariale annuale: 32000 € \\- 37000 € * Fondo Integrativo Sanitario e fondo pensione complementare * Continuos Learning * Percorsi di sviluppo ed empowerment * Welfare aziendale per una migliore conciliazione vita\\-lavoro (supporto alla genitorialità, asilo nido, congedi parentali extra ecc...) *Sede: Catania* ***Diversità, equità, inclusione e processo di selezione*** ***Questa opportunità è aperta a tutte e tutti*** *, abbiamo a cuore l'”unicità” di ciascuno perché crediamo che i differenti punti di vista, la pluralità di esperienze e prospettive siano un motore fondamentale per l’innovazione.* *In **Enel** , valorizziamo **diversità, equità e inclusione** come pilastri della nostra cultura e in quanto ispirano ambienti di lavoro aperti, dinamici e collaborativi, capaci di generare un autentico senso di **appartenenza** . Li integriamo in ogni fase della gestione delle persone, incluso il processo di selezione, che progettiamo su misura per ogni ruolo, con l’obiettivo di riconoscere e valorizzare i talenti, le competenze e le storie di ciascun candidato e candidata.* *Il processo di selezione prevede un primo colloquio conoscitivo con il team Recruiting, seguito da un incontro tecnico con la linea di business di riferimento \\[da personalizzare in base al processo di selezione local]. Se il tuo profilo è in linea con i requisiti del ruolo, ti contatteremo per condividere tutti i dettagli sulle fasi successive del processo.* *Cerchiamo persone che incarnino i nostri valori: fiducia, rispetto, innovazione, proattività e flessibilità.* ***Vuoi essere protagonista del cambiamento?*** *Candidati ora ed entra a far parte del team per guidare insieme a noi la transizione energetica!* *Cerchiamo persone che incarnino i nostri valori: **Fiducia, Rispetto, Innovazione, Proattività e Flessibilità.*** *Sei pronto/a a fare la differenza e crescere con noi? Candidati ora e unisciti a noi per guidare la transizione energetica all'interno del team!* ***Chi siamo*** ***Enel Spa*** ***Enel*** *è una multinazionale dell’energia e un operatore integrato leader nei mercati globali dell’energia e delle rinnovabili, presente in 27 Paesi nel mondo. A livello mondiale, è il più grande operatore di rinnovabili, il primo operatore di reti di distribuzione elettrica per numero di clienti serviti e il maggiore operatore retail per numero di clienti \\[1].* *Enel produce elettricità con una capacità totale di circa 93 GW. Enel Green Power, che all’interno del Gruppo Enel gestisce le rinnovabili, conta su una capacità totale di circa 68 GW con un mix di generazione che include impianti eolici, solari, geotermici, idroelettrici e di accumulo, in Europa, nelle Americhe, in Africa, Asia e Oceania.* *Enel Grids, la business line globale del Gruppo dedicata alla gestione del servizio di distribuzione di energia elettrica a livello mondiale, fornisce elettricità attraverso una rete di 1,9 milioni di chilometri a più di 69 milioni di utenti finali collegati alla sua rete di distribuzione. Nel Gruppo, Enel Commercial è dedicata ai clienti di tutto il mondo con l’obiettivo di fornire loro prodotti e servizi in maniera efficiente in base ai loro bisogni energetici, incoraggiandoli verso un uso più consapevole e sostenibile dell’energia. Fornisce elettricità, gas e servizi integrati a oltre 29 milioni di clienti a livello globale, comprese famiglie, aziende, industrie e pubbliche amministrazioni, offre servizi di flessibilità che aggregano 10,2 GW, e possiede 34,000 punti di ricarica pubblici per la mobilità elettrica.* *\\[1]* *La leadership di Enel nelle diverse categorie è definita dal confronto con i dati e risultati dell’esercizio 2025 di società quotate rilevanti comparabili non a prevalenza statale.* *L’annuncio è rivolto a tutte le persone nel rispetto del D.Lgs. 198/2006, art. 27 e dell’impegno di Enel a favore dell’equità e dell’inclusione con particolare attenzione anche alla promozione della parità di genere.*","Utilities","https://it.linkedin.com/company/enelgroup","https://media.licdn.com/dms/image/v2/D4D0BAQEXWlw4eLcOsw/company-logo_100_100/B4DZgxUyzwHsAQ-/0/1753174191698/enelgroup_logo?e=2147483647&v=beta&t=skOddP2CbQ6KOmJFkklcSZHYamR6eufjRjc0HBSVai0","","","","","","","","","","","","Sicilia","linkedin","https://www.linkedin.com/jobs/view/4422974870","","","",90,"3dbcfff1e695a9d83e7f72fc738eaddd54fe0f48",False,"","Sicilia","amministrazione_contabilita","B",True,False,False,107.0,107.0,35.0,0.0,0.0,0.0,15.0,0.0,0.0,157.0,100.0,"A+","sap, erp","sap, erp, logistica, spedizioni, gestionali, iva, pacchetto office, excel","new",""
"li-4422462270","linkedin","https://www.linkedin.com/jobs/view/4422462270","","Lavoro Catania - Selezioni Aperte - Part/Full Time","Jteam SRLS","Catania, Sicily, Italy","2026-06-02","parttime","","","","","",False,"not applicable","Advertising, Customer Service, and Training","","","Sei alla prima esperienza lavorativa e hai più dubbi che certezze? Non ti preoccupare, ci siamo passati anche noi. Il nostro obiettivo è offrire un ambiente in cui tutti possano sentirsi valorizzati. Siamo specializzati nella comunicazione diretta e collaboriamo con aziende di prestigio per promuovere i loro progetti. Ogni membro del nostro team è un tassello importante del nostro successo. Posizione: Jteam Marketing Srls , seleziona per la sede di Catania un Addetto/a alla PROMOZIONE. L'attività di promozione avviene presso catene Commerciali di grande affluenza della Città di Catania e Comuni limitrofi, come Aeroporto , Ikea, Centri Commerciali , Farmacie e Store. Richiediamo forte propensione al contatto con il pubblico, con capacità organizzative e gestionali, senza necessariamente aver maturato esperienza nel campo della Vendita e della Promozione, in quanto offriamo formazione Online e in sede, a carico aziendale. Offriamo: * Flessibilità oraria per studenti universitari; * Inserimento con regolare contratto; * Corsi Formativi paralleli all'attività lavorativa; * Possibilità di viaggiare a livello Nazionale; * Possibilità di crescere professionalmente. Requisiti: * Domicilio a Catania o in Provincia ; * Ottima padronanza della lingua italiana; * Predisposizione alla Vendita; * Proattività e spirito d'iniziativa; * Disponibilità Immediata, Part time o Full Time. Altre informazioni: Se ti rivedi nella descrizione, e ti senti incuriosito/a, inviaci la tua candidatura. Il nostro team HR ti contatterà al più presto per un primo colloquio conoscitivo.","Restaurants, Advertising Services, and Professional Training and Coaching","https://it.linkedin.com/company/jteamsrls","https://media.licdn.com/dms/image/v2/C560BAQEFBXBuZWCfNw/company-logo_100_100/company-logo_100_100/0/1637156278669?e=2147483647&v=beta&t=wvHSVeU5cXnBwbogrLOnm5Myc-R7uJKr3vIh_6wdv_Y","","","","","","","","","","","","Sicilia","linkedin","https://www.linkedin.com/jobs/view/4422462270","","","",90,"781bcc6ec2b930d9fe4dbdd1d026556b86cc982f",False,"","Sicilia","amministrazione_contabilita","C",False,False,False,45.0,45.0,30.0,0.0,0.0,0.0,15.0,10.0,0.0,100.0,100.0,"A+","gestionali, iva","gestionali, iva, addetto, pec, provincia","new",""
"li-4403962510","linkedin","https://www.linkedin.com/jobs/view/4403962510","","Customer Service","Smartness","","2026-06-01","fulltime","","","","","",True,"not applicable","Other","","","**About The Company** At ****Smartness**** , we are building the future of hospitality tech. Our SaaS helps lodging providers boost revenues by 30%\\+ and get more direct bookings. We are the fastest\\-growing B2B SaaS in the industry, trusted by ****4,000\\+ clients across 40\\+ countries**** , with billions of euros in bookings processed. Backed by top international investors and named one of Italy's Top 10 LinkedIn Startups, we are on a mission to scale globally. Want to grow with us? Let's go! **About The Role** **What Will You Do?** In this role, you will work primarily on **Smartchat** , our guest communication platform, supporting the end customers of our partner properties throughout their stay. You will be the first point of contact for guests, assisting them via chat, email, and phone with any questions or issues related to their experience. From check\\-in details to special requests, you will ensure fast, accurate, and empathetic support, coordinating with property staff when needed to guarantee a smooth resolution. You’ll be the voice of Smartness for our users: solving issues, guiding interactions, and collecting insights to continuously improve their experience and the way Smartchat supports guest communication. This is a **shift\\-based role** , **with 8\\-hour shifts scheduled within the 8:30 AM to 10:00 PM time range,** including weekends and public holidays, to ensure consistent and high\\-quality support across all customer touchpoints. **Main Responsibilities** * Provide timely, professional, and empathetic support via chat, email, and phone * Assist guests during their stay and coordinate with property staff when needed * Investigate and resolve technical and operational issues * Collaborate with internal teams on complex cases * Deliver product training and share best practices with customers * Maintain and improve help center content (FAQs, guides, documentation) * Collect and relay customer feedback to improve the product * Monitor interactions via CRM/ticketing tools and identify recurring issues * Spot upselling opportunities aligned with customer needs * Stay up to date with product updates and industry trends **What Are We Looking For?** * 3\\+ years of experience in Customer Support or similar roles * Previous experience in the hospitality industry (e.g., hotels, property management companies, front desk/reception roles) * Familiarity with guest workflows (check\\-in, check\\-out, amenities, special requests) * Fluent in Italian and English (written and spoken) * Strong communication and problem\\-solving skills * Experience with help desk and CRM tools (e.g., Zendesk, HubSpot) * Ability to manage multi\\-channel communication **What do we offer?** Work in a small and top\\-performing team that moves extremely fast where you are extremely important. * Work without having to deal with jerks and ego\\-maniacs. * The opportunity to join one of the best travel\\-tech sales teams in Europe. * A place where your talent can blossom. * An environment where mistakes are allowed – we make bold choices to achieve ambitious goals, learn from mistakes, and move forward. * A place where your voice matters – meetings provide space for new ideas and projects, regardless of your role or seniority. * Continuous growth – we challenge the status quo, renewing our sales processes and approaches to meet challenging goals. * We have fun while working! We are easygoing people. * Work with the best software out there to automate repetitive tasks and let you focus on customers and targets. * Remote working with frequent opportunities to meet up. * Fun and enriching experiences – unforgettable team\\-building events that go beyond the usual outings. Still not convinced? Check out our ""Work With Us"" page for more about our mission, values, and why we love working at Smartness: https://www.smartness.com/en/work\\-with\\-us **Before you apply** If you're reading this, it means you're genuinely interested, and that excites us! Here's what you need to know: * We're highly driven and set our goals higher than most, pushing boundaries others may deem impossible. * We work much harder than most companies out there. * Every day, we step out of our comfort zones, fueling rapid growth and learning, even though it might come with its stress. * We hold ourselves and our team to the highest standards of excellence and culture. * Should we feel that this role isn't the right match for you, for the benefit of both parties, we may need to part ways. We hope this sheds light on whether this could be your next adventure. If you believe it is, we warmly invite you to apply. Discover your full potential with us! By submitting this application, I agree that my personal data will be collected, processed, and retained by the company solely for the purposes of managing and assessing my candidacy.","Software Development","https://it.linkedin.com/company/smartness-com","https://media.licdn.com/dms/image/v2/D4D0BAQE_8n679JYBtQ/company-logo_100_100/B4DZXWriVxHYAQ-/0/1743063492623/smartness_com_logo?e=2147483647&v=beta&t=CUmYxHnnhiAp6uyZ11o8ueyXS4zXVBVwOfKa_ocVpwI","","","","","","","","","","","","Trapani","linkedin","https://www.linkedin.com/jobs/view/4403962510","","","",90,"80797da9785d40787d08d20a14c542313c267fc4",False,"","Trapani","customer_service_call_center","C",True,False,False,64.0,64.0,0.0,0.0,0.0,0.0,30.0,20.0,0.0,114.0,100.0,"A+","ZONA TRAPANI | crm, b2b","crm, b2b, excel, customer service, help desk, pec, booking","new",""
"li-4416894730","linkedin","https://www.linkedin.com/jobs/view/4416894730","","Esperto contabile","Centro Dentale Corbo","Canicattì, Sicily, Italy","2026-06-01","fulltime","","","","","",False,"entry level","Accounting/Auditing and Finance","","","📌 CENTRO DENTALE CORBO – RICERCA CONTABILE ESPERTO/A Il nostro gruppo è alla ricerca di un/una CONTABILE da inserire stabilmente nel proprio organico, anche con disponibilità Part\\-Time. 🔹 Requisiti richiesti: • Esperienza minima di 5 anni nel settore amministrativo\\-contabile • Capacità di gestire la contabilità completa di più aziende • Esperienza in: * fatturazione attiva e passiva * prima nota * gestione banche * scadenze fiscali * registrazioni contabili * rapporti con commercialista e consulenti * gestione documentazione amministrativa 🔹 Cerchiamo una persona: • precisa e organizzata • autonoma nella gestione del lavoro • seria e affidabile • con capacità di problem solving 📍 Sede di lavoro: Canicattì (AG) 💼 Inserimento immediato con possibilità di crescita professionale. 🕒 Valutiamo sia collaborazioni Full\\-Time che Part\\-Time. 📩 Inviare il proprio curriculum vitae tramite WhatsApp o email.","Wellness and Fitness Services","https://it.linkedin.com/company/clinica-dentale-corbo","https://media.licdn.com/dms/image/v2/D4D0BAQFQBmNhUkKcHA/company-logo_100_100/company-logo_100_100/0/1738582367156/clinica_dentale_corbo_logo?e=2147483647&v=beta&t=01kmQ22_p6yzHNbXqGmrGwLboVsuaXPE9NrwgzFLvY4","","","","","","","","","","","","Sicilia","linkedin","https://www.linkedin.com/jobs/view/4416894730","","","",90,"bcbc51e703fb3d2bf247307a79423c1198beb838",False,"","Sicilia","amministrazione_contabilita","C",False,False,False,68.0,68.0,0.0,20.0,0.0,0.0,15.0,0.0,0.0,103.0,100.0,"A+","contabilità, prima nota","contabilità, prima nota, fatturazione, sap, iva, commercialista, amministrativo","new",""
"li-4421659139","linkedin","https://www.linkedin.com/jobs/view/4421659139","","Agenti immobiliari","CENTURY 21 AZ Immobiliare - Catania","Catania, Sicily, Italy","2026-06-01","fulltime","","","","","",False,"not applicable","","","","**Descrizione del ruolo** Agenti immobiliari CENTURY 21 AZ Immobiliare \\- Catania ricercano una risorsa motivata, con sede di lavoro a Catania, per un ruolo full time in modalità ibrida che prevede parte dell’attività svolta da remoto. La persona selezionata si occuperà quotidianamente di ricerca e acquisizione di nuovi immobili, gestione del portafoglio esistente e aggiornamento costante delle informazioni sugli immobili. Sarà responsabile dell’organizzazione e conduzione delle visite, della raccolta delle esigenze di venditrici e acquirenti e della negoziazione delle condizioni di vendita o locazione. Inoltre, dovrà curare la documentazione necessaria alle trattative, collaborare con i colleghi d’agenzia e mantenere un elevato livello di servizio clienti lungo tutto il processo di compravendita o locazione. **Qualifiche** * Il candidato ideale dovrebbe possedere ottime capacità di comunicazione, ascolto attivo e negoziazione, con forte orientamento al cliente e alle relazioni interpersonali. * È richiesta una buona capacità organizzativa, gestione del tempo, attitudine al lavoro per obiettivi e autonomia nella pianificazione delle attività quotidiane. * Risulta utile una conoscenza di base del mercato immobiliare locale, delle principali tipologie contrattuali e dei passaggi essenziali della compravendita e della locazione. * Gradita familiarità con strumenti digitali, utilizzo di crm, pacchetto Office e canali online per la promozione degli immobili. * Costituiscono titolo preferenziale precedenti esperienze in ruoli commerciali o di vendita, possesso di patente B e disponibilità a spostamenti nel territorio di Catania e provincia.","Real Estate Agents and Brokers","https://it.linkedin.com/company/century-21-azimmobiliare","https://media.licdn.com/dms/image/v2/D4D0BAQEl4wYKgL3Wkw/company-logo_100_100/company-logo_100_100/0/1726650119306?e=2147483647&v=beta&t=KXlno0PsopW6Dzx1lmRNZtmX44oyMQ9-FT3BRs_htxw","","","","","","","","","","","","Sicilia","linkedin","https://www.linkedin.com/jobs/view/4421659139","","","",90,"33070cf20f407e2b47bc0bc16ad66d4f3a6bad2e",False,"","Sicilia","amministrazione_contabilita","C",False,False,False,66.0,66.0,0.0,0.0,0.0,0.0,15.0,20.0,0.0,101.0,100.0,"A+","erp, crm","erp, crm, iva, pacchetto office, servizio clienti, provincia","new",""
"li-4421664599","linkedin","https://www.linkedin.com/jobs/view/4421664599","","Rappresentante vendite servizio clienti","LaRisorsaUmana.it","Catania, Sicily, Italy","2026-06-01","fulltime","","","","","",False,"associate","Sales","","recruiting@larisorsaumana.it","Form\\-app Ente accreditato su tutto il territorio italiano per la Formazione del personale in azienda, ricerca un/a Consulente Commerciale per l’area di Catania Azienda Form\\-app è la Divisione per la Formazione aziendale de la Risorsa Umana Job Center Group, società a capitale e proprietà 100% italiani che da oltre vent’anni offre ad aziende e professionisti consulenze qualificate nell’ambito di Formazione Obbligatoria, Apprendistato e Sicurezza sul lavoro, Formazione Finanziata e a mercato, Finanza Agevolata, Ricerca e Selezione, Somministrazione **.** **Descrizione Posizione Lavorativa** La figura, lavorando in affiancamento all’Area Manager e rispondendo direttamente al Responsabile di Divisione, sarà responsabile di: * sviluppo ed espansione commerciale del territorio di competenza assegnato; * consolidamento del business aziendale; * gestione dei rapporti tra la società e i clienti; * definizione e sviluppo delle strategie commerciali aziendali; * consulenza mirata e personalizzata in ambito della formazione in azienda; * analisi del fabbisogno del cliente e successiva gestione nel soddisfare le relative richieste; . * sviluppo degli obiettivi concordati e relativo raggiungimento KPI. **Requisiti richiesti:** * Spiccate doti relazionali, comunicative e di vendita; * Capacità di sviluppare contatti diretti con potenziali clienti; * Patente di guida B e disponibilità a trasferte; * Conoscenza professionale del pacchetto office; * Interesse per la formazione e la vendita dei servizi; * Diploma o Laurea breve in materie economico/umanistiche. Completano il profilo una forte determinazione al raggiungimento degli obiettivi, ottime capacità organizzative, di pianificazione ed autogestione, flessibilità, precisione, dinamicità e intraprendenza. **Tipologia contratto:** CCNL Studi Professionali (14 mensilità) Ral23/25 K **Orario di lavoro** **Full Time, Lunedì \\- Venerdì ( 9\\-13 / 14\\-18\\) TELELAVORO** Altri vantaggi L’Azienda è strutturata per offrire ai propri dipendenti (dopo 6 mesi di assunzione) un pacchetto di welfare aziendale, che tocca tre aspetti fondamentali: Salute e Benessere; Bilanciamento Vita/Lavoro; Sussidi e Convenzioni Tutte le candidature ricevute saranno esaminate; SOLO quelle che risulteranno in linea con il profilo ricercato, saranno contattate per un incontro conoscitivo. Il presente annuncio è rivolto ad entrambi i sessi, ai sensi delle leggi 903/77 e 125/91 e in conformità alla UNI PdR 125:2022, e a persone di tutte le età e tutte le nazionalità, ai sensi dei decreti legislativi 215/03 e 216/03\\. I candidat\\* interessati possono contattare: LaRisorsaUmana.it srl \\- filiale di Carpi, via Carlo Marx 95 \\- 41012 (Mo) Te l. 059/642217 Email: recruiting@larisorsaumana.it","Professional Training and Coaching and Education","https://it.linkedin.com/company/la-risorsa-umana-it","https://media.licdn.com/dms/image/v2/D4D0BAQECn5-78k537Q/company-logo_100_100/company-logo_100_100/0/1719501561400/la_risorsa_umana_it_logo?e=2147483647&v=beta&t=A1r8WmD--Pwp1rTC0H7efHcnsUtYiIlHw1XE5GV7v04","","","","","","","","","","","","Sicilia","linkedin","https://www.linkedin.com/jobs/view/4421664599","","","",90,"2499d48e3ee431d002ecf2bde9520a25303b60d0",False,"","Sicilia","amministrazione_contabilita","A",False,False,False,36.0,36.0,35.0,0.0,0.0,0.0,15.0,20.0,0.0,106.0,100.0,"A+","iva, pacchetto office","iva, pacchetto office, servizio clienti, apprendistato","new",""
"in-5a19afecb84a651c","indeed","https://selezione.amadori.it/job/view-job.php?id=286-addetto-a-logistica-filiali-casteldaccia&language=it","https://selezione.amadori.it/job/view-job.php?id=286-addetto-a-logistica-filiali-casteldaccia&language=it","Addetto/a logistica filiali","Amadori spa","Casteldaccia, SIC, IT","2026-06-01","fulltime","","","","","",True,"","","","","Siamo alla ricerca di una persona da inserire all'interno della Direzione Logistica e, in particolare, nel team che segue le attività correlate alle filiali commerciali di Casteladaccia (PA), Catania e Trapani. In questo ruolo dovrai occuparti di: * Pianificazione e ottimizzazione dei viaggi effettuati quotidianamente dai camion (ultimo miglio) per consegnare la merce ai clienti; * Gestione delle non conformità secondo procedure aziendali (ad esempio merce schiacciata, resi, consegne effettuate in ritardo); * Gestione delle telefonate per informazioni sulle consegne; * Gestione del parco mezzi fornitori: ricerca di nuovi fornitori, gestione della flotta di trasportatori esistente, gestione documentale; * Calcolo delle prefatture per i costi di trasporto, consuntivazione dei costi dei viaggi; * Interfaccia quotidiano con altre funzioni aziendali coinvolte nelle attività (Amministrazione, Qualità e Sicurezza Alimentare, Vendite). Settore: Produzione Alimentare Ruolo: Logistica/Magazzino Percentuale di occupazione: Full\\-time Tipo di occupazione: Contratto a tempo indeterminato Livello di istruzione: Diploma di Scuola Secondaria Superiore Mezzo di trasporto: Auto Sei la persona che stiamo cercando se: * Diploma di scuola superiore; * Preferibile ma non indispensabile aver maturato qualche anno di esperienza in ruoli di natura logistica e affini; * Interesse e motivazione a crescere nel settore logistico; * Completano il profilo caratteristiche quali: dinamismo, proattività, ottime capacità organizzative e relazionali, flessibilità e attitudine al problem solving; * Buona conoscenza informatica di base (compreso Excel); * Disponibilità ad eventuali brevi trasferte presso altre sedi e filiali del Gruppo; * Disponibilità a gestire in futuro la reperibilità telefonica a rotazione con altri colleghi. Entrando in Amadori, verrai accolto/a da una comunità viva, inclusiva e partecipata. La nostra cultura si basa su **valori autentici** e **guarda al futuro** con attenzione al benessere, alla crescita e al rispetto reciproco. Crediamo nella **valorizzazione delle diversità** e promuoviamo un ambiente in cui ognuno possa esprimere al meglio il proprio potenziale. Per noi, **prendersi cura significa esserci davvero**: ascoltare, sostenere e accompagnare le persone lungo tutto il loro percorso, dentro e fuori dall'azienda. Il nostro modo di prenderci cura di te: * Academy aziendale per learning \\& development; * buoni pasto; * possibilità di effettuare smart working; * piattaforma di servizi dedicati alla genitorialità (centri estivi aziendali); * piattaforma di supporto psicologico; * assicurazione sanitaria integrativa; * convenzioni aziendali. Siamo un luogo di lavoro inclusivo ed attento a garantire pari opportunità senza distinzione di genere, identità di genere, orientamento sessuale, etnia, età, religione e disabilità.","","https://it.indeed.com/cmp/Amadori-Spa","https://d2q79iu7y748jz.cloudfront.net/s/_squarelogo/256x256/f23b6cd4f631696c5a11f4801c2358b6","https://www.amadori.it/amadori/azienda","","201 to 500","","","","","","","","","Palermo","indeed","https://selezione.amadori.it/job/view-job.php?id=286-addetto-a-logistica-filiali-casteldaccia&language=it","","","",80,"edd713c04a0dac1477a50331e5bace447ba9af0a",False,"","Palermo","amministrazione_contabilita","C",False,False,False,56.0,56.0,35.0,0.0,0.0,0.0,20.0,20.0,0.0,131.0,100.0,"A+","logistica, iva","logistica, iva, amministrazione, excel, addetto, tempo indeterminato","new",""
"in-39ab185b1582f959","indeed","http://it.indeed.com/job/web-editor-articolista-eo-content-creator-39ab185b1582f959","http://it.indeed.com/job/web-editor-articolista-eo-content-creator-39ab185b1582f959","Web Editor, Articolista e/o Content Creator","Criluge srls","Catania, SIC, IT","2026-06-01","parttime, fulltime","","","","","",True,"","","","segreteriatelefoniatech@gmail.com","Ti piace scrivere? Ti piace la Telefonia? Ti piace il mondo della tecnologia? Vuoi mettere a frutto la tua passione? Progetto Editoriale ricerca Articolista e/o Web Editor da inserire nel proprio organico. Il candidato prescelto si occuperà dell'organizzazione e della stesura di articoli nell'ambito della tecnologia, in particolare sul mondo della telefonia. Requisiti: \\- È fondamentale avere dimestichezza nell'uso del computer e conoscenza della piattaforma Wordpress; \\- Buona conoscenza della lingua italiana e inglese, compresa la terminologia tecnica; \\- Capacità di ascolto, analisi, sintesi, buona autonomia decisionale e una spiccata propensione al lavoro di gruppo; \\- Impegno costante; \\- Ottime doti relazionali e comunicative, precisione, accuratezza, flessibilità, capacità organizzative e orientamento al risultato ne completano il profilo. Lettura quotidiana di notizie per essere sempre informato; Lavoro retribuito e possibilità di crescita professionale. Prevalentemente in Smart Working. Necessaria la residenza a Catania e hinterland. Sei interessato/a? Oltre al Curriculum Vitae completo di autorizzazione al trattamento dei dati personali, è necessario inviare via email a segreteriatelefoniatech@gmail.com anche un articolo di prova su un argomento a piacere riguardante il mondo delle telecomunicazioni o della tecnologia, senza requisiti minimi di lunghezza. Questo testo sarà utilizzato esclusivamente per la selezione. Contratto di lavoro: Tempo pieno, Part\\-time, Collaborazione Retribuzione: €506,70 \\- €1\\.240,00 al mese Benefit: * Supporto allo sviluppo professionale Lingua: * Italiano (Obbligatorio) Sede di lavoro: Ibrido/da remoto (95128 Catania)","","https://it.indeed.com/cmp/Criluge-Srls-1","","https://www.criluge.it","","2 to 10","","","","","","","","","Sicilia","indeed","http://it.indeed.com/job/web-editor-articolista-eo-content-creator-39ab185b1582f959","","","",80,"ef6e52fc10018945c002a1c476a913e2e3a4588e",False,"","Sicilia","amministrazione_contabilita","C",True,False,False,58.0,58.0,0.0,20.0,0.0,0.0,15.0,20.0,0.0,133.0,100.0,"A+","WordPress/E-comm | iva, segreteria","iva, segreteria, wordpress, word, content creator","new",""
"in-b612911a295371b0","indeed","https://joblink.allibo.com/ats3/job-offer.aspx?DM=1822&ID=106495&LN=IT&SG=3&FT=10&MD=1","https://joblink.allibo.com/ats3/job-offer.aspx?DM=1822&ID=106495&LN=IT&SG=3&FT=10&MD=1","FACILITY SPECIALIST - SERVIZI TECNICI & PROJECT MANAGEMENT","gifrab italia spa","Palermo, SIC, IT","2026-06-01","","","","","","",False,"","","","","Gifrab Italia SpA, storica Azienda leader nel settore Fashion Retail, ricerca un/una: FACILITY SPECIALIST \\- **SERVIZI TECNICI \\& PROJECT MANAGEMENT:** Gifrab Italia SpA, storica Azienda leader nel settore Fashion Retail, ricerca un/una Facility Specialist da inserire nel suo ufficio tecnico. MISSION La figura ricercata proviene da realtà strutturate, possiede ottime skills tecnico\\-professionali e comprovate competenze nella gestione dei servizi di facility e di un ufficio tecnico e project management di una azienda retail. Gestirà le attività legate ai Servizi Tecnici, Facility e Project Management, di concerto con il Responsabile della funzione. **Nello specifico si occuperà di:** Partecipare al processo di sviluppo fisico dell'azienda e delle attività di migliorie tecniche e manutentive dei punti vendita e degli uffici anche in un'ottica di ottimizzazione dei costi. Organizzare le attività di manutenzione ordinaria e straordinaria secondo criteri di efficacia ed efficienza e nel pieno rispetto dei tempi e dei budget. Curare la definizione e la verifica del rispetto delle procedure tecniche per garantire la sicurezza di negozi e uffici. Gestire la corretta archiviazione della documentazione tecnica e tenere aggiornati i dati tecnici aziendali. Provvedere al funzionamento ottimale dei locali aziendali, degli impianti, delle attrezzature di punto vendita, assicurando la loro sicurezza, efficacia ed efficienza. Gestire i rapporti con i fornitori coinvolti, monitoraggio, per dettagli tecnici, preventivi, approvazione materiali, prototipia, approvazione pacchetto disegni costruttivi, installazione e quanto necessario ad una perfetta esecuzione. Gestire i rapporti con i manutentori esterni ed i fornitori per le utenze e i relativi contratti, nonché i manutentori interni. Collaborare con il Responsabile della Sicurezza D. Lgs. 81/08 per tutti gli aspetti tecnici, curando gli interventi su segnalazione dello stesso per tali argomenti. Supportare la gestione del piano per i punti vendita di nuova apertura, restyling, refitting, con la responsabilità della realizzazione dell'opera e coordinando le attività di progettazione, autorizzative, tecniche ed economiche. Coadiuvare le attività di ""direzione dei lavori"", partecipando al controllo dei lavori, al coordinamento delle attività del cantiere, al rispetto delle norme di prevenzione e sicurezza lavori ed alla tenuta della contabilità relativa alle lavorazioni effettuate. Collaborare allo sviluppo di proposte di layout e rendering per i progetti assegnati, anche in collaborazione con lo studio di architettura esterno. Organizzare i flussi e i processi per progetti in corso, al fine di strutturare un sistema di gestione dei progetti quanto più efficiente. Fare rispettare le procedure tecniche per garantire la sicurezza dei negozi e degli uffici. Coadiuvare la gestione dei servizi di facility tra i quali i servizi di pulizia e smaltimento rifiuti, il parco auto, la security, ecc… **Sono richiesti:** Almeno 2/5 anni di esperienza, a seconda della tipologia della stessa e del background formativo, in analoga posizione in una azienda strutturata preferibilmente del retail o GDO. Diploma di scuola secondaria di secondo grado (preferibilmente conseguito presso istituto tecnico industriale), sarà considerato requisito preferenziale la laurea ad indirizzo tecnico (preferibilmente in Ingegneria). Piena padronanza nell'organizzazione e gestione dei servizi tecnici in azienda. Ottime conoscenze e competenze nella organizzazione e gestione delle attività di manutenzione, di direzione lavori e nei sistemi di gestione della sicurezza in azienda e sul lavoro. Ottime conoscenze e competenze nell'ambito delle normative di riferimento, della direzione di cantiere, dei capitolati di appalto, dei computi metrici, delle valutazioni tecnico/economiche. Ottime conoscenze e competenze in ambito tecnico, elettrico, meccanico, edile, fitting e nella progettazione. Ottime conoscenze e competenze nell’utilizzo degli strumenti e nelle logiche di Project Management. Ottima conoscenza e piena padronanza degli strumenti informatici, degli applicativi Office, software di progettazione/CAD, modellazione 3D, rendering e software gestionali. Buona conoscenza dell’Inglese tecnico. Il candidato ideale è caratterizzato, oltre che da un interesse per il mondo del fashion, da ottime capacità comunicative e relazionali, gestionali ed organizzative, pianificazione, analisi e problem solving, orientamento al cliente interno, creatività e senso estetico, flessibilità, precisione e attenzione al dettaglio, orientamento al risultato, autonomia, capacità di tollerare lo stress ed attitudine ad operare in contesti demanding ed in situazioni complesse. Domicilio nella provincia di Palermo. E’ richiesta disponibilità agli spostamenti/trasferte.","","https://it.indeed.com/cmp/Gifrab-Italia-Spa","https://d2q79iu7y748jz.cloudfront.net/s/_squarelogo/256x256/c2977dbd6c946102cc06eee5e80d228a","http://www.gifrab.it/","Palermo","","","","","","","","","","Trapani","indeed","https://joblink.allibo.com/ats3/job-offer.aspx?DM=1822&ID=106495&LN=IT&SG=3&FT=10&MD=1","","","",80,"883ced784007b3bd33ec5338ce243ffdb005a472",False,"","Trapani","amministrazione_contabilita","C",True,False,False,60.0,60.0,35.0,20.0,0.0,0.0,30.0,0.0,0.0,145.0,100.0,"A+","ZONA TRAPANI | contabilità, gestionali","contabilità, gestionali, iva, archiviazione, pec, provincia","new",""
"in-c93d9ea7137b743c","indeed","http://it.indeed.com/job/social-media-manager-e-content-creator-c93d9ea7137b743c","http://it.indeed.com/job/social-media-manager-e-content-creator-c93d9ea7137b743c","Social Media Manager e Content Creator","MR creative solutions","Furnari, SIC, IT","2026-06-01","parttime, internship","","","","","",True,"","","","","Ciao! Sono una social media manager, web designer ed event planner in fase di espansione del mio progetto creativo. Sto cercando una collaboratrice/un collaboratore junior (anche prima esperienza) interessata al mondo: * social media * eventi * organizzazione creativa * content creation Cerco una persona curiosa, affidabile e con voglia di imparare sul campo attraverso esperienze reali con clienti ed eventi. La collaborazione inizialmente sarà part\\-time/flessibile per poche ore a settimana, compatibile anche con studio universitario o altri impegni. Attività possibili: * supporto gestione social * creazione contenuti * brainstorming creativo * organizzazione eventi * supporto operativo durante eventi * Ricerca clienti Offro: * esperienza pratica concreta * possibilità di crescita * ambiente creativo e dinamico * formazione sul campo * compenso proporzionato alle ore/collaborazioni * Possibilità di guadagni extra * Smart working Requisiti **FONDAMENTALI**: * Utilizzo avanzato di computer e cellulare (ambito lavorativo) * Disponibilità ad orari flessibili * Possibilità di spostarsi nelle zone limitrofe per shooting/contenuti esterni * Proprietà di linguaggio avanzata (per colloqui con clienti) Per favore, se non hai uno di questi requisiti o se cerchi solo un lavoro per “fare qualcosa”, non inviare alcun curriculum. Cerco qualcuno che mi aiuti a far crescere il mio progetto, quindi qualcuno realmente interessato ad entrare in questo settore e crescere professionalmente. Se invece pensi che questo annuncio faccia per te, raccontami qualcosa di te e dei tuoi interessi Retribuzione: €490,38 \\- €1\\.874,76 al mese Benefit: * Lavoro da casa * Orario flessibile Sede di lavoro: Di persona","","https://it.indeed.com/cmp/Mr-Creative-Solutions","","","","","","","","","","","","","Sicilia","indeed","http://it.indeed.com/job/social-media-manager-e-content-creator-c93d9ea7137b743c","","","",80,"a815ea64795026da163e6f5d7cca5da0c9048a33",False,"","Sicilia","amministrazione_contabilita","C",False,False,False,35.0,35.0,30.0,0.0,0.0,0.0,15.0,20.0,0.0,100.0,100.0,"A+","iva, social media","iva, social media, content creator","new",""
"li-4418330411","linkedin","https://www.linkedin.com/jobs/view/4418330411","","Accounting & Financial Specialist (Settore Travel/Experiences)","Sicilying","","2026-05-30","parttime","","","","","",False,"entry level","Accounting/Auditing and Finance","","","**Descrizione dell'azienda:** Sicilying è una realtà digitale in rapida crescita, fondata nel 2012 e specializzata in servizi turistici di alta qualità in Sicilia. Sicilying è il punto di riferimento per l'eccellenza del turismo esperienziale in Sicilia. Connettiamo viaggiatori da tutto il mondo con le migliori realtà locali, operando sia nel mercato B2C (Sicilying.com) che B2B/DMC (SicilyDMC), oltre a gestire una galassia di servizi verticali (Originals e Accessicily). Siamo una realtà dinamica che unisce la passione per la nostra terra all'innovazione tecnologica. **Descrizione del ruolo:** Accounting \\& Financial Specialist (Settore Travel/Experiences) entrerà a far parte del team amministrazione e finanza di Sicilying, con sede di lavoro a Catania. La persona si occuperà quotidianamente della registrazione delle operazioni contabili, della gestione delle prima nota e delle scritture di assestamento, del controllo e riconciliazione dei conti e del supporto alla predisposizione di bilanci e reportistica gestionale. Il ruolo prevede il monitoraggio dei flussi di cassa, la verifica dei pagamenti e degli incassi, il coordinamento con il team operativo per la corretta fatturazione di servizi ed esperienze e il confronto con consulenti esterni (commercialista, revisore, ecc.) quando necessario. L’accounting \\& financial specialist collaborerà con le altre funzioni aziendali per analizzare dati economico\\-finanziari, contribuire alla definizione del budget e individuare eventuali scostamenti, proponendo soluzioni migliorative. Sono richieste precisione, orientamento ai risultati e capacità di lavorare in un contesto digitale e dinamico del settore travel/experiences. **Responsabilità principali** : * **Contabilità generale di primo livello** : Gestione del ciclo attivo e passivo e redazione della prima nota. Riconciliazione mensile dei conti. * **Monitoraggio pagamenti Partner e Rivenditori:** Verifica e riconciliazione mensile delle rendicontazioni sia delle collaborazioni (es: OTA che rivendono le attività aziendali) che dei partner esterni fornitori di esperienze, con relativo controllo dei pagamenti ricevuti/da fare in base al venduto. * **Monitoraggio Rimborsi:** Verifica e approvazione dei rimborsi ai clienti. * **Gestione finanziaria e tesoreria** : Controllo e monitoraggio dei flussi di cassa, supervisione del bilancio, gestione degli investimenti, dei finanziamenti e della liquidità aziendale. * **Relazioni esterne** : Gestione dei rapporti e risoluzione di eventuali problematiche o controversie con istituti bancari, debitori e creditori. **Qualifiche:** * Esperienza pregressa di almeno 2\\-4 anni in ruoli amministrativo\\-contabili, preferibilmente in contesti dinamici, e\\-commerce, marketplace o nel **settore turistico/Travel** (la familiarità con i modelli di business delle OTA è considerata un forte plus). * Ottima conoscenza dei principali gestionali contabili (es: fatture in cloud) e padronanza avanzata di **Microsoft Excel** e **Google Data Studio** (fondamentale per le attività di riconciliazione dati). * Solide competenze contabili, con esperienza nella gestione di financial statements e nella redazione e controllo di journal entries (accounting). * Ottima familiarità con accounting software e sistemi gestionali, preferibilmente in contesti digitali o e\\-commerce. * Buone conoscenze di finance, gestione dei flussi di cassa, budgeting e supporto alla pianificazione economico\\-finanziaria. * Forte attitudine alla precisione, capacità analitica e doti di problem solving nella gestione delle relazioni esterne (banche e fornitori). * Capacità di lavorare in team e di gestire scadenze periodiche con precisione. **Cosa Offriamo:** * Contratto di inserimento commisurato all'effettiva esperienza del candidato (part\\-time o full\\-time) con eventuale trasformazione a indeterminato * Ambiente di lavoro dinamico, stimolante e in forte crescita. * RAL base (full time) 22K €/anno con possibilità di arrivare fino a 35 K €/anno con premi e benefit. ***Se hai precisione da vendere, ti appassiona il mondo dei numeri e vuoi entrare a far parte di una realtà in crescita, inviaci il tuo CV!***","Travel Arrangements","https://it.linkedin.com/company/sicilying","https://media.licdn.com/dms/image/v2/C4D0BAQEqKA6fDtvSYA/company-logo_100_100/company-logo_100_100/0/1677509358667/sicilying_logo?e=2147483647&v=beta&t=TAziUHd0i4Aziwzlqer7mIeEn8CeL_6agiQDpr5FRo0","","","","","","","","","","","","Sicilia","linkedin","https://www.linkedin.com/jobs/view/4418330411","","","",90,"b2ba771ba1c84c4b06ce396d8fdea13266516b74",False,"","Sicilia","amministrazione_contabilita","C",False,False,False,89.0,89.0,10.0,20.0,0.0,0.0,15.0,0.0,0.0,134.0,100.0,"A+","contabilità, prima nota","contabilità, prima nota, fatturazione, gestionali, bilancio, iva, commercialista, b2b","new",""
"li-4411878535","linkedin","https://www.linkedin.com/jobs/view/4411878535","","Junior Data Engineer - Mobile Apps","MAU","","2026-05-30","fulltime","","","","","",True,"mid-senior level","Analyst","","protecciondedatos@LeadTech.com","We are looking for a **Junior Data Engineer** to design, develop, and optimize our data infrastructure on Databricks. You will be involved in architecting pipelines using BigQuery, Google Cloud Storage, Apache Airflow, dbt, Dataflow, and Pub/Sub, ensuring high availability and performance across our ETL/ELT processes. A successful candidate has knowledge of cloud\\-native data solutions, experience with ETL/ELT frameworks, and a passion for building robust, cost\\-effective pipelines. **Key Responsibilities** **Data Architecture** * Support the development and maintenance of our data platform on GCP, including data warehousing in BigQuery/Databricks and data lake storage in Google Cloud Storage * Help organize data into clear layers and domain\\-focused Data Marts for analytics and reporting * Assist with Terraform\\-based Infrastructure as Code to provision and manage cloud resources in a consistent way * Contribute to batch and near real\\-time data workflows with a focus on reliability, scalability, and cost awareness **Pipeline Development \\& Orchestration** * Build, maintain, and improve ETL/ELT pipelines under guidance using Apache Airflow for workflow orchestration * Develop and maintain dbt transformations to create clean, version\\-controlled data models in BigQuery * Support data ingestion and processing using tools such as Google Dataflow, Apache Beam, or Pub/Sub where needed * Monitor scheduled jobs, troubleshoot failures, and help ensure data is delivered on time for analytics and reporting **Data Quality, Governance \\& Security** * Help implement and maintain data quality checks using Great Expectations, dbt tests, or similar tools * Support documentation of datasets, metadata, lineage, and audit processes * Follow security best practices, including IAM, encryption, and secure handling of sensitive data * Assist in maintaining compliance with data privacy and governance requirements such as GDPR or CCPA **Scientists \\& Analytics Enablement** * Partner with Analytics, Product, and Data Science teams to provide reliable datasets for dashboards, reporting, and experimentation * Help maintain Data Marts that support key business domains and stakeholder needs * Support data availability and accessibility for analytics and machine learning use cases * Learn from senior team members and grow into owning larger parts of the data platform over time **Requirements** **Experience** * 1\\+ year of experience in data engineering or a related data role * Exposure to mobile, product, or marketing data is a plus **Technical Expertise with GCP Stack** * Basic hands\\-on experience with GCP services such as BigQuery and Google Cloud Storage * Familiarity with Apache Airflow for scheduling and orchestrating data workflows * Some experience with dbt or similar transformation tools * Exposure to Pub/Sub, Dataflow, or other batch/streaming tools is a plus * Understanding of Data Mart concepts and interest in Infrastructure as Code tools such as Terraform **Programming \\& Containerization** * Good coding skills in Python; Java or Scala is a plus * Ability to write scripts for automation and data processing tasks * Familiarity with Docker and basic container concepts * Exposure to CI/CD and version control workflows such as GitHub Actions, GitLab CI, Jenkins, or similar **Data Quality \\& Governance** * Understanding of data quality principles and experience with dbt tests, Great Expectations, or similar tools is a plus * Basic knowledge of data governance concepts such as lineage, metadata, and access control * Awareness of privacy and compliance principles such as GDPR is a plus * General understanding of OLTP and OLAP systems. **Communication** * Clear communication skills and willingness to work closely with technical and non\\-technical stakeholders * Organized, proactive, and eager to learn * Strong problem\\-solving mindset and attention to detail **Preferred Skills** * Interest in machine learning workflows and exposure to tools such as Vertex AI or similar ML platforms * Familiarity with monitoring and observability tools such as Prometheus, Grafana, Datadog, or New Relic * Basic awareness of security and compliance best practices * Exposure to real\\-time or streaming data tools such as Kafka, Spark Streaming, or similar technologies is a plus * Relevant cloud or data certifications, especially GCP certifications, are a plus. * Experience in working with different LLM and automations **Benefits** **Why should you join us?** Growth and career development * At Leadtech, we prioritize your growth. Enjoy a flexible career path with personalized internal training and an annual budget for external learning opportunities Work\\-Life balance * Benefit from a flexible start and end times and the option of working full remote or from our Barcelona office. Enjoy free Friday afternoons with a 7\\-hour workday, plus a 35\\-hour workweek in July and August so you can savor summer! Comprehensive benefits * Competitive salary, full\\-time permanent contract, and top\\-tier private health insurance (including dental and psychological services) * 25 days of vacation plus your birthday off, with flexible vacation options—no blackout days! Unique Perks * If you wish to come, in our office in Barcelona you'll find it coplete with free coffee, fresh fruit, snacks, a game room, and a rooftop terrace with stunning Mediterranean views * Additional benefits include ticket restaurant and nursery vouchers, paid directly from your gross salary Join us in an environment where you're free to innovate, learn, and grow alongside passionate professionals. At Leadtech, you'll tackle exciting challenges and be part of a vibrant team dedicated to delivering exceptional user experiences **Equal Employment Opportunity Employer:** Leadtech is an Equal Employment Opportunity (EEO) Employer, which means we encourage applications from people with different backgrounds, interests, and personal circumstances. Our team welcomes applicants regardless of their race, gender, age, religion, nationality, sexual orientation, and/or disabilities. All we need is your high energy, skills, and willingness to be a part of a great project! **Location** You'll have the flexibility to choose whether you'd like to come to the office every day, from time to time, or work fully remote. We want you to find the best combination for you. If you prefer to be surrounded with amazing people, our exceptional office is in Barcelona's Blue Building, located right on the city's seafront. Besides our stunning views, you'll enjoy our office perks such as free fruit, snacks, and coffee and you'll also be able to take part in our Mario Kart and table tennis competitions. *The personal data you provide will be processed in order to manage your candidacy for the corporate selection processes that fit your profile. If you wish, you can exercise your rights of access, rectification or cancellation by writing to our address (Avenida Litoral, 12\\-14, 5ta planta. Barcelona. 08005\\) or to the email address protecciondedatos@LeadTech.com, attaching to your request a document that can validate your identity.*","IT Services and IT Consulting","https://es.linkedin.com/company/mau-hub","https://media.licdn.com/dms/image/v2/D4E0BAQFwhVst03Ar5A/company-logo_100_100/B4EZ0K2zFyGQAQ-/0/1774003630788/mau_hub_logo?e=2147483647&v=beta&t=uce43deZp4QO2Ef2AJyvjf3ikDsPbuYZLZsTQfnEXnU","","","","","","","","","","","","Trapani","linkedin","https://www.linkedin.com/jobs/view/4411878535","","","",90,"4f7a59dd8e38844911656a202db182d8b6c513f5",False,"","Trapani","amministrazione_contabilita","B",False,False,False,20.0,20.0,30.0,0.0,0.0,0.0,30.0,20.0,0.0,100.0,100.0,"A+","ZONA TRAPANI | iva, pec","iva, pec","new",""
"li-4414804123","linkedin","https://www.linkedin.com/jobs/view/4414804123","","Digital Product & Partner Experience Manager (Senior)","Sicilying","Catania, Sicily, Italy","2026-05-29","fulltime","","","","","",False,"mid-senior level","Business Development and Sales","","","**Descrizione dell'azienda:** Sicilying è una realtà digitale in rapida crescita, fondata nel 2012 e specializzata in servizi turistici di alta qualità in Sicilia. **Sicilying** è il punto di riferimento per l'eccellenza del turismo esperienziale in Sicilia. Connettiamo viaggiatori da tutto il mondo con le migliori realtà locali, operando sia nel mercato B2C (Sicilying.com) che B2B/DMC (SicilyDMC), oltre a gestire una galassia di servizi verticali (Originals e Accessicily). Siamo una realtà dinamica che unisce la passione per la nostra terra all'innovazione tecnologica. **Descrizione del ruolo** : Per supportare la nostra crescita, siamo alla ricerca di un/a **Digital Product \\& Partner Experience Manager** . È una figura chiave e trasversale, dotata di visione strategica e forti competenze digitali, che farà da ponte tra la gestione dei partner, la creazione del prodotto turistico e l'evoluzione tecnologica delle nostre piattaforme. Se hai esperienza nel mondo del turismo digitale, una forte propensione all'innovazione e una mente analitica, questa è l'opportunità per lasciare il segno nell'ecosistema turistico siciliano. In questo ruolo a tempo pieno, ti occuperai di ottimizzare l’esperienza del prodotto digitale e di gestire partnership strategiche. Sarai responsabile della creazione, gestione e supervisione di progetti legati all’ottimizzazione della piattaforma e\\-commerce, migliorando il servizio clienti e l’esperienza complessiva. Lavorerai anche a stretto contatto con operatori locali per sviluppare offerte turistiche innovative, garantendo al contempo la massima qualità per gli utenti finali. **Responsabilità e mansioni principali:** * Essere il punto di contatto strategico tra Sicilying e i partner/fornitori di esperienze turistiche. * Massimizzare la qualità, la redditività e la disponibilità del portfolio di esperienze. * Garantire l'eccellenza dell'offerta di Sicilying e contribuire attivamente alla crescita del business sui diversi canali (online, DMC e altri canali commerciali). * Creare, ottimizzare e curare tutti i contenuti sui siti aziendali e sulle piattaforme OTA esterne * Monitorare costantemente la customer experience e i risultati di vendita su ognuno dei canali attivi. * Definire e coordinare gli sviluppi software dei siti web aziendali in collaborazione con i consulenti e sviluppatori esterni, garantendo il rispetto dei tempi di rilascio. * Fare attività di scouting e ricerca per individuare le tecnologie e i tool più innovativi utili all'azienda. * Definire ed eseguire strategie per il miglioramento del posizionamento organico (SEO) nei motori di ricerca di tutti i portali del gruppo. * Monitorare costantemente il traffico web, gli accessi ai siti e le relative performance di conversione attraverso strumenti di analytics. **Qualifiche:** * **Esperienza** : Minimo 3\\-5 anni di esperienza nel settore del Travel Digital, preferibilmente presso OTA, DMC digitali, tour operator innovativi o agenzie di digital marketing applicato al turismo. * **Competenze Relazionali e Commerciali:** Ottime doti comunicative e di negoziazione per la gestione dei partner locali. * **Competenze Digital \\& Content:** Consolidata esperienza nella gestione di CMS (es. WordPress o proprietari) e nell'ottimizzazione di schede prodotto su OTA internazionali. * **Data driven:** è richiesta una forte capacità di analisi e abilità nell'uso di dati per guidare decisioni strategiche e ottimizzare processi. * **Technical \\& Project Management:** Capacità di interfacciarsi con sviluppatori web, comprendere le logiche di programmazione/integrazione API e gestire scadenze (Project Management). * **SEO \\& Data Driven Mindset:** Ottima conoscenza delle tecniche SEO (on\\-page e off\\-page) e familiarità con strumenti come Google Analytics, Google Search Console e SEO tool (Semrush, SEOzoom o simili). * **Innovazione:** Forte curiosità verso le nuove tecnologie (AI applicata al turismo, automazioni, tool di produttività). * **Lingue:** Ottima conoscenza della lingua italiana e della lingua inglese (la conoscenza di una seconda lingua straniera sarà considerata un plus). Costituiscono titolo preferenziale la conoscenza del settore turistico, competenze strategiche di negoziazione e attitudine all'innovazione tecnologica. **Cosa Offriamo:** * Contratto di inserimento commisurato all'effettiva esperienza del candidato (full\\-time) con eventuale trasformazione a indeterminato * Ambiente di lavoro dinamico, stimolante e in forte crescita. * RAL base (full time) 22K €/anno con possibilità di arrivare fino a 35K €/anno con premi e benefit. ***Se hai precisione ed esperienza da vendere, ti appassiona il mondo della tecnologia e vuoi entrare a far parte di una realtà in crescita, inviaci il tuo CV!***","Travel Arrangements","https://it.linkedin.com/company/sicilying","https://media.licdn.com/dms/image/v2/C4D0BAQEqKA6fDtvSYA/company-logo_100_100/company-logo_100_100/0/1677509358667/sicilying_logo?e=2147483647&v=beta&t=TAziUHd0i4Aziwzlqer7mIeEn8CeL_6agiQDpr5FRo0","","","","","","","","","","","","Sicilia","linkedin","https://www.linkedin.com/jobs/view/4414804123","","","",90,"71555d74a3414a9e8d71fab5a50ca4b7f35ab0b0",False,"","Sicilia","amministrazione_contabilita","C",True,False,False,81.0,81.0,0.0,0.0,0.0,0.0,15.0,0.0,0.0,116.0,100.0,"A+","WordPress/E-comm | iva, wordpress","iva, wordpress, seo, b2b, b2c, word, servizio clienti, pec","new",""
"li-4421120042","linkedin","https://www.linkedin.com/jobs/view/4421120042","","Tirocinio Junior Organizzatore di esperienze nel turismo da remoto","Oj Eventi","","","other","","","","","",False,"internship","Management and Manufacturing","","","OJ eventi è una realtà che si occupa di **marketing turistico** attraverso un team specializzato che promuove tour ed esperienze adatte a tutti in ben 32 città italiane con l’intento di valorizzare il territorio e il made in Italy. Al tirocinante verrà richiesto di sviluppare il marketing B2B in ambito turistico creando relazioni telefonicamente con aziende del settore, con l’obiettivo di coinvolgerle nella nostra attività come partner; Pianificherà pacchetti viaggio ed esperienze in base alla stagione, svolgerà delle operazioni di data entry e aggiornamento database in merito ad aziende che offrono esperienze; invierà mail e ne gestirà l’interazione tramite videochiamate o telefonate.. Si richiede * Studi nel marketing e settore delle vendite. * Spiccate doti organizzative e passione nel turismo. * Forte senso di responsabilità ed indubbia puntualità. * Ottima padronanza della lingua italiana sia parlata che scritta e predisposizione alla comunicazione. * Forte motivazione. * Buona dialettica telefonica Si offre: * La possibilità di entrare a far parte di un team dinamico che opera da remoto; * 1 Tutor che ti affiancherà durante il percorso formativo iniziale e che monitorerà il lavoro svolto durante il periodo stabilito; * Nessun costo per il percorso formativo * Retribuzione: non è retribuito * Un ambiente nel quale crescere attraverso il confronto diretto. * Braimstorming e momenti di formazione sul marketing turistico * Verrà rilasciato un certificato che attesta le competenze acquisite e la valutazione finale del percorso da parte del responsabile . * Se la figura desidererà proseguire il percorso di 4 mesi si avvierà un percorso specifico per portarlo ad aumentare le sue skills ed arricchire il suo curriculum in modo da essere più appetibile nel mercato. * Al termine del percorso, qualora ci fosse un incremento di fatturato dell’organizzazione, la figura potrà essere tenuta in considerazione per un inserimento con un contratto a progetto part time. Nel caso in cui non dovessero esserci opportunità di inserimento stabile nel team ma la risorsa volesse rimanere comunque nella nostra realtà, si potrà valutare la possibilità di commissionare i lavori dei nostri clienti . Conclusa l’esperienza, nel caso in cui entriate a far parte del Team per uno stage universitario, il responsabile provvederà a dare all’istituto di provenienza un feedback sul raggiungimento degli obiettivi prefissati. Lavoro da svolgere full time o part time, ideale per chi vuole entrare nel mondo del lavoro e del marketing turistico. Sono Richieste minime 3/4 ore al giorno. Si richiede disponibilità immediata e dopo aver inviato la candidatura si svolgerà un colloquio google meet e un test per la selezione. Buona Fortuna! ???","Marketing Services","https://it.linkedin.com/company/oj-eventi","https://media.licdn.com/dms/image/v2/C4D0BAQGpjAH1Tl5BqQ/company-logo_100_100/company-logo_100_100/0/1677134891393/oj_eventi_logo?e=2147483647&v=beta&t=QmYX25GmERHvL_QNuVktiGGvFZiTzqaFHmCveA7KDbk","","","","","","","","","","","","Trapani","linkedin","https://www.linkedin.com/jobs/view/4421120042","","","",90,"8d2b2b45eb3c7ccc87eb1c42bff65bd88857d08f",False,"","Trapani","amministrazione_contabilita","C",False,False,False,53.0,53.0,30.0,0.0,0.0,0.0,30.0,30.0,0.0,143.0,100.0,"A+","ZONA TRAPANI | iva, b2b","iva, b2b, data entry, pec, tirocinio, stage","new",""
"li-4421139777","linkedin","https://www.linkedin.com/jobs/view/4421139777","","Consulente del credito","Banca Più","Palermo, Sicily, Italy","","fulltime","","","","","",False,"entry level","Finance and Sales","","","Banca Più nasce dall’evoluzione di Banca Privata Leasing, fondata a Reggio Emilia nel 1987 e da sempre attiva nel credito specializzato e nel leasing per imprese e privati. ADV Family è l’agente in attività finanziaria del gruppo, collegato ad ADV Finance, società finanziaria appartenente al Gruppo Bancario Banca Più S.p.A. ADV Family è alla ricerca di collaboratori OAM, da inserire in qualità di Consulente del Credito, all'interno del negozio finanziario di Palermo. La selezione è rivolta a profili junior, da inserire tramite un training intensivo sul prodotto, e senior, con una maturata esperienza nel settore creditizio o assicurativo. Il profilo ideale ha: · ottime capacità relazionali e comunicative; · iscrizione OAM e/o RUI o ha intenzione di attivarsi in tal senso; · orientamento al raggiungimento degli obiettivi ed al lavoro di gruppo; · dimestichezza nell’utilizzo di CRM; · volontà di mettersi in gioco entrando a far parte di un progetto innovativo in una realtà giovane, dinamica ed in forte crescita. Requisiti: · diploma (requisito minimale) e/o Laurea; · disponibilità a lavorare anche in presenza; Cosa offriamo: · rapporto di lavoro autonomo (P.Iva) come collaboratore; · copertura dei costi di start up circa l’apertura della P.IVA; · contributo fisso mensile, oltre a provvigioni su ogni pratica liquidata e premi al raggiungimento di obiettivi; · formazione specifica volta al superamento della prova valutativa OAM ed IVASS; · assegnazione quotidiana di lead altamente profilati per la cessione del quinto generati da campagne di web marketing; · back office commerciale a supporto della gestione completa delle pratiche, dall’istruttoria fino alla liquidazione del finanziamento; Sede: Palermo.","Banking","https://it.linkedin.com/company/banca-piu","https://media.licdn.com/dms/image/v2/D4D0BAQFry7u7JQnsyA/company-logo_100_100/B4DZ1rxG9pKwAQ-/0/1775629529304/banca_piu_logo?e=2147483647&v=beta&t=9tvTBS4DNIWLKB7xWxfI_qQjmpF1daWQDCI5lXpZ7pA","","","","","","","","","","","","Palermo","linkedin","https://www.linkedin.com/jobs/view/4421139777","","","",90,"7d40221589331bfb224f6c2adf67f2d46659536b",False,"","Palermo","amministrazione_contabilita","C",False,False,False,65.0,65.0,45.0,0.0,0.0,0.0,10.0,0.0,0.0,120.0,100.0,"A+","back office, crm","back office, crm, iva, web marketing, pec","new",""
"li-4422977416","linkedin","https://www.linkedin.com/jobs/view/4422977416","","Contabile junior (Accounting, Tax, Compliance, Finance)","Joinrs","","","fulltime","","","","","",True,"entry level","Accounting/Auditing","","","Stiamo cercando **profili junior** , **studenti** e **laureati** in **Economia, Amministrazione, Giurisprudenza, Scienze Politiche, Discipline Umanistiche** o affini che vogliano entrare (o crescere) nel mondo della finanza aziendale e della gestione amministrativa. Su Joinrs in questo momento trovi diverse posizioni attive in realtà d’eccellenza come: * **Tax/Accounting Trainee** * **Junior Compliance** * **Accounting Internship** * **Stage Contabilità Fornitori** * **Junior Back Office Amministrativo** * **Impiegato contabile** * **Impiegato amministrativo/contabile** * **Junior Contabile Amministrativo** * **Junior Administrative \\& Accounting Assistant** * **Junior Finance \\& Accounting Analyst** * **Junior Tax Assistant** * **Junior Payroll Specialist** * **Junior Cost Accountant** * **Junior Reporting Accountant** * **Junior Accounting Consultant** * **Junior Audit Assistant** **... e oltre 2\\.000 altre posizioni di stage, graduate program, entry level e junior!** Clicca sul pulsante Candidati per accedere a Joinrs! **Perché usare Joinrs** * Su Joinrs non trovi solo annunci, ma un sistema che ti aiuta davvero a farti assumere: * Matching automatico tra il tuo profilo e le aziende * CV e profilo ottimizzati per i recruiter * Accesso a ruoli che spesso non sono pubblici * Focus totale su junior, graduate e early\\-career **Posizioni disponibili** * Italia (Milano, Roma, Torino, Bologna, ecc.) * Europa * Ruoli in sede, ibridi e full remote **Candidati ora!** Crea il tuo profilo per scoprire subito le opportunità più in linea con il tuo background.","Accounting and Banking","https://it.linkedin.com/company/joinrs-international","https://media.licdn.com/dms/image/v2/D4D0BAQFprpI9tmkwfA/company-logo_100_100/company-logo_100_100/0/1696490265118/joinrs_italia_logo?e=2147483647&v=beta&t=ibNOUGYzhH_7fohpZlVdbtXPJHJkPdm2EpLjMh5e3k0","","","","","","","","","","","","Palermo","linkedin","https://www.linkedin.com/jobs/view/4422977416","","","",90,"f022671112cd9f2abade768a159dea267d696ca5",False,"","Palermo","amministrazione_contabilita","C",False,False,False,76.0,76.0,30.0,20.0,0.0,0.0,10.0,20.0,0.0,156.0,100.0,"A+","back office, contabilità","back office, contabilità, iva, amministrazione, amministrativo, impiegato, pec, stage","new",""
"li-4404268780","linkedin","https://www.linkedin.com/jobs/view/4404268780","","Customer Support B2B - Shift based - ITA&Global Market","Smartness","","","fulltime","","","","","",True,"not applicable","Other","","","**About The Company** At ****Smartness**** , we are building the future of hospitality tech. Our SaaS helps lodging providers boost revenues by 30%\\+ and get more direct bookings. We are the fastest\\-growing B2B SaaS in the industry, trusted by ****4,000\\+ clients across 40\\+ countries**** , with billions of euros in bookings processed. Backed by top international investors and named one of Italy's Top 10 LinkedIn Startups, we are on a mission to scale globally. Want to grow with us? Let's go! **About The Role** We are looking for a motivated and customer\\-focused individual to join our team as a **Multilingual Customer Support Specialist (Shift\\-Based)** . In this role, you will support B2B customers across ITA \\& Global markets, ensuring their success and long\\-term satisfaction with our SaaS platform. You will operate within a **structured shift schedule (including evenings, weekends, or holidays when required)** to guarantee **continuous, high\\-quality customer support coverage** . You will collaborate closely with internal teams, handle technical and operational requests, and act as a trusted partner for our clients, contributing to continuous product and service improvement. **Main Responsibilities** * Customer assistance: Respond promptly and professionally to B2B customer inquiries via chat, email, or phone, ensuring seamless support coverage across all assigned shifts. Support hotel teams, property managers, and business stakeholders in their daily operations, providing clear, reliable, and solution\\-oriented communication at all times. Ensure smooth handovers between shifts, maintaining full visibility on open tickets and ongoing issues. When needed, escalate issues to the appropriate internal or external stakeholders to ensure timely resolution. * Issue resolution: analyze and efficiently resolve customer\\-reported issues, coordinating with internal technical and product teams for more complex cases. Keep clients informed throughout the resolution process, maintaining transparency and trust. * Customer training: deliver onboarding sessions, training calls, and webinars to demonstrate product features, workflows, and best practices. Adapt training to different roles and levels of seniority within customer organizations to maximize adoption and value. * Documentation and knowledge base: maintain and improve onboarding materials, FAQs, and operational guides tailored to B2B customers. Contribute to documentation for new features and product updates, ensuring clarity and usability for professional users. * Customer advocacy: collect structured feedback from customers and represent their needs internally. Collaborate with Product, Sales, and Customer Success teams to improve the platform and strengthen long\\-term customer relationships. * Monitoring and reporting: track customer interactions and activities using CRM and ticketing systems. Analyze recurring issues, usage patterns, and feedback to support continuous improvement and scalability across the Global market. * Collaboration across teams: work closely with Sales, Customer Success, Product, and Engineering teams to ensure a consistent and high\\-quality customer experience. Share insights and updates during team meetings to improve internal alignment and processes. * Stay updated: stay informed about new product features, industry trends, and hospitality best practices in the Global market. Participate in internal training to continuously improve product knowledge and support quality.﻿ **What Are We Looking For?** * At least 3 years of experience in Customer Support, Customer Success, or a similar B2B\\-facing role. * Experience working in shift\\-based or 24/7 support environments is highly valued * Ability to contribute to or support the setup and scaling of a customer support function. * Excellent written and verbal communication skills in English and Italian. * Previous experience in B2B SaaS environments is highly valued; B2C experience is a plus. * Technical expertise: hands\\-on experience with help desk and messaging platforms (e.g. Zendesk) and CRM/ticketing tools (e.g. HubSpot). * Ability to manage multi\\-channel communication (email, chat, phone, WhatsApp, OTA or partner platforms). * Good understanding of the hospitality industry and B2B hotel operations (front office workflows, operations, guest communication, revenue or distribution processes). * Data analysis skills: confidence using Excel and Google Sheets to monitor KPIs, with familiarity with BI tools such as Tableau or Looker as a plus. * Knowledge of escalation processes and structured problem\\-solving in B2B environments. * SLA and KPI management: understanding of service levels, response times, and performance metrics in a professional customer support context. * Soft skills: strong ownership, a proactive mindset, excellent communication skills, and a genuine focus on building long\\-term customer relationships. * Flexibility and reliability in working rotating shifts, with a strong sense of accountability during assigned coverage windows **What do we offer?** * Work in a small and top\\-performing team that moves extremely fast where you are extremely important. * Work without having to deal with jerks and ego\\-maniacs. * The opportunity to join one of the best travel\\-tech sales teams in Europe. * A place where your talent can blossom. * An environment where mistakes are allowed – we make bold choices to achieve ambitious goals, learn from mistakes, and move forward. * A place where your voice matters – meetings provide space for new ideas and projects, regardless of your role or seniority. * Continuous growth – we challenge the status quo, renewing our sales processes and approaches to meet challenging goals. * We have fun while working! We are easygoing people. * Work with the best software out there to automate repetitive tasks and let you focus on customers and targets. * Remote working with frequent opportunities to meet up. * Fun and enriching experiences – unforgettable team\\-building events that go beyond the usual outings. Still not convinced? Check out our ""Work With Us"" page for more about our mission, values, and why we love working at Smartness: https://www.smartness.com/en/work\\-with\\-us **Before You Apply** If you're reading this, it means you're genuinely interested, and that excites us! Here's what you need to know: * We're highly driven and set our goals higher than most, pushing boundaries others may deem impossible. * We work much harder than most companies out there. * Every day, we step out of our comfort zones, fueling rapid growth and learning, even though it might come with its stress. * We hold ourselves and our team to the highest standards of excellence and culture. * Should we feel that this role isn't the right match for you, for the benefit of both parties, we may need to part ways. We hope this sheds light on whether this could be your next adventure. If you believe it is, we warmly invite you to apply. Discover your full potential with us! By submitting this application, I agree that my personal data will be collected, processed, and retained by the company solely for the purposes of managing and assessing my candidacy. By submitting this application, I agree that my personal data will be collected, processed, and retained by the company solely for the purposes of managing and assessing my candidacy.","Software Development","https://it.linkedin.com/company/smartness-com","https://media.licdn.com/dms/image/v2/D4D0BAQE_8n679JYBtQ/company-logo_100_100/B4DZXWriVxHYAQ-/0/1743063492623/smartness_com_logo?e=2147483647&v=beta&t=CUmYxHnnhiAp6uyZ11o8ueyXS4zXVBVwOfKa_ocVpwI","","","","","","","","","","","","Trapani","linkedin","https://www.linkedin.com/jobs/view/4404268780","","","",90,"f0d09759ab3495d206b644c437ae6b2d103e6506",False,"","Trapani","amministrazione_contabilita","C",True,False,False,91.0,91.0,10.0,0.0,0.0,0.0,30.0,20.0,0.0,151.0,100.0,"A+","ZONA TRAPANI | sap, crm","sap, crm, iva, b2b, b2c, excel, help desk, front office","new",""
"li-4422911134","linkedin","https://www.linkedin.com/jobs/view/4422911134","","Junior IT Support","Joinrs","","","fulltime","","","","","",True,"entry level","Information Technology and Engineering","","","**In Joinrs lavoriamo duramente e sogniamo in grande. Unisciti a noi per vivere l’emozione di un nuovo inizio!** Siamo costantemente alla ricerca di studenti, laureandi e giovani laureati che ambiscano ad entrare nel nostro team: candidati a questa posizione e **verrai contattato dal nostro team HR non appena apriremo una posizione in questo ambito** e il tuo CV risulti idoneo con il profilo ricercato. Per tutte le posizioni in questo ambito, offriamo un **contratto di apprendistato (RAL iniziale: €22\\.500\\-€25\\.000 \\+ buoni pasto)** oppure un **contratto di stage (€1\\.000 al mese \\+ buoni pasto)** con finalità di assunzione: avrai la possibilità di crescere esponenzialmente grazie alla formazione on the job, potrai lavorare presso uno dei nostri uffici o in remoto, e ti doteremo di un MacBook di ultima generazione. **Cerchiamo sia profili senza esperienza, sia profili con al massimo 3 anni di esperienza pregressa.** \\-\\- **Chi siamo** Siamo una squadra unita che crede fortemente nella sua mission: **rivoluzionare la ricerca del lavoro colmando la distanza tra il mondo dell’università e le aziende, aiutando ogni neolaureato a svelare il proprio potenziale** e consentendogli di vivere il nuovo inizio di carriera con l’ottimismo di una prospettiva chiara. Insieme lavoriamo, ci confrontiamo e otteniamo risultati che ci stimolano a raggiungere obiettivi sempre più ambiziosi. Siamo intraprendenti, abbiamo un approccio tech\\-driven e siamo alla costante ricerca di feedback. Siamo stimolati dalla diversità, inclusivi e siamo inarrestabili ottimisti! **La nostra community conta oltre 1\\.5 milioni di iscritti** in *Italia, UK, Spagna, Brasile, Francia, Portogallo e Germania* e **700 aziende** del calibro di *PwC, Accenture, Gi Group, BNP Paribas, UniCredit* e sta crescendo in modo esponenziale: usciti a noi! **All'interno ti potrai occupare di diverse arrività come:** * **Fornirai supporto IT di primo e secondo livello al team Joinrs** , risolvendo problemi legati a hardware, software, account, accessi e configurazioni; * **Gestirai utenti, permessi e dispositivi, occupandoti di onboarding e offboarding IT** (creazione account, configurazione laptop, tool interni, sicurezza); * **Supporterai la manutenzione dell’infrastruttura IT** , collaborando su reti, sistemi, backup, aggiornamenti e monitoraggio; * **Aiuterai nella gestione degli strumenti cloud e SaaS** , come Google Workspace, CRM, strumenti di ticketing e collaboration; * **Interverrai nella risoluzione di incidenti e malfunzionamenti** , documentando le soluzioni e contribuendo alla prevenzione di problemi ricorrenti; * **Collaborerai con il team di sviluppo e con fornitori esterni** , supportando attività tecniche più avanzate in base alle tue competenze; * **Contribuirai al miglioramento continuo della sicurezza IT** , applicando best practice su accessi, password, device management e policy interne. **Cosa ti offriamo:** Il team di Joinrs ha diversi benefit e vantaggi: * **Remote working e flessibilità:** avrai la possibilità di lavorare in presenza presso uno dei nostri uffici oppure da remoto, in accordo con il tuo responsabile. * **Ferie illimitate:** la politica di Joinrs non è lavorare tanto, ma lavorare bene: per questo potrai prenderti tutte le ferie di cui hai bisogno per raggiungere i tuoi obiettivi e quelli dell’azienda. * **Training:** sarai sempre affiancato da un tutor nel tuo percorso in joinrs: avrai un punto di riferimento sia per gli aspetti tecnici che di team. Ti assicuriamo una crescita professionale costante che si concretizza con l’aumento progressivo delle tue responsabilità: potrai partecipare ad eventi di settore e corsi di formazione oltre ad avere una formazione continua sulle migliori piattaforme di e\\-learning; * **Social Impact:** il tuo lavoro aiuterà migliaia di neolaureati a trovare il lavoro a cui aspirano: avrai la possibilità di confrontarti con la nostra community e scoprire l'impatto sociale e la rivoluzione che stiamo portando. * **Ambiente di lavoro dinamico:** i nostri uffici su Roma, Milano e Londra sono sempre aperti: spazi di lavoro condivisi, sale riunioni, biliardino, postazione gaming, area break e bar con frutta fresca e snack di ogni tipo. I nostri uffici sono pensati per creare un ambiente di lavoro informale e per favorire i momenti di condivisione, sempre nel rispetto del lavoro individuale; * **Team building \\& Fun:** aperitivi, giochi e i momenti di svago sono parte integrante della vita in Joinrs, sia fuori che dentro l’ufficio; * **Tech Pack:** utilizzerai strumenti avanzati e tecnologie moderne e ti verrà fornito in dotazione un MacBook di ultima generazione; * **Welfare aziendale:** ti garantiamo un welfare azienda privato all'altezza delle tue aspettative. **Contratto \\& Retribuzione:** Per tutte le posizioni **Junior** offriamo, in base alla seniority della persona, un **contratto di apprendistato** (RAL iniziale €22\\.500\\-€25\\.000 \\+ buoni pasto) oppure un **contratto di stage** (€1\\.000 al mese \\+ buoni pasto) con finalità di assunzione. E' previsto, ogni sei mesi, una review dello stipendio e la tua retribuzione crescerà rapidamente man mano che accumulerai esperienza e la tradurrai in un impatto sempre maggiore. **Il processo di selezione:** 1\\. Screening del CV: il primo step è uno screen del curriculum (solitamente avviene entro 20 giorni dalla candidatura); 2\\. Colloquio telefonico: il secondo step prevederà un colloquio telefonico con il nostro HR Manager della durata di circa 15 minuti; 3\\. Colloquio video: l'ultimo step sarà un video colloquio sia con l'HR Manager che con il tuo futuro responsabile. Prevediamo almeno 45 minuti di interview; **Perchè entrare nella nostra squadra?** **Impatto sociale:** avrai modo di supportare la nostra community a realizzare le loro ambizioni. E le tue; **Startup di successo:** Joinrs è stata selezionata tra le 10 migliori startup al mondo al Web Summit di Lisbona; **Crescita personale esponenziale:** avrai l'opportunità di crescere in modo esponenziale, sia lato hard che soft skills grazie ad un programma di formazione basato su training on the job e supporto online.","Human Resources Services and Software Development","https://it.linkedin.com/company/joinrs-international","https://media.licdn.com/dms/image/v2/D4D0BAQFprpI9tmkwfA/company-logo_100_100/company-logo_100_100/0/1696490265118/joinrs_italia_logo?e=2147483647&v=beta&t=ibNOUGYzhH_7fohpZlVdbtXPJHJkPdm2EpLjMh5e3k0","","","","","","","","","","","","Palermo","linkedin","https://www.linkedin.com/jobs/view/4422911134","","","",90,"685d8d382cb2a03168ac97f387e20181d407f286",False,"","Palermo","amministrazione_contabilita","C",False,False,False,48.0,48.0,40.0,20.0,0.0,0.0,10.0,20.0,0.0,138.0,100.0,"A+","crm, iva","crm, iva, word, stage, apprendistato","new",""
"li-4422904190","linkedin","https://www.linkedin.com/jobs/view/4422904190","","Opportunità Junior & Entry-Level per Laureati in Materie Umanistiche","Joinrs","","","fulltime","","","","","",True,"entry level","Other","","","Sei uno studente o un neolaureato in **Lettere, Filosofia, Lingue, Scienze della Comunicazione, Scienze Politiche o affini** ? Le aziende hanno sempre più bisogno di pensiero critico, empatia e abilità comunicative. Il mondo delle multinazionali, delle agenzie digitali e delle startup cerca talenti con il tuo background per portare valore e innovazione. Su **Joinrs** non trovi i soliti annunci, ma un ecosistema pensato per far decollare la tua carriera e valorizzare i tuoi studi. In questo momento abbiamo decine di posizioni aperte pensate per te, tra cui: * **Risorse Umane (HR) \\& Talent** (Recruiting, Employer Branding, Training \\& Development) * **Comunicazione \\& Digital Media** (Copywriting, Content Creation, Social Media Management, Ufficio Stampa) * **Customer Success \\& Sales** (Client Management, Account Executive, Business Development multilingue) * **Project Management \\& Corporate** (Event Management, Corporate Social Responsibility \\- ESG, Editoria aziendale) ... e migliaia di altre opportunità tra stage, graduate program e ruoli entry\\-level! (In sede, ibridi o full remote). **Perché candidarti tramite Joinrs?** * **Matching AI** : Trova subito le aziende e le funzioni più in linea con il tuo profilo e le tue propensioni. * **Visibilità** : CV ottimizzato per farti notare dai recruiter, valorizzando le tue soft skills. * Focus Junior: Solo posizioni pensate per chi è all'inizio della propria carriera e ha voglia di imparare. * **Opportunità esclusive** : Accesso a ruoli corporate ideali per il tuo percorso, spesso non pubblicati altrove. Non inviare CV a vuoto. Clicca sul pulsante **Candidati** , crea il tuo profilo in pochi minuti e scopri il tuo prossimo lavoro!","Software Development and Human Resources Services","https://it.linkedin.com/company/joinrs-international","https://media.licdn.com/dms/image/v2/D4D0BAQFprpI9tmkwfA/company-logo_100_100/company-logo_100_100/0/1696490265118/joinrs_italia_logo?e=2147483647&v=beta&t=ibNOUGYzhH_7fohpZlVdbtXPJHJkPdm2EpLjMh5e3k0","","","","","","","","","","","","Trapani","linkedin","https://www.linkedin.com/jobs/view/4422904190","","","",90,"797be1f99e70abf12d6b8089b30c9eaee2a2a790",False,"","Trapani","ecommerce_web_social","B",False,False,False,20.0,20.0,30.0,20.0,0.0,0.0,30.0,20.0,0.0,120.0,100.0,"A+","ZONA TRAPANI | social media, stage","social media, stage","new",""
"li-4422988237","linkedin","https://www.linkedin.com/jobs/view/4422988237","","Junior Marketing (Comunicazione, Social Media, Design, Adv, Copy, Sales)","Joinrs","","","fulltime","","","","","",True,"entry level","Marketing","","","**Stiamo cercando profili junior, studenti e laureati in economia, marketing, comunicazione, discipline umanistiche e affini che vogliano entrare (o crescere) in aziende top in Italia e in Europa.** **Su Joinrs in questo momento trovi decine di posizioni attive per:** * Traffic Conversion \\& Activation Marketing Trainee in una **Tech company** * Junior Marketing \\& Comunicazione interna in un'azienda di **HR e consulenza** * Agency Project Intern in una Tech company leader nei **social media** * Consumer Marketing Gocciole in un'azienda leader del settore **alimentare** * Trade Marketing in un'azienda leader del **settore alimentare** * Sviluppo e Marketing di Prodotto in un'azienda **assicurativa** * Marketing Communication Trainee in un'azienda del **settore beverage** * Student Marketeer in un'azienda leader di **energy drink e lifestyle** * Marketing Promo \\& CRM Trainee in una **Tech company** * Graduate Program 2026 \\- Marketing in una **Tech company** .. e oltre 2\\.000 altre posizioni di **stage, graduate program, entry level e junior!** Clicca sul pulsante Candidati per accedere a Joinrs! **Perché usare Joinrs** * Su Joinrs non trovi solo annunci, ma un sistema che ti aiuta davvero a farti assumere: * Matching automatico tra il tuo profilo e le aziende * CV e profilo ottimizzati per i recruiter * Accesso a ruoli che spesso non sono pubblici * Focus totale su junior, graduate e early\\-career **Posizioni disponibili** * Italia (Milano, Roma, Torino, Bologna, ecc.) * Europa * Ruoli in sede, ibridi e full remote **Candidati ora** Crea il tuo profilo per scoprire subito le opportunità più in linea con il tuo background.","Software Development","https://it.linkedin.com/company/joinrs-international","https://media.licdn.com/dms/image/v2/D4D0BAQFprpI9tmkwfA/company-logo_100_100/company-logo_100_100/0/1696490265118/joinrs_italia_logo?e=2147483647&v=beta&t=ibNOUGYzhH_7fohpZlVdbtXPJHJkPdm2EpLjMh5e3k0","","","","","","","","","","","","Palermo","linkedin","https://www.linkedin.com/jobs/view/4422988237","","","",90,"c8650aba152a90e9cc1e5c534db348bcc48c6fe1",False,"","Palermo","amministrazione_contabilita","C",False,False,False,50.0,50.0,30.0,0.0,0.0,0.0,10.0,20.0,0.0,110.0,100.0,"A+","crm, iva","crm, iva, social media, stage","new",""
"li-4414122432","linkedin","https://www.linkedin.com/jobs/view/4414122432","","Senior Consultant - SAP WM","KPMG Italy","Palermo, Sicily, Italy","","fulltime","","","","","",False,"mid-senior level","Information Technology","","","The chance to build a better future is right in front of you **Do Work That Matters \\- Il tuo ruolo e le tue responsabilità** Vuoi fare un lavoro che sia davvero significativo e di impatto? In KPMG avrai l'opportunità di aiutare clienti, società, colleghe e colleghi ad affrontare e risolvere le sfide più attuali e complesse. KPMG Advisory affianca le imprese nella trasformazione del business model, nel miglioramento e nella digitalizzazione dei processi, supportando i clienti anche nell'analisi e gestione dei rischi e nelle operazioni di finanza straordinaria. Entrando a far parte del Team Enterprise Platforms, lavorerai su progetti di implementazione ed evoluzione SAP con focus su **SAP WM** , contribuendo ai processi di gestione del magazzino end\\-to\\-end su **SAP ECC** e **SAP S/4HANA** . Nello specifico, ti occuperai di: * Fit\\-to\\-Standard/Blueprint e disegno dei processi to\\-be con stakeholder di Logistica, Supply Chain e Operations * Configurazione SAP WM: struttura del magazzino, tipi di stoccaggio, aree di picking e strategie di prelievo e stoccaggio * Gestione dei movimenti di magazzino e transfer orders, con integrazione con i processi MM (entrate/uscite merce) e PP (approvvigionamento linea produttiva) * Supporto alla definizione dei processi di inventario, gestione lotti e numeri di serie * Integrazioni con MM, PP e SD (flussi logistici inbound e outbound) * Documentazione funzionale (Blueprint, Functional Design, specifiche sviluppi, manuali utente) Sarai coinvolta/o su progetti nazionali e internazionali, lavorando a stretto contatto con clienti e team multidisciplinari, in particolare su contesti **Industrial \\& Manufacturing** (es. Automotive, Industrial Manufacturing, Food \\& Drink, Consumer Products, Pharmaceutical \\& Life Sciences). **Come As You Are – Le tue competenze e caratteristiche** Questa opportunità è perfetta per te se: * Hai 3–5 anni di esperienza su progetti SAP WM, maturata su almeno un progetto di implementazione o migrazione S/4HANA * Hai competenze solide di configurazione SAP WM e padronanza dei processi logistici di magazzino in contesti industriali * Hai familiarità con le integrazioni WM–MM, WM–PP e WM–SD * Hai esperienza su documentazione funzionale, SIT/UAT e gestione requisiti in autonomia * Costituisce un plus la conoscenza di SAP EWM (Extended Warehouse Management), in ottica di evoluzione verso soluzioni di magazzino avanzate * Buona conoscenza dell'inglese, attitudine al lavoro in team e disponibilità a trasferte **Your Future With Us \\- Cosa troverai in KPMG** * Un ambiente di lavoro inclusivo, equo e che rispetta, incoraggia e valorizza le diversità * Un contesto stimolante e dinamico che incentiva la creatività e il lavoro di squadra * Modalità di lavoro ibrida, per promuovere un sano equilibrio tra vita lavorativa e personale * Programmi di formazione e sviluppo avanzati per rimanere sempre aggiornati * Mindset internazionale e progettualità innovative * Iniziative incentrate sul benessere psicofisico **Together for Better – I nostri valori e il nostro impegno** Leadership, lavoro in team, rispetto di ogni individualità, approfondimento continuo, trasparenza, impegno verso la comunità, integrità: questi sono i **Valori di KPMG** che danno vita a un ambiente aperto allo scambio di idee e di conoscenza, che permette ai nostri professionisti di **esprimere tutto il loro potenziale** . Grazie all’impegno nel favorire un **ambiente di lavoro inclusivo** , il nostro Network risulta conforme agli standard dei requisiti **ISO 30415** , sul Sistema di Gestione per la Diversità e l’Inclusione, e **UNI PdR 125** , relativa alla parità di genere. All’interno del nostro **Impact Plan** \\- Our Impact Plan (kpmg.com) \\- trovi riassunte tutte le **azioni** che stiamo portando avanti su tematiche ambientali, sociali e di governance ( **ESG** ). **Unisciti a noi!** I tuoi dati saranno trattati nel pieno rispetto delle disposizioni del Regolamento (UE) n. 679/2016 (General Data Protection Regulation \\- ""GDPR"") e successive modifiche. Per ulteriori informazioni, consultare l'informativa sulla privacy di KPMG. KPMG Advisory S.p.A. garantisce le pari opportunità. The chance to build a better future is right in front of you **Do Work That Matters \\- Your Role And Responsibilities** Do you want to do work that is truly meaningful and impactful? At KPMG you will have the opportunity to help clients, society, colleagues and peers tackle and solve the most current and complex challenges. KPMG Advisory supports companies in transforming their business model, improving and digitalising their processes, while also helping clients analyse and manage risks and navigate extraordinary finance transactions. By joining the Enterprise Platforms Team, you will work on SAP implementation and evolution projects with a focus on **SAP WM** , contributing to end\\-to\\-end warehouse management processes on **SAP ECC** and **SAP S/4HANA** . Specifically, you will be responsible for: * Fit\\-to\\-Standard/Blueprint and to\\-be process design with Logistics, Supply Chain and Operations stakeholders * SAP WM configuration: warehouse structure, storage types, picking areas and putaway and picking strategies * Management of warehouse movements and transfer orders, integrated with MM (goods receipts/issues) and PP (production supply) processes * Support in defining stocktaking processes, batch management and serial number handling * Integrations with MM, PP and SD (inbound and outbound logistics flows) * Functional documentation (Blueprint, Functional Design, development specifications, user manuals) You will be involved in national and international projects, working closely with clients and multidisciplinary teams, particularly in Industrial \\& Manufacturing contexts (e.g. Automotive, Industrial Manufacturing, Food \\& Drink, Consumer Products, Pharmaceutical \\& Life Sciences). **Come As You Are – Your Skills And Background** This opportunity is the right fit for you if: * You have 3–5 years of experience on SAP WM projects, gained on at least one S/4HANA implementation or migration project * You have solid SAP WM configuration skills and a strong command of warehouse logistics processes in industrial environments * You are familiar with WM–MM, WM–PP and WM–SD integrations * You have experience in functional documentation, SIT/UAT and requirements management, working independently * Knowledge of SAP EWM (Extended Warehouse Management) is a plus, with a view to evolving towards advanced warehouse solutions * Good command of English, team\\-oriented mindset and willingness to travel as required by project needs **Your Future With Us \\- What you will find at KPMG** * An inclusive and equitable work environment that respects, encourages and values diversity * A stimulating and dynamic context that fosters creativity and teamwork * Hybrid working model to promote a healthy work\\-life balance * Advanced training and development programmes to keep you always up to date * International mindset and innovative projects * Initiatives focused on physical and mental wellbeing **Together for Better – Our values and commitment** Leadership, teamwork, respect for every individual, continuous learning, transparency, commitment to the community, integrity: these are KPMG's Values, which create an environment open to the exchange of ideas and knowledge, allowing our professionals to express their full potential. Through our commitment to fostering an inclusive work environment, our Network complies with the requirements of ISO 30415 (Diversity and Inclusion Management System) and UNI PdR 125 (gender equality). Within our Impact Plan — Our Impact Plan (kpmg.com) — you will find a summary of all the actions we are taking on environmental, social and governance (ESG) topics. Join us! Personal data will be processed in full compliance with the provisions of EU Regulation No. 679/2016 (General Data Protection Regulation — ""GDPR"") and subsequent amendments. For further information, please refer to KPMG's privacy policy. KPMG Advisory S.p.A. is an equal opportunity employer.","Business Consulting and Services","https://it.linkedin.com/company/kpmg-italy","https://media.licdn.com/dms/image/v2/D4D0BAQE_SHsI8wzpkQ/company-logo_100_100/company-logo_100_100/0/1719849816523/kpmg_italy_logo?e=2147483647&v=beta&t=zyevTzjepzgbyGnX_iz5_gioRsOFj74coUdW5zYZrik","","","","","","","","","","","","Trapani","linkedin","https://www.linkedin.com/jobs/view/4414122432","","","",90,"d0f01041eecf8d4378831e416b731e134b471643",False,"","Trapani","amministrazione_contabilita","C",True,False,False,89.0,89.0,10.0,0.0,0.0,0.0,30.0,0.0,0.0,129.0,100.0,"A+","ZONA TRAPANI | sap, erp","sap, erp, logistica, iva, inbound, outbound, inventario, pec","new",""
"li-4422961998","linkedin","https://www.linkedin.com/jobs/view/4422961998","","Candidatura Spontanea in Joinrs","Joinrs","","","fulltime","","","","","",True,"entry level","Marketing, General Business, and Engineering","","","**In Joinrs lavoriamo duramente e sogniamo in grande.** Unisciti a noi per vivere l’emozione di un nuovo inizio! Siamo costantemente alla ricerca di **profili junior (massimo 2 anni di esperienza)** con una laurea, desiderosi di entrare nel nostro team: candidati a questa posizione e verrai contattato dal nostro team HR non appena apriremo una posizione in linea con il tuo profilo. **Per tutte le posizioni offriamo:** * **stage retribuito di 6 mesi** (€1\\.000 al mese \\+ buoni pasto, con finalità di assunzione) * oppure **contratto di apprendistato** (RAL iniziale: €22\\.500–€27\\.500\\) La tipologia contrattuale dipenderà dal team e dall’esperienza del candidato. **Avrai la possibilità di:** * formarti ogni giorno grazie al **training on the job** * lavorare sia in ufficio che in **full remote** * usufruire di **ferie illimitate** * ricevere in dotazione un **MacBook di ultima generazione** \\-\\- **Chi siamo** Siamo una squadra unita che crede fortemente nella propria missione: **rivoluzionare la ricerca del lavoro** , colmando la distanza tra il mondo dell’università e quello delle aziende. Aiutiamo ogni neolaureato a esprimere il proprio potenziale e a vivere l’inizio della carriera con una prospettiva chiara e positiva. Insieme lavoriamo, ci confrontiamo e raggiungiamo risultati che ci spingono verso **obiettivi sempre più ambiziosi** . Siamo **intraprendenti, tech\\-driven, orientati al feedback, inclusivi e profondamente ottimisti** . La nostra community conta oltre **1,5 milioni di utenti** in Italia, UK, Spagna, Brasile, Francia, Portogallo e Germania, e più di **1\\.200 aziende partner** tra cui PwC, Sisal, Gi Group, Danone e Siemens. \\-\\- **I team Joinrs** Joinrs è composta da diversi team distribuiti tra remoto e gli uffici di Milano, Roma e Madrid. **Marketing** * Guida tutte le attività di comunicazione strategica * Obiettivo: aumentare **brand awareness** e acquisire nuovi utenti e clienti (B2C e B2B) * Ruoli: Social Media Manager, Content Creator, Designer, Video Maker, Acquisition Specialist, PR Specialist **Tech \\& Sviluppo** * Cuore tecnologico di Joinrs * Sviluppa e ottimizza piattaforme digitali basate su **AI** * Ruoli: Front\\-end, Back\\-end, Full\\-Stack, AI Developer, Data Analyst, App Developer, Cybersecurity Specialist **Business Development \\& Sales** * Responsabile della crescita commerciale * Gestisce l’intero ciclo di vendita: **lead generation, demo, proposta e gestione clienti** **Customer Success \\& Account Management** * Garantisce il massimo valore ai clienti * Attività: onboarding, gestione annunci, analisi risultati, sviluppo opportunità **Design** * Cura l’identità visiva del brand * Si occupa di **UI/UX** e coerenza visiva **Risorse Umane** * Selezione, onboarding, formazione e **cultura aziendale** **Finanza, Investitori e Contabilità** * Gestisce budgeting, controllo di gestione, investitori e compliance amministrativa \\-\\- **Cosa ti offriamo** * **Remote working e flessibilità** : lavora dove preferisci, con possibilità di appoggiarti agli uffici * **Ferie illimitate** : lavoriamo per obiettivi, non per ore * **Training continuo** : tutor dedicato, corsi ed eventi di settore * **Impatto sociale** : contribuirai ad aiutare migliaia di giovani * **Ambiente dinamico** : uffici con spazi condivisi, gaming, area break e snack * **Team building \\& fun** : aperitivi, eventi e momenti di condivisione * **Tech pack** : strumenti avanzati \\+ MacBook * **Welfare aziendale** : pacchetto competitivo e completo \\-\\- **Contratto \\& Retribuzione** * **Stage** : €1\\.000/mese \\+ buoni pasto (6 mesi, con finalità di assunzione) * **Apprendistato** : RAL €22\\.500–€27\\.500 \\-\\- **Processo di selezione** * Screening CV (entro circa **20 giorni** ) * Colloquio telefonico ( **15 minuti** ) * Colloquio video (circa **45 minuti** con HR \\+ hiring manager) \\-\\- **Perché entrare in Joinrs?** * **Impatto sociale reale** : aiuterai migliaia di giovani a realizzare le proprie ambizioni * **Startup internazionale** : tra le 10 migliori al mondo al Web Summit di Lisbona * **Crescita esponenziale** : sviluppo continuo di hard e soft skills","Software Development and Human Resources Services","https://it.linkedin.com/company/joinrs-international","https://media.licdn.com/dms/image/v2/D4D0BAQFprpI9tmkwfA/company-logo_100_100/company-logo_100_100/0/1696490265118/joinrs_italia_logo?e=2147483647&v=beta&t=ibNOUGYzhH_7fohpZlVdbtXPJHJkPdm2EpLjMh5e3k0","","","","","","","","","","","","Trapani","linkedin","https://www.linkedin.com/jobs/view/4422961998","","","",90,"9f36d5b6d9263d4afcb517887bfc4e79534855ce",False,"","Trapani","amministrazione_contabilita","C",False,False,False,80.0,80.0,40.0,20.0,0.0,0.0,30.0,20.0,0.0,190.0,100.0,"A+","ZONA TRAPANI | contabilità, iva","contabilità, iva, social media, b2b, b2c, pec, content creator, stage","new",""
"li-4417868302","linkedin","https://www.linkedin.com/jobs/view/4417868302","","OPERATORE / OPERATRICE CUSTOMER SERVICE","NETtoWORK","Palermo, Sicily, Italy","","internship","","","","","",False,"internship","Customer Service","","","**OPERATORE / OPERATRICE CUSTOMER SERVICE – PALERMO** **Contratto:** Full\\-time **Sede:** Palermo **Disponibilità:** Lunedì–Sabato Siamo un **Centro Assistenza Autorizzato per un prestigioso brand multinazionale di elettrodomestici** . Ricerchiamo una risorsa motivata da inserire nel nostro team Customer Service, con un percorso di formazione strutturato e reali possibilità di crescita. 🔹 **Attività principali** La persona selezionata si occuperà di: * Gestione chiamate e richieste dei clienti * Accoglienza al front office presso la nostra sede * Inserimento ordini, appuntamenti e pratiche post\\-vendita * Aggiornamento del gestionale e del CRM * Supporto alla logistica interna (coordinamento con magazzino e tecnici) * Gestione e\\-commerce e richieste online * Comunicazione con i tecnici interni ed esterni 🔹 **Requisiti richiesti** **Disponibilità a turni lavorativi da 07:45 a 20:00** **Settimana lavorativa da Lunedì al Sabato** * Esperienza, anche breve, in **customer service** , **call center** , **front office** o **vendita telefonica** * Ottime capacità comunicative e relazionali * Precisione, organizzazione e attitudine al problem solving * Conoscenza base del PC, email, software gestionali o CRM * Patente B * Inglese base (preferibile ma non obbligatorio) *L’esperienza in logistica o amministrazione è un plus, ma non obbligatoria.* 🔹 **Cosa offriamo** * **Onboarding dedicato** con formazione su processi, sistemi e prodotti * Percorsi formativi continui * Ambiente di lavoro umano, collaborativo e orientato alla crescita * Obiettivi chiari e feedback regolari * Possibilità di crescita professionale nel Customer Service o in altre funzioni aziendali 🔹 **Chi cerchiamo** Persone motivate, positive, che vogliono costruire un percorso professionale stabile in un’azienda seria dove **non sarai mai un numero** . Se sei stanco del solito tran\\-tran e cerchi un ambiente che valorizzi le tue capacità, questa è la tua opportunità.","Wholesale Appliances, Electrical, and Electronics","https://it.linkedin.com/company/nettowork","https://media.licdn.com/dms/image/v2/C4D0BAQH7ZUkS458yTg/company-logo_100_100/company-logo_100_100/0/1652345469411/nettowork_logo?e=2147483647&v=beta&t=O6xL_dJxqfs6HzMEl3DgRsHodeJEwK-uRvzE98DAExA","","","","","","","","","","","","Palermo","linkedin","https://www.linkedin.com/jobs/view/4417868302","","","",90,"a389af1f300c2f28cd376d7c285bd5a1efb47bc6",False,"","Palermo","amministrazione_contabilita","B",True,False,False,102.0,102.0,0.0,0.0,0.0,0.0,10.0,0.0,0.0,112.0,100.0,"A+","crm, logistica","crm, logistica, gestionali, iva, amministrazione, ordini, call center, customer service","new",""
"li-4420715178","linkedin","https://www.linkedin.com/jobs/view/4420715178","","Junior Marketing Specialist - Intern","Guidance Studio","","","fulltime","","","","","",True,"internship","Marketing and Sales","","hr@guidance.studio, hr@guidance.studio","**About Guidance** Guidance (guidance.studio) Guidance is a premier digital business strategy consulting boutique committed to accelerating the growth of both established organizations and new ventures by unlocking the full potential of the digital world. We specialize in crafting bespoke digital business models, optimizing go\\-to\\-market strategies, and providing expert advice on technology choices. Our mission is to unlock the full potential of the digital and tech world for our clients. **Our Culture at Guidance** At Guidance, we pride ourselves on fostering a culture of innovation, collaboration, and continuous learning. Our team is the heart of our success, and we strive to maintain an environment where creativity flourishes, ideas are valued, and diversity is celebrated. We believe in empowering our employees with the autonomy to lead projects, encourage open communication, and promote a work\\-life balance that nurtures both professional and personal growth. **Flexibility and Work\\-Life Balance at Guidance** At Guidance, we value work\\-life balance and cater to the diverse needs of our team by offering flexible working hours and remote work options. This approach allows you to customize your work schedule and location to fit your lifestyle, ensuring productivity and satisfaction. Our commitment to flexibility underlines our trust in our team's ability to deliver outstanding results, fostering an inclusive workplace that supports everyone's best work\\-life integration. **Growth and Development** We are committed to the development of our team members and offer a range of opportunities designed to help you grow with us: ● Continuous Learning: We invest in your growth with access to a wealth of training resources, workshops, and courses to keep you at the forefront of the digital consulting industry. ● Career Advancement: Guidance is expanding, and with our growth comes opportunities for you to advance. We support career progression through mentorship and by encouraging cross\\-functional project involvement. ● Innovative Projects: Working with us means being at the cutting edge of digital transformation projects, where you can hone your skills and make a tangible impact on our clients' success. ● Collaborative Environment: We emphasize teamwork and collaboration, ensuring that you have the support of your colleagues and management as you take on new challenges and contribute to our shared goals. **Join Our Team** Joining Guidance means becoming part of a committed team that values your unique perspective and is passionate about making a difference in the digital world. We offer a supportive atmosphere where you can not only grow your career but also contribute to exciting projects that reshape how businesses thrive in the digital age. This is a paid, fully remote internship, reflecting our commitment to investing in our team's professional growth, well\\-being, and the flexibility to work from anywhere. If you are a proactive and diligent professional who wants to contribute to this mission, we would love to hear from you. Drop us a line at hr@guidance.studio. **Role Overview** As a Junior Marketing Specialist \\- Intern at Guidance, you will be part of a creative and dynamic team working on the forefront of digital customer acquisition. You will assist in the development and execution of go\\-to\\-market and lead generation campaigns, conduct customer profile analysis, and contribute to our clients' growth strategies. We're not just looking for an intern; we're searching for someone who aspires to evolve with us, someone we can invest in, bring on board permanently, and who will become an integral part of our journey for years to come. **Key Responsibilities** ● Lead Generation Campaign Development \\& Execution: Support the planning, development, and execution of lead generation campaigns across channels, including Direct Email Marketing, LinkedIn, Google Ads, and social media. Assist in managing budgets, tracking performance, and making real\\-time adjustments to optimize reach, targeting, and conversion based on customer insights. ● Content Creation: Collaborate with the team to create and refine marketing content, including ad copy, landing pages, and promotional materials, ensuring all content resonates with target audiences and aligns with client goals. ● Data Collection \\& Reporting: Track and report on campaign performance metrics, including engagement, reach, and ROI. Provide regular insights and recommendations based on data analysis to inform and improve future campaigns. **Additional Duties** ● Track project timelines and maintain meeting notes from client meetings. ● Conduct competitor, industry, and customer profile research to inform campaign strategies. ● Perform keyword analysis and support SEO\\-optimized content production. **What We're Looking For** ● Strong understanding of digital marketing principles, lead generation tactics, and key performance indicators (KPIs) for measuring campaign success. ● Excellent bilingual communication skills in English and Italian. ● Basic knowledge of analytics tools and campaign management dashboards (e.g., Google Ads, Meta Ads, LinkedIn) to monitor performance and support strategy optimization. ● A detail\\-oriented individual with organizational and multitasking skills. ● The ability to thrive in a fast\\-paced setting and manage multiple priorities. Ready to Guide the Future? At Guidance, we're not just looking for skills; we're looking for passion, vision, and a shared commitment to excellence in the digital realm. If you're ready to contribute to groundbreaking projects and grow alongside industry pioneers, we want to hear from you. **Application Process** To apply for the Junior Marketing Specialist \\- Intern position, please submit the following to hr@guidance.studio: ● Your Resume: Highlighting your educational background, work experience, skills, and any relevant certifications. ● Motivation Letter: A brief letter expressing why you're interested in this role at Guidance and how your experience, skills, and aspirations align with our mission and this specific role. Share what excites you about the digital consulting industry and how you envision contributing to our team and clients. We look forward to learning about your professional journey and your motivations for joining our team. Embark on a transformative career path with Guidance and let's shape the future of digital business together.","Business Consulting and Services","https://www.linkedin.com/company/guidance-studio","https://media.licdn.com/dms/image/v2/D4D0BAQGLxWGc3TJPQA/company-logo_100_100/company-logo_100_100/0/1715956950267/guidance_studio_logo?e=2147483647&v=beta&t=froaaaeCf-mHq0ZKIkwFLed22K37EbJJziScb11T73o","","","","","","","","","","","","Trapani","linkedin","https://www.linkedin.com/jobs/view/4420715178","","","",90,"e6e78b49cfb4bac4639954a95ca175ede4c98170",False,"","Trapani","amministrazione_contabilita","A",True,False,False,66.0,66.0,30.0,0.0,0.0,0.0,30.0,20.0,0.0,146.0,100.0,"A+","ZONA TRAPANI | iva, social media","iva, social media, seo, excel, word, pec","new",""
"li-4422988106","linkedin","https://www.linkedin.com/jobs/view/4422988106","","Junior Human Resources | Risorse Umane (HR)","Joinrs","","","fulltime","","","","","",True,"entry level","Human Resources","","","**Questa posizione è nel team di *Canonical* , un'azienda internazionale di software in forte crescita.** **Il riassunto dell'opportunità da parte della *Joinrs AI* :** Canonical cerca un **Junior HR Generalist che possa lavorare in full remote o presso uno degli uffici dell'azienda** . Il candidato ideale deve essere **laureato** e avere una forte etica del lavoro. Le responsabilità includono **supporto HR, mantenimento HRIS e collaborazione con i manager** . I benefit includono un budget di apprendimento, bonus annuale e opportunità di viaggio. *Il processo di selezione è gestito interamente dal team di Canonical.* \\-\\- **Junior HR Generalist** Canonical is a leading provider of open source software and operating systems to the global enterprise and technology markets. Our platform, Ubuntu, is very widely used in breakthrough enterprise initiatives such as public cloud, data science, AI, engineering innovation and IoT. Our customers include the world's leading public cloud and silicon providers, and industry leaders in many sectors. The company is a pioneer of global distributed collaboration, with 1200\\+ colleagues in 75\\+ countries and very few office based roles. Teams meet two to four times yearly in person, in interesting locations around the world, to align on strategy and execution. The company is founder led, profitable and growing. We require an HR function that thinks and acts globally. We're looking for a Junior HR Generalist to offer their expertise to our EMEA region. It's an exciting time to join with the opportunity to help shape and create an HR function for the future. You will demonstrate a high work ethic and the personal confidence to set and defend high expectations of colleagues, counterparts and processes. You must be able to work independently, take a hands\\-on approach, and interface effectively with professionals at all levels. You'll need excellent communication, professional and interpersonal skills as well as the ability to function in a proactive, innovative environment. We look to HR both to support our colleagues in their personal needs and development, and also to maintain consistently high standards across multiple teams, managers and directors. **Location:** This role will be based remotely in the EMEA region **The role entails the individual to:** * Provide HR support by answering team members’ questions and responding to requests regarding their employment and contracts, escalating when necessary. Requests may include information about the new starter process and onboarding, questions regarding global benefits, employment verifications, and other general inquiries. * Maintain our HRIS, ensuring a high degree of accuracy and timeliness in processing all team member changes and new joiners. * Owning global projects (e.g. engagement, training or culture initiatives) * Partnering with the managers and employees \\- supporting HR processes and driving the people strategy for your areas of responsibility * Working as a truly global partner to colleagues, especially leads, managers and executives * Process new hires, including country\\-specific on\\-boarding documentation, creation of files, systems set\\-up, and coordination of introductory reviews. * Provide support to employees for the enrollment and processing of benefits and the payroll process, ensuring monthly data is provided on time and is accurate. * Liaise with payroll to guarantee smooth salary payments. * Create purchase orders for internal departments. * Provide administrative support to employees for the enrollment and processing of benefits. * Conduct regular audits of employment files and systems to ensure they are up\\-to\\-date, accurate, and GDPR compliant. * Continually work to better our processes, spotting areas we can improve to drive our function forward. **What we are looking for in you** * Track record of exceptional achievement from high school, through graduate studies and career. * Experience working in an entry\\-level role in an HR/People team is beneficial, preferably in the Technology industry. * Excellent verbal and written communication skills. * Able to prioritize complex workloads, manage time effectively and work well under pressure. * Self\\-motivated and results\\-orientated with a clear focus on accuracy. * High level of honesty, integrity, and ability to handle confidential data. * Flexible attitude and easily adaptable to change. * Willing to take the initiative and provide suggestions and ideas to contribute to the success of the role/team. * Ambitious to grow your career within HR. * Willingness to travel up to 4 times a year for internal events **What we offer colleagues** We consider geographical location, experience, and performance in shaping compensation worldwide. We revisit compensation annually (and more often for graduates and associates) to ensure we recognise outstanding performance. In addition to base pay, we offer a performance\\-driven annual bonus. We provide all team members with additional benefits, which reflect our values and ideals. We balance our programs to meet local needs and ensure fairness globally. * Distributed work environment with twice\\-yearly team sprints in person. * Personal learning and development budget of USD 2,000 per year. * Annual compensation review. * Recognition rewards. * Annual holiday leave. * Maternity and paternity leave. * Employee Assistance Programme. * Opportunity to travel to new locations to meet colleagues. * Priority Pass, and travel upgrades for long haul company events. **About Canonical** Canonical is a pioneering tech firm at the forefront of the global move to open source. As the company that publishes Ubuntu, one of the most important open source projects and the platform for AI, IoT and the cloud, we are changing the world of software. We recruit on a global basis and set a very high standard for people joining the company. We expect excellence \\- in order to succeed, we need to be the best at what we do. Most colleagues at Canonical have worked from home since its inception in 2004\\. Working here is a step into the future, and will challenge you to think differently, work smarter, learn new skills, and raise your game. Canonical is an equal opportunity employer. We are proud to foster a workplace free from discrimination. Diversity of experience, perspectives, and background create a better work environment and better products.","Software Development","https://it.linkedin.com/company/joinrs-international","https://media.licdn.com/dms/image/v2/D4D0BAQFprpI9tmkwfA/company-logo_100_100/company-logo_100_100/0/1696490265118/joinrs_italia_logo?e=2147483647&v=beta&t=ibNOUGYzhH_7fohpZlVdbtXPJHJkPdm2EpLjMh5e3k0","","","","","","","","","","","","Trapani","linkedin","https://www.linkedin.com/jobs/view/4422988106","","","",90,"1de6b82cd42a34ba610f719df1ef2b619220a886",False,"","Trapani","amministrazione_contabilita","C",False,False,False,43.0,43.0,30.0,0.0,0.0,0.0,30.0,20.0,0.0,123.0,100.0,"A+","ZONA TRAPANI | erp, iva","erp, iva, excel, pec","new",""
"li-4414132116","linkedin","https://www.linkedin.com/jobs/view/4414132116","","Senior Consultant - SAP WM","KPMG Italy","Catania, Sicily, Italy","","fulltime","","","","","",False,"mid-senior level","Information Technology","","","The chance to build a better future is right in front of you **Do Work That Matters \\- Il tuo ruolo e le tue responsabilità** Vuoi fare un lavoro che sia davvero significativo e di impatto? In KPMG avrai l'opportunità di aiutare clienti, società, colleghe e colleghi ad affrontare e risolvere le sfide più attuali e complesse. KPMG Advisory affianca le imprese nella trasformazione del business model, nel miglioramento e nella digitalizzazione dei processi, supportando i clienti anche nell'analisi e gestione dei rischi e nelle operazioni di finanza straordinaria. Entrando a far parte del Team Enterprise Platforms, lavorerai su progetti di implementazione ed evoluzione SAP con focus su **SAP WM** , contribuendo ai processi di gestione del magazzino end\\-to\\-end su **SAP ECC** e **SAP S/4HANA** . Nello specifico, ti occuperai di: * Fit\\-to\\-Standard/Blueprint e disegno dei processi to\\-be con stakeholder di Logistica, Supply Chain e Operations * Configurazione SAP WM: struttura del magazzino, tipi di stoccaggio, aree di picking e strategie di prelievo e stoccaggio * Gestione dei movimenti di magazzino e transfer orders, con integrazione con i processi MM (entrate/uscite merce) e PP (approvvigionamento linea produttiva) * Supporto alla definizione dei processi di inventario, gestione lotti e numeri di serie * Integrazioni con MM, PP e SD (flussi logistici inbound e outbound) * Documentazione funzionale (Blueprint, Functional Design, specifiche sviluppi, manuali utente) Sarai coinvolta/o su progetti nazionali e internazionali, lavorando a stretto contatto con clienti e team multidisciplinari, in particolare su contesti **Industrial \\& Manufacturing** (es. Automotive, Industrial Manufacturing, Food \\& Drink, Consumer Products, Pharmaceutical \\& Life Sciences). **Come As You Are – Le tue competenze e caratteristiche** Questa opportunità è perfetta per te se: * Hai 3–5 anni di esperienza su progetti SAP WM, maturata su almeno un progetto di implementazione o migrazione S/4HANA * Hai competenze solide di configurazione SAP WM e padronanza dei processi logistici di magazzino in contesti industriali * Hai familiarità con le integrazioni WM–MM, WM–PP e WM–SD * Hai esperienza su documentazione funzionale, SIT/UAT e gestione requisiti in autonomia * Costituisce un plus la conoscenza di SAP EWM (Extended Warehouse Management), in ottica di evoluzione verso soluzioni di magazzino avanzate * Buona conoscenza dell'inglese, attitudine al lavoro in team e disponibilità a trasferte **Your Future With Us \\- Cosa troverai in KPMG** * Un ambiente di lavoro inclusivo, equo e che rispetta, incoraggia e valorizza le diversità * Un contesto stimolante e dinamico che incentiva la creatività e il lavoro di squadra * Modalità di lavoro ibrida, per promuovere un sano equilibrio tra vita lavorativa e personale * Programmi di formazione e sviluppo avanzati per rimanere sempre aggiornati * Mindset internazionale e progettualità innovative * Iniziative incentrate sul benessere psicofisico **Together for Better – I nostri valori e il nostro impegno** Leadership, lavoro in team, rispetto di ogni individualità, approfondimento continuo, trasparenza, impegno verso la comunità, integrità: questi sono i **Valori di KPMG** che danno vita a un ambiente aperto allo scambio di idee e di conoscenza, che permette ai nostri professionisti di **esprimere tutto il loro potenziale** . Grazie all’impegno nel favorire un **ambiente di lavoro inclusivo** , il nostro Network risulta conforme agli standard dei requisiti **ISO 30415** , sul Sistema di Gestione per la Diversità e l’Inclusione, e **UNI PdR 125** , relativa alla parità di genere. All’interno del nostro **Impact Plan** \\- Our Impact Plan (kpmg.com) \\- trovi riassunte tutte le **azioni** che stiamo portando avanti su tematiche ambientali, sociali e di governance ( **ESG** ). **Unisciti a noi!** I tuoi dati saranno trattati nel pieno rispetto delle disposizioni del Regolamento (UE) n. 679/2016 (General Data Protection Regulation \\- ""GDPR"") e successive modifiche. Per ulteriori informazioni, consultare l'informativa sulla privacy di KPMG. KPMG Advisory S.p.A. garantisce le pari opportunità. The chance to build a better future is right in front of you **Do Work That Matters \\- Your Role And Responsibilities** Do you want to do work that is truly meaningful and impactful? At KPMG you will have the opportunity to help clients, society, colleagues and peers tackle and solve the most current and complex challenges. KPMG Advisory supports companies in transforming their business model, improving and digitalising their processes, while also helping clients analyse and manage risks and navigate extraordinary finance transactions. By joining the Enterprise Platforms Team, you will work on SAP implementation and evolution projects with a focus on **SAP WM** , contributing to end\\-to\\-end warehouse management processes on **SAP ECC** and **SAP S/4HANA** . Specifically, you will be responsible for: * Fit\\-to\\-Standard/Blueprint and to\\-be process design with Logistics, Supply Chain and Operations stakeholders * SAP WM configuration: warehouse structure, storage types, picking areas and putaway and picking strategies * Management of warehouse movements and transfer orders, integrated with MM (goods receipts/issues) and PP (production supply) processes * Support in defining stocktaking processes, batch management and serial number handling * Integrations with MM, PP and SD (inbound and outbound logistics flows) * Functional documentation (Blueprint, Functional Design, development specifications, user manuals) You will be involved in national and international projects, working closely with clients and multidisciplinary teams, particularly in Industrial \\& Manufacturing contexts (e.g. Automotive, Industrial Manufacturing, Food \\& Drink, Consumer Products, Pharmaceutical \\& Life Sciences). **Come As You Are – Your Skills And Background** This opportunity is the right fit for you if: * You have 3–5 years of experience on SAP WM projects, gained on at least one S/4HANA implementation or migration project * You have solid SAP WM configuration skills and a strong command of warehouse logistics processes in industrial environments * You are familiar with WM–MM, WM–PP and WM–SD integrations * You have experience in functional documentation, SIT/UAT and requirements management, working independently * Knowledge of SAP EWM (Extended Warehouse Management) is a plus, with a view to evolving towards advanced warehouse solutions * Good command of English, team\\-oriented mindset and willingness to travel as required by project needs **Your Future With Us \\- What you will find at KPMG** * An inclusive and equitable work environment that respects, encourages and values diversity * A stimulating and dynamic context that fosters creativity and teamwork * Hybrid working model to promote a healthy work\\-life balance * Advanced training and development programmes to keep you always up to date * International mindset and innovative projects * Initiatives focused on physical and mental wellbeing **Together for Better – Our values and commitment** Leadership, teamwork, respect for every individual, continuous learning, transparency, commitment to the community, integrity: these are KPMG's Values, which create an environment open to the exchange of ideas and knowledge, allowing our professionals to express their full potential. Through our commitment to fostering an inclusive work environment, our Network complies with the requirements of ISO 30415 (Diversity and Inclusion Management System) and UNI PdR 125 (gender equality). Within our Impact Plan — Our Impact Plan (kpmg.com) — you will find a summary of all the actions we are taking on environmental, social and governance (ESG) topics. Join us! Personal data will be processed in full compliance with the provisions of EU Regulation No. 679/2016 (General Data Protection Regulation — ""GDPR"") and subsequent amendments. For further information, please refer to KPMG's privacy policy. KPMG Advisory S.p.A. is an equal opportunity employer.","Business Consulting and Services","https://it.linkedin.com/company/kpmg-italy","https://media.licdn.com/dms/image/v2/D4D0BAQE_SHsI8wzpkQ/company-logo_100_100/company-logo_100_100/0/1719849816523/kpmg_italy_logo?e=2147483647&v=beta&t=zyevTzjepzgbyGnX_iz5_gioRsOFj74coUdW5zYZrik","","","","","","","","","","","","Sicilia","linkedin","https://www.linkedin.com/jobs/view/4414132116","","","",90,"f9f14c30ef32a9a0c9a4409d9a25db6f1fcb64eb",False,"","Sicilia","amministrazione_contabilita","C",True,False,False,89.0,89.0,10.0,0.0,0.0,0.0,15.0,0.0,0.0,114.0,100.0,"A+","sap, erp","sap, erp, logistica, iva, inbound, outbound, inventario, pec","new",""
"li-4422694746","linkedin","https://www.linkedin.com/jobs/view/4422694746","","Junior Administration - Amministrazione","Joinrs","","","fulltime","","","","","",True,"entry level","Accounting/Auditing and Administrative","","","**In Joinrs lavoriamo duramente e sogniamo in grande. Unisciti a noi per vivere l’emozione di un nuovo inizio!** Siamo costantemente alla ricerca di studenti, laureandi e giovani laureati che ambiscano ad entrare nel nostro team: candidati a questa posizione e **verrai contattato dal nostro team HR non appena apriremo una posizione in questo ambito** e il tuo CV risulti idoneo con il profilo ricercato. Per tutte le posizioni come **'Junior Administration \\- Amministrazione' cerchiamo laureandi o laureati in Economia, Giurisprudenza, Scienze Politiche, Discipline Umanistiche o affini:** offriamo un **contratto di apprendistato** ( **RAL iniziale di €22\\.5k\\-€24k \\& buoni pasto** ). Avrai la possibilità di formarti ogni giorno grazie al training on the job, di lavorare sia presso uno dei nostri uffici che in remoto, di usufruire di **ferie illimitate** . Riceverai in dotazione un MacBook di ultima generazione. **Cerchiamo sia profili senza esperienza, sia profili con al massimo 3 anni di esperienza pregressa.** \\-\\- **Chi siamo** Siamo una squadra unita che crede fortemente nella sua mission: **rivoluzionare la ricerca del lavoro colmando la distanza tra il mondo dell’università e le aziende, aiutando ogni neolaureato a svelare il proprio potenziale** e consentendogli di vivere il nuovo inizio di carriera con l’ottimismo di una prospettiva chiara. Insieme lavoriamo, ci confrontiamo e otteniamo risultati che ci stimolano a raggiungere obiettivi sempre più ambiziosi. Siamo intraprendenti, abbiamo un approccio tech\\-driven e siamo alla costante ricerca di feedback. Siamo stimolati dalla diversità, inclusivi e siamo inarrestabili ottimisti! **La nostra community conta oltre 1\\.5 milioni di iscritti** in *Italia, UK, Spagna, Brasile, Francia, Portogallo e Germania* e **700 aziende** del calibro di *PwC, Accenture, Gi Group, BNP Paribas, UniCredit* e sta crescendo in modo esponenziale: usciti a noi! \\-\\- **Ti occuperai di:** * **Gestione della Documentazione:** Sarai responsabile, in supporto all'HR, dell'organizzazione e dell'archiviazione della documentazione aziendale, garantendo la sua accessibilità e integrità. * **Aggiornamento dei Database:** Collaborerai nell'aggiornare e mantenere aggiornati i database aziendali, in particolare quello delle aziende clienti e dei dipendenti. * **Supporto alle Risorse Umane:** Assisterai nel processo di assunzione, preparando documenti, schede informative e coordinando le attività di onboarding per i nuovi dipendenti. * **Elaborazione delle Fatture e delle Spese:** Collaborerai nella preparazione e nell'elaborazione delle fatture clienti e delle spese aziendali, garantendo la precisione e la puntualità dei pagamenti. * **Supporto al commercialista:** Sarai il punto di riferimento tra Joinrs e lo studio di commercialisti che segue l'azienda. \\-\\- **Cosa ti offriamo:** Il team di Joinrs ha diversi benefit e vantaggi: * **Remote working e flessibilità:** avrai la possibilità di lavorare in presenza presso uno dei nostri uffici oppure da remoto, in accordo con il tuo responsabile. * **Ferie illimitate:** la politica di Joinrs non è lavorare tanto, ma lavorare bene: per questo potrai prenderti tutte le ferie di cui hai bisogno per raggiungere i tuoi obiettivi e quelli dell’azienda. * **Training:** sarai sempre affiancato da un tutor nel tuo percorso in joinrs: avrai un punto di riferimento sia per gli aspetti tecnici che di team. Ti assicuriamo una crescita professionale costante che si concretizza con l’aumento progressivo delle tue responsabilità: potrai partecipare ad eventi di settore e corsi di formazione oltre ad avere una formazione continua sulle migliori piattaforme di e\\-learning; * **Social Impact:** il tuo lavoro aiuterà migliaia di neolaureati a trovare il lavoro a cui aspirano: avrai la possibilità di confrontarti con la nostra community e scoprire l'impatto sociale e la rivoluzione che stiamo portando. * **Ambiente di lavoro dinamico:** i nostri uffici su Roma, Milano e Londra sono sempre aperti: spazi di lavoro condivisi, sale riunioni, biliardino, postazione gaming, area break e bar con frutta fresca e snack di ogni tipo. I nostri uffici sono pensati per creare un ambiente di lavoro informale e per favorire i momenti di condivisione, sempre nel rispetto del lavoro individuale; * **Team building \\& Fun:** aperitivi, giochi e i momenti di svago sono parte integrante della vita in Joinrs, sia fuori che dentro l’ufficio; * **Tech Pack:** utilizzerai strumenti avanzati e tecnologie moderne e ti verrà fornito in dotazione un MacBook di ultima generazione; * **Welfare aziendale:** ti garantiamo un welfare azienda privato all'altezza delle tue aspettative. \\-\\- **Contratto \\& Retribuzione:** Per questa posizione è previsto un contratto di apprendistato con una **RAL iniziale di €22\\.5k\\-€24k** (\\+ buoni pasto). E' previsto, ogni sei mesi, una review dello stipendio e la tua retribuzione crescerà rapidamente man mano che accumulerai esperienza e la tradurrai in un impatto sempre maggiore. \\-\\- **Il processo di selezione:** 1\\. Screening del CV: il primo step è uno screen del curriculum (solitamente avviene entro 20 giorni dalla candidatura); 2\\. Colloquio telefonico: il secondo step prevederà un colloquio telefonico con il nostro HR Manager della durata di circa 15 minuti; 3\\. Colloquio video: l'ultimo step sarà un video colloquio sia con l'HR Manager che con il tuo futuro responsabile. Prevediamo almeno 45 minuti di interview; \\-\\- **Perchè entrare nella nostra squadra?** **Impatto sociale:** avrai modo di supportare la nostra community a realizzare le loro ambizioni. E le tue; **Startup di successo:** Joinrs è stata selezionata tra le 10 migliori startup al mondo al Web Summit di Lisbona; **Crescita personale esponenziale:** avrai l'opportunità di crescere in modo esponenziale, sia lato hard che soft skills grazie ad un programma di formazione basato su training on the job e supporto online.","Human Resources Services and Software Development","https://it.linkedin.com/company/joinrs-international","https://media.licdn.com/dms/image/v2/D4D0BAQFprpI9tmkwfA/company-logo_100_100/company-logo_100_100/0/1696490265118/joinrs_italia_logo?e=2147483647&v=beta&t=ibNOUGYzhH_7fohpZlVdbtXPJHJkPdm2EpLjMh5e3k0","","","","","","","","","","","","Trapani","linkedin","https://www.linkedin.com/jobs/view/4422694746","","","",90,"62b285e32d46f7e95edee918d7df675a3911757a",False,"","Trapani","amministrazione_contabilita","C",False,False,False,48.0,48.0,40.0,20.0,0.0,0.0,30.0,20.0,0.0,158.0,100.0,"A+","ZONA TRAPANI | iva, commercialista","iva, commercialista, amministrazione, archiviazione, apprendistato","new",""
"li-4422955903","linkedin","https://www.linkedin.com/jobs/view/4422955903","","Junior Back Office (RAL > €22K)","Joinrs","","","fulltime","","","","","",True,"entry level","Information Technology and Engineering","","","**In Joinrs lavoriamo duramente e sogniamo in grande. Unisciti a noi per vivere l’emozione di un nuovo inizio!** Siamo costantemente alla ricerca di **studenti, laureandi e giovani laureati in economia, giurisprudenza, scienze politiche** e altre discipline affini che ambiscano ad entrare nel nostro team: candidati a questa posizione e **verrai contattato dal nostro team HR non appena apriremo una posizione in questo ambito** e il tuo CV risulti idoneo con il profilo ricercato. Per tutte le posizioni **Entry Level** in questo ambito, offriamo un **contratto di apprendistato (RAL iniziale: €22\\.500\\-€25\\.000 \\+ buoni pasto)** oppure un **contratto di stage (€1\\.000 al mese \\+ buoni pasto)** con finalità di assunzione: avrai la possibilità di crescere esponenzialmente grazie alla formazione on the job, potrai lavorare presso uno dei nostri uffici o in remoto, e ti doteremo di un MacBook di ultima generazione. \\-\\- **Chi siamo** Siamo una squadra unita che crede fortemente nella sua mission: **rivoluzionare la ricerca del lavoro colmando la distanza tra il mondo dell’università e le aziende, aiutando ogni neolaureato a svelare il proprio potenziale** e consentendogli di vivere il nuovo inizio di carriera con l’ottimismo di una prospettiva chiara. Insieme lavoriamo, ci confrontiamo e otteniamo risultati che ci stimolano a raggiungere obiettivi sempre più ambiziosi. Siamo intraprendenti, abbiamo un approccio tech\\-driven e siamo alla costante ricerca di feedback. Siamo stimolati dalla diversità, inclusivi e siamo inarrestabili ottimisti! **La nostra community conta oltre 1\\.5 milioni di iscritti** in *Italia, UK, Spagna, Brasile, Francia, Portogallo e Germania* e **700 aziende** del calibro di *PwC, UniCredit, Gi Group, Accenture, Barilla* e sta crescendo in modo esponenziale: usciti a noi! \\-\\- **All'interno ti potrai occupare di diverse arrività come:** * **Gestirai attività di back office operativo e amministrativo** , occupandoti della raccolta, verifica e archiviazione di documentazione (contratti, ordini, fatture, anagrafiche clienti e partner); * **Aggiornerai e manterrai allineati i dati su CRM** e strumenti interni, assicurandoti che le informazioni siano corrette, complete e sempre aggiornate; * **Supporterai il team Finance** nelle attività di fatturazione, controllo dei pagamenti, riconciliazioni e monitoraggio delle scadenze; * **Collaborerai con i team Sales e Customer Success** , fornendo supporto operativo nella gestione dei clienti e delle richieste quotidiane; * **Monitorerai i flussi operativi** , segnalando eventuali anomalie o inefficienze e contribuendo al miglioramento continuo dei processi; * **Parteciperai alla standardizzazione delle procedure** , aiutando a documentare processi e best practice per rendere il lavoro più scalabile; * **Userai strumenti digitali** (CRM, fogli di calcolo, tool di project management) per organizzare attività, dati e priorità. \\-\\- **Cosa ti offriamo:** Il team di Joinrs ha diversi benefit e vantaggi: * **Remote working e flessibilità:** avrai l’opportunità di lavorare presso i nostri uffici o in remoto, concordandoti preventivamente con il tuo responsabile. * **Training:** sarai sempre affiancato da un tutor nel tuo percorso in joinrs: avrai un punto di riferimento sia per gli aspetti tecnici che di team. Ti assicuriamo una crescita professionale costante che si concretizza con l’aumento progressivo delle tue responsabilità: potrai partecipare ad eventi di settore e corsi di formazione oltre ad avere una formazione continua sulle migliori piattaforme di e\\-learning; * **Social Impact:** il tuo lavoro aiuterà migliaia di neolaureati a trovare il lavoro a cui aspirano: avrai la possibilità di confrontarti con la nostra community e scoprire l'impatto sociale e la rivoluzione che stiamo portando. * **Ambiente di lavoro dinamico:** i nostri uffici su Roma, Milano e Londra sono sempre aperti: spazi di lavoro condivisi, sale riunioni, biliardino, postazione gaming, area break e bar con frutta fresca e snack di ogni tipo. I nostri uffici sono pensati per creare un ambiente di lavoro informale e per favorire i momenti di condivisione, sempre nel rispetto del lavoro individuale; * **Team building \\& Fun:** aperitivi, giochi e i momenti di svago sono parte integrante della vita in Joinrs, sia fuori che dentro l’ufficio; * **Tech Pack:** utilizzerai strumenti avanzati e tecnologie moderne e ti verrà fornito in dotazione un MacBook di ultima generazione; * **Welfare aziendale:** ti garantiamo un welfare azienda privato all'altezza delle tue aspettative. \\-\\- **Contratto \\& Retribuzione:** Per tutte le posizioni **Junior** offriamo, in base alla seniority della persona, un **contratto di apprendistato** (RAL iniziale €22\\.500\\-€25\\.000 \\+ buoni pasto) oppure un **contratto di stage** (€1\\.000 al mese \\+ buoni pasto) con finalità di assunzione. E' previsto, ogni sei mesi, una review dello stipendio e la tua retribuzione crescerà rapidamente man mano che accumulerai esperienza e la tradurrai in un impatto sempre maggiore. \\-\\- **Il processo di selezione:** 1\\. Screening del CV: il primo step è uno screen del curriculum (solitamente avviene entro 20 giorni dalla candidatura); 2\\. Colloquio telefonico: il secondo step prevederà un colloquio telefonico con il nostro HR Manager della durata di circa 15 minuti; 3\\. Colloquio video: l'ultimo step sarà un video colloquio sia con l'HR Manager che con il tuo futuro responsabile. Prevediamo almeno 45 minuti di interview; \\-\\- **Perchè entrare nella nostra squadra?** **Impatto sociale:** avrai modo di supportare la nostra community a realizzare le loro ambizioni. E le tue; **Startup di successo:** Joinrs è stata selezionata tra le 10 migliori startup al mondo al Web Summit di Lisbona; **Crescita personale esponenziale:** avrai l'opportunità di crescere in modo esponenziale, sia lato hard che soft skills grazie ad un programma di formazione basato su training on the job e supporto online.","Software Development and Human Resources Services","https://it.linkedin.com/company/joinrs-international","https://media.licdn.com/dms/image/v2/D4D0BAQFprpI9tmkwfA/company-logo_100_100/company-logo_100_100/0/1696490265118/joinrs_italia_logo?e=2147483647&v=beta&t=ibNOUGYzhH_7fohpZlVdbtXPJHJkPdm2EpLjMh5e3k0","","","","","","","","","","","","Trapani","linkedin","https://www.linkedin.com/jobs/view/4422955903","","","",90,"28f6eb5b7868a7b468b64ea9778a2a67c8c09efa",False,"","Trapani","amministrazione_contabilita","C",False,False,False,91.0,91.0,30.0,20.0,0.0,0.0,30.0,20.0,0.0,191.0,100.0,"A+","ZONA TRAPANI | back office, fatturazione","back office, fatturazione, crm, iva, amministrativo, ordini, archiviazione, stage","new",""
"li-4424083214","linkedin","https://www.linkedin.com/jobs/view/4424083214","","Senior SEO & IA – iGaming","AKRO DIGITAL","","2026-06-03","fulltime","","","","","",False,"mid-senior level","Marketing and Sales","","","📍 Da remoto (Europa / Asia), con la possibilità di lavorare dai nostri uffici in Thailandia **CHI SIAMO** Un'azienda di media online, presente su mercati competitivi e multilingue. **CHI CERCHIAMO** Un Senior SEO che padroneggi sia la SEO iGaming (casino online / sport betting) sia l'IA: una persona capace di gestire le performance SEO dall'inizio alla fine su uno o più siti e di creare sistemi con l'IA per produrre su larga scala. Operativo fin dal primo giorno. **COSA VOGLIAMO CHE TU SAPPIA FARE** • SEO iGaming (casino online / sport betting), dimostrata con risultati concreti (almeno 3 anni) • Creare contenuti e pagine che si posizionano su mercati competitivi, manualmente • Conoscere a fondo le keyword del settore • Solide competenze di link building • Creare sistemi e processi con l'IA per produrre su larga scala e lavorare più velocemente (orchestrazione, automazione, es. Claude Code), con la capacità di giudizio per capire cosa si posiziona davvero e correggere ciò che non funziona • Parlare inglese abbastanza bene da comunicare con il team **CHI SEI** • Rigoroso, con un'attenzione estrema al dettaglio • Aperto al confronto, capace di seguire una direzione e di adattare il tuo lavoro di conseguenza **DOVE PUÒ PORTARE** In base ai tuoi risultati e alla crescita dell'azienda, il ruolo può evolvere verso maggiori responsabilità e gestione di un team (ad esempio Head of SEO o SEO Manager). **PROCESSO DI SELEZIONE** Primo colloquio, test tecnico pratico, colloquio finale. **COME CANDIDARSI** Inviaci il tuo CV e una lettera di presentazione, entrambi in inglese. Nella lettera, dimostra la tua esperienza con informazioni concrete e risultati.","Technology, Information and Internet","https://www.linkedin.com/company/akro-digital","https://media.licdn.com/dms/image/v2/D560BAQGuknckiiXaGQ/company-logo_100_100/B56ZtpvyZsJoAQ-/0/1767005693959?e=2147483647&v=beta&t=wzlx04DxcxLMEZOsOaIG5_NloOTnr8fIgIFNgWQ_PVI","","","","","","","","","","","","Trapani","linkedin","https://www.linkedin.com/jobs/view/4424083214","","","",90,"a04a97a427fdc94c92ca9ede5a56219a8ce1f019",False,"","Trapani","ecommerce_web_social","C",True,False,False,38.0,38.0,10.0,0.0,0.0,0.0,30.0,20.0,0.0,98.0,98.0,"A+","ZONA TRAPANI | sap, seo","sap, seo, word","new",""
"li-4422812215","linkedin","https://www.linkedin.com/jobs/view/4422812215","","Sales & account manager","Bending Spoons","","2026-06-01","fulltime","","","","","",True,"entry level","Sales and Product Management","","","At Bending Spoons, we’re striving to build one of the all\\-time great companies. A company that serves a huge number of customers. A company where team members grow to their full potential. A company that functions at unparalleled levels of effectiveness and efficiency. A company that creates value for shareowners at an extraordinary rate. And a company that does so while adhering to high ethical standards. In pursuit of this objective, we acquire and improve digital businesses, not to sell on, but to own and operate for the long term. The transformations we make are often deep—designed to speed up innovation, benefit customers, and strengthen business performance. Here, hierarchy is minimal and teams are small and talent\\-dense. We operate established products with the ambition, agility, and urgency of a startup. Across the company, we integrate AI deeply into how we work so that human judgment and machine intelligence reinforce each other. For a talented, driven, and collaborative individual, working at Bending Spoons is an opportunity to learn, make an impact, and progress their career at an exceptionally high rate. That’s our promise to such a candidate. **A few examples of your responsibilities** * Help build a world\\-class B2B sales function, contributing to the strategy, processes, and standards that shape how we approach enterprise customers. * Identify and prioritize high\\-potential leads using data and the latest AI tools, then convert corporate clients through cold calls and targeted outreach to drive long\\-term revenue growth. * Develop a deep understanding of your industry’s incentives, decision\\-makers, and purchasing dynamics to build strong, long\\-term client relationships. * Represent our products with clarity and confidence, collecting feedback from clients and sharing actionable insights to help shape product development. * Use performance data to understand what works, focus on the highest\\-value opportunities, and continuously refine your sales approach. * Deliver exceptional service at every touchpoint, building trust and long\\-term partnerships with clients. **What we look for** * **Reasoning ability.** Given the necessary knowledge, you can solve complex problems. You think from first principles, and structure your ideas sharply. You resist the influence of biases. You identify and take care of the details that matter. * **Drive.** You’re extremely ambitious in everything you do—and your initiative, effort, and tenacity match the intensity of your ambition. You feel deeply responsible for your work. You hold yourself to a high—and rising—bar. * **Team spirit.** You give generously and without the expectation of receiving in return. You support the best idea, not your idea. You're always happy to get your hands dirty to help your team. You’re reliable, honest, and transparent. * **Proficiency in English.** You read, write, and speak proficiently in English. **What we offer** * **Incredibly talented, entrepreneurial teams.** You’ll work in small, result\\-oriented, autonomous teams alongside some of the brightest people in your field. * **An exceptional opportunity for growth.** We go to great lengths to hire individuals of outstanding potential—then, our priority is to put them in the ideal position to thrive. Spooners in their 20s lead products worth hundreds of millions of dollars. And if you’ve got what it takes, you’ll soon be playing an essential role in major projects, too. * **Competitive pay and access to equity in the company.** Typically, we offer individuals at the start of their career an annual salary of £56,345 in London and €54,346 elsewhere in Europe. For a candidate that we assess as possessing considerable relevant experience, the salary on offer tends to be between £68,579 and £151,436 in London, and €66,065 and €145,430 elsewhere in Europe. Compensation varies by location and expected impact, and grows rapidly as you gain experience and translate it into greater contributions. For individuals who demonstrate exceptional capability, we may offer compensation that extends beyond the usual ranges to reflect their higher expected impact. If you're offered a permanent contract, you'll also be able receive some of your pay in company equity at a discounted price, thus participating in the value creation we achieve together. If relocating to Italy, you may enjoy a 50% tax cut. * **All. These. Benefits.** Flexible hours, remote working, unlimited backing for learning and training, top\\-of\\-the\\-market health insurance, a rich relocation package, generous parental support, and a yearly retreat to a stunning location. We help each Spooner set up the conditions to do their best work. **Commitment \\& contract** Permanent or fixed\\-term. Full\\-time or part\\-time. **Location** Milan (Italy), London (UK), Madrid (Spain), Warsaw (Poland) or remote in selected countries. **The selection process** In our screening process, we prioritize verifiable signals of excellence, regardless of seniority. There are no preferential paths beyond what your application demonstrates, and we evaluate every candidate through the same process. Some people hold back because they feel they lack experience or have an “imperfect” CV. If you like the role and believe you could excel over time, don’t self\\-reject. All applications go through our careers page, which is the only way to be considered. If you pass our screening, you’ll be asked to complete one or more tests. They are challenging, may involve unfamiliar problems, and can take several hours. We set the bar high and won’t extend an offer until we’re confident we’ve found the right candidate. This is why a job may remain open for months or be reposted several times. We consider all applicants for employment and provide reasonable accommodations for individuals with disabilities—please let us know through this form. **Before you apply** If you’ve applied before but didn't receive an offer, we recommend waiting at least one year before applying again. Bending Spoons is a demanding environment. We’re extremely ambitious and we hold ourselves—and one another—to a high standard. While this tends to lead to extraordinary learning, achievement, and career growth, it also requires significant commitment. To help you ramp up quickly and set yourself up for success, we recommend spending your first few months working from our Milan office, regardless of your long\\-term work location. It’s the best way to rapidly absorb our company culture and build trust with your new teammates. We’ll support you with generous travel and accommodation assistance. After that, you’re welcome to work from our offices in Milan or London, or remotely from approved countries—depending on what we agree at the offer stage. If the role speaks to you and you’re excited to give your best, we’d love to hear from you. Apply now—we can’t wait to meet you.","Software Development","https://it.linkedin.com/company/bendingspoons","https://media.licdn.com/dms/image/v2/D4E0BAQHDn0lajf8A3g/company-logo_100_100/B4EZx1lwm7IEAQ-/0/1771499359405/bendingspoons_logo?e=2147483647&v=beta&t=9N6kR4clNsmlT3LFjnaBwqZZU8AK0QgcrhkqdyN2w7U","","","","","","","","","","","","Trapani","linkedin","https://www.linkedin.com/jobs/view/4422812215","","","",90,"f40e7a8fc732691d6adbaec71c7b53ec4f0ccf33",False,"","Trapani","other","B",True,False,False,48.0,48.0,0.0,0.0,0.0,0.0,30.0,20.0,0.0,98.0,98.0,"A+","ZONA TRAPANI | erp, b2b","erp, b2b, excel, pec, stage","new",""
"li-4424477525","linkedin","https://www.linkedin.com/jobs/view/4424477525","","Graduate sales & account manager","Bending Spoons","","","fulltime","","","","","",True,"entry level","Sales and Product Management","","","At Bending Spoons, we’re striving to build one of the all\\-time great companies. A company that serves a huge number of customers. A company where team members grow to their full potential. A company that functions at unparalleled levels of effectiveness and efficiency. A company that creates value for shareowners at an extraordinary rate. And a company that does so while adhering to high ethical standards. In pursuit of this objective, we acquire and improve digital businesses, not to sell on, but to own and operate for the long term. The transformations we make are often deep—designed to speed up innovation, benefit customers, and strengthen business performance. Here, hierarchy is minimal and teams are small and talent\\-dense. We operate established products with the ambition, agility, and urgency of a startup. Across the company, we integrate AI deeply into how we work so that human judgment and machine intelligence reinforce each other. For a talented, driven, and collaborative individual, working at Bending Spoons is an opportunity to learn, make an impact, and progress their career at an exceptionally high rate. That’s our promise to such a candidate. In this six\\-month internship, you’ll contribute to priority projects, collaborate closely with skilled teammates, and build strong foundations for your growth. **A few examples of your responsibilities** * Help build a world\\-class B2B sales function, contributing to the strategy, processes, and standards that shape how we approach enterprise customers. * Identify and prioritize high\\-potential leads using data and the latest AI tools, then convert corporate clients through cold calls and targeted outreach to drive long\\-term revenue growth. * Develop a deep understanding of your industry’s incentives, decision\\-makers, and purchasing dynamics to build strong, long\\-term client relationships. * Represent our products with clarity and confidence, collecting feedback from clients and sharing actionable insights to help shape product development. * Use performance data to understand what works, focus on the highest\\-value opportunities, and continuously refine your sales approach. * Deliver exceptional service at every touchpoint, building trust and long\\-term partnerships with clients. **What we look for** * **Reasoning ability.** Given the necessary knowledge, you can solve complex problems. You think from first principles, and structure your ideas sharply. You resist the influence of biases. You identify and take care of the details that matter. * **Drive.** You’re extremely ambitious in everything you do—and your initiative, effort, and tenacity match the intensity of your ambition. You feel deeply responsible for your work. You hold yourself to a high—and rising—bar. * **Team spirit.** You give generously and without the expectation of receiving in return. You support the best idea, not your idea. You're always happy to get your hands dirty to help your team. You’re reliable, honest, and transparent. * **Proficiency in English.** You read, write, and speak proficiently in English. **What we offer** * **Incredibly talented, entrepreneurial teams.** You’ll work in small, result\\-oriented, autonomous teams alongside some of the brightest people in your field. * **An exceptional opportunity for growth.** We go to great lengths to hire individuals of outstanding potential—then, our priority is to put them in the ideal position to thrive. Spooners in their 20s lead products worth hundreds of millions of dollars. And if you’ve got what it takes, you’ll soon be playing an essential role in major projects, too. * **Competitive pay and access to equity in the company.** Typically, we offer individuals at the start of their career an annual salary of £56,345 in London and €54,346 elsewhere in Europe. For a candidate that we assess as possessing considerable relevant experience, the salary on offer tends to be between £68,579 and £151,436 in London, and €66,065 and €145,430 elsewhere in Europe. Compensation varies by location and expected impact, and grows rapidly as you gain experience and translate it into greater contributions. For individuals who demonstrate exceptional capability, we may offer compensation that extends beyond the usual ranges to reflect their higher expected impact. If you're offered a permanent contract, you'll also be able receive some of your pay in company equity at a discounted price, thus participating in the value creation we achieve together. If relocating to Italy, you may enjoy a 50% tax cut. * **All. These. Benefits.** Flexible hours, remote working, unlimited backing for learning and training, top\\-of\\-the\\-market health insurance, a rich relocation package, generous parental support, and a yearly retreat to a stunning location. We help each Spooner set up the conditions to do their best work. **Commitment \\& contract** Permanent or fixed\\-term. Full\\-time or part\\-time. **Location** Milan (Italy), London (UK), Madrid (Spain), Warsaw (Poland) or remote in selected countries. **The selection process** In our screening process, we prioritize verifiable signals of excellence, regardless of seniority. There are no preferential paths beyond what your application demonstrates, and we evaluate every candidate through the same process. Some people hold back because they feel they lack experience or have an “imperfect” CV. If you like the role and believe you could excel over time, don’t self\\-reject. All applications go through our careers page, which is the only way to be considered. If you pass our screening, you’ll be asked to complete one or more tests. They are challenging, may involve unfamiliar problems, and can take several hours. We set the bar high and won’t extend an offer until we’re confident we’ve found the right candidate. This is why a job may remain open for months or be reposted several times. We consider all applicants for employment and provide reasonable accommodations for individuals with disabilities—please let us know through this form. **Before you apply** If you’ve applied before but didn't receive an offer, we recommend waiting at least one year before applying again. Bending Spoons is a demanding environment. We’re extremely ambitious and we hold ourselves—and one another—to a high standard. While this tends to lead to extraordinary learning, achievement, and career growth, it also requires significant commitment. To help you ramp up quickly and set yourself up for success, we recommend spending your first few months working from our Milan office, regardless of your long\\-term work location. It’s the best way to rapidly absorb our company culture and build trust with your new teammates. We’ll support you with generous travel and accommodation assistance. After that, you’re welcome to work from our offices in Milan or London, or remotely from approved countries—depending on what we agree at the offer stage. If the role speaks to you and you’re excited to give your best, we’d love to hear from you. Apply now—we can’t wait to meet you.","Software Development","https://it.linkedin.com/company/bendingspoons","https://media.licdn.com/dms/image/v2/D4E0BAQHDn0lajf8A3g/company-logo_100_100/B4EZx1lwm7IEAQ-/0/1771499359405/bendingspoons_logo?e=2147483647&v=beta&t=9N6kR4clNsmlT3LFjnaBwqZZU8AK0QgcrhkqdyN2w7U","","","","","","","","","","","","Trapani","linkedin","https://www.linkedin.com/jobs/view/4424477525","","","",90,"ddfd336f703820607154350b6832e69578983866",False,"","Trapani","other","B",True,False,False,48.0,48.0,0.0,0.0,0.0,0.0,30.0,20.0,0.0,98.0,98.0,"A+","ZONA TRAPANI | erp, b2b","erp, b2b, excel, pec, stage","new",""
"li-4414118783","linkedin","https://www.linkedin.com/jobs/view/4414118783","","Senior Consultant - SAP PP","KPMG Italy","Palermo, Sicily, Italy","","fulltime","","","","","",False,"mid-senior level","Information Technology","","","The chance to build a better future is right in front of you **Do Work That Matters \\- Il tuo ruolo e le tue responsabilità** Vuoi fare un lavoro che sia davvero significativo e di impatto? In KPMG avrai l'opportunità di aiutare clienti, società, colleghe e colleghi ad affrontare e risolvere le sfide più attuali e complesse. KPMG Advisory affianca le imprese nella trasformazione del business model, nel miglioramento e nella digitalizzazione dei processi, supportando i clienti anche nell'analisi e gestione dei rischi e nelle operazioni di finanza straordinaria. Entrando a far parte del Team Enterprise Platforms, lavorerai su progetti di implementazione ed evoluzione **SAP** con focus su **SAP PP** , contribuendo ai processi di pianificazione e gestione della produzione end\\-to\\-end ( **Plan\\-to\\-Produce** ) su **SAP ECC** e **SAP S/4HANA** . Nello specifico, ti occuperai di: * Analisi dei requisiti produttivi e traduzione in soluzioni SAP PP, guidando autonomamente sessioni di design con gli stakeholder * Fit\\-to\\-Standard/Blueprint e disegno dei processi to\\-be con referenti di Production, Supply Chain Planning e Operations * Configurazione PP: strutture organizzative, tipi ordine, distinte base (BOM), cicli di lavoro (routing) e centri di lavoro * MRP: configurazione parametri di pianificazione, classi MRP, lot sizing e gestione eccezioni * Gestione del ciclo di vita degli ordini di produzione (rilascio, conferma, goods movements, chiusura) e process orders in ambito PP\\-PI * Integrazioni con MM, CO\\-PC (product costing e scostamenti) ed EWM/WM * Redazione di documentazione funzionale (Blueprint, Functional Design, specifiche sviluppi, manuali utente) Sarai coinvolta/o su progetti nazionali e internazionali, lavorando a stretto contatto con clienti e team multidisciplinari, in particolare su contesti **Industrial \\& Manufacturing** (es. Automotive, Industrial Manufacturing, Food \\& Drink, Consumer Products, Pharmaceutical \\& Life Sciences). **Come As You Are – Le tue competenze e caratteristiche** Questa opportunità è perfetta per te se: * Hai 3–5 anni di esperienza su progetti SAP PP, maturata su almeno un progetto di implementazione o migrazione S/4HANA * Hai competenze solide di configurazione PP (BOM, routing, work centers) e padronanza dei processi Plan\\-to\\-Produce in scenari Make\\-to\\-Stock e/o Make\\-to\\-Order * Sai configurare e analizzare i risultati MRP, interpretare le eccezioni e supportare i planner del cliente * Hai esperienza su documentazione funzionale, SIT/UAT e gestione requisiti in autonomia * Hai familiarità con le integrazioni PP–MM, PP–CO\\-PC e, preferibilmente, PP–EWM * Costituisce un plus la conoscenza di PP\\-PI per contesti farmaceutici, chimici o food \\& beverage * Buona conoscenza dell'inglese, attitudine al lavoro in team e disponibilità a trasferte **Your Future With Us \\- Cosa troverai in KPMG** * Un ambiente di lavoro inclusivo, equo e che rispetta, incoraggia e valorizza le diversità * Un contesto stimolante e dinamico che incentiva la creatività e il lavoro di squadra * Modalità di lavoro ibrida, per promuovere un sano equilibrio tra vita lavorativa e personale * Programmi di formazione e sviluppo avanzati per rimanere sempre aggiornati * Mindset internazionale e progettualità innovative * Iniziative incentrate sul benessere psicofisico **Together for Better – I nostri valori e il nostro impegno** Leadership, lavoro in team, rispetto di ogni individualità, approfondimento continuo, trasparenza, impegno verso la comunità, integrità: questi sono i **Valori di KPMG** che danno vita a un ambiente aperto allo scambio di idee e di conoscenza, che permette ai nostri professionisti di **esprimere tutto il loro potenziale** . Grazie all’impegno nel favorire un **ambiente di lavoro inclusivo** , il nostro Network risulta conforme agli standard dei requisiti **ISO 30415** , sul Sistema di Gestione per la Diversità e l’Inclusione, e **UNI PdR 125** , relativa alla parità di genere. All’interno del nostro **Impact Plan** \\- Our Impact Plan (kpmg.com) \\- trovi riassunte tutte le **azioni** che stiamo portando avanti su tematiche ambientali, sociali e di governance ( **ESG** ). **Unisciti a noi!** I tuoi dati saranno trattati nel pieno rispetto delle disposizioni del Regolamento (UE) n. 679/2016 (General Data Protection Regulation \\- ""GDPR"") e successive modifiche. Per ulteriori informazioni, consultare l'informativa sulla privacy di KPMG. KPMG Advisory S.p.A. garantisce le pari opportunità. The chance to build a better future is right in front of you **Do Work That Matters \\- Your Role And Responsibilities** Do you want to do work that is truly meaningful and impactful? At KPMG you will have the opportunity to help clients, society, colleagues and peers tackle and solve the most current and complex challenges. KPMG Advisory supports companies in transforming their business model, improving and digitalising their processes, while also helping clients analyse and manage risks and navigate extraordinary finance transactions. By joining the Enterprise Platforms Team, you will work on SAP implementation and evolution projects with a focus on SAP PP, contributing to end\\-to\\-end production planning and management processes (Plan\\-to\\-Produce) on SAP ECC and SAP S/4HANA. Specifically, you will be responsible for: * Analysing production requirements and translating them into SAP PP solutions, independently leading design sessions with stakeholders * Fit\\-to\\-Standard/Blueprint and to\\-be process design with Production, Supply Chain Planning and Operations stakeholders * PP configuration: organisational structures, order types, Bills of Materials (BOM), routings and work centres * MRP: configuration of planning parameters, MRP classes, lot sizing and exception management * Managing the production order lifecycle (release, confirmation, goods movements, technical completion) and process orders in PP\\-PI environments * Integrations with MM, CO\\-PC (product costing and variance analysis) and EWM/WM * Functional documentation (Blueprint, Functional Design, development and integration specifications, user manuals) You will be involved in national and international projects, working closely with clients and multidisciplinary teams, particularly in Industrial \\& Manufacturing contexts (e.g. Automotive, Industrial Manufacturing, Food \\& Drink, Consumer Products, Pharmaceutical \\& Life Sciences). **Come As You Are – Your Skills And Background** This opportunity is the right fit for you if: * You have 3–5 years of experience on SAP PP projects, gained on at least one S/4HANA implementation or migration project * You have solid PP configuration skills (BOM, routing, work centres) and a strong command of Plan\\-to\\-Produce processes in Make\\-to\\-Stock and/or Make\\-to\\-Order scenarios * You can configure and analyse MRP results, interpret exceptions and support the client's planning team * You have experience in functional documentation, SIT/UAT and requirements management, working independently * You are familiar with PP–MM, PP–CO\\-PC integrations and, preferably, PP–EWM * Knowledge of PP\\-PI in pharmaceutical, chemical or food \\& beverage environments is a plus * Good command of English, team\\-oriented mindset and willingness to travel as required by project needs **Your Future With Us \\- What you will find at KPMG** * An inclusive and equitable work environment that respects, encourages and values diversity * A stimulating and dynamic context that fosters creativity and teamwork * Hybrid working model to promote a healthy work\\-life balance * Advanced training and development programmes to keep you always up to date * International mindset and innovative projects * Initiatives focused on physical and mental wellbeing **Together for Better – Our values and commitment** Leadership, teamwork, respect for every individual, continuous learning, transparency, commitment to the community, integrity: these are KPMG's Values, which create an environment open to the exchange of ideas and knowledge, allowing our professionals to express their full potential. Through our commitment to fostering an inclusive work environment, our Network complies with the requirements of ISO 30415 (Diversity and Inclusion Management System) and UNI PdR 125 (gender equality). Within our Impact Plan — Our Impact Plan (kpmg.com) — you will find a summary of all the actions we are taking on environmental, social and governance (ESG) topics. Join us! Personal data will be processed in full compliance with the provisions of EU Regulation No. 679/2016 (General Data Protection Regulation — ""GDPR"") and subsequent amendments. For further information, please refer to KPMG's privacy policy. KPMG Advisory S.p.A. is an equal opportunity employer.","Business Consulting and Services","https://it.linkedin.com/company/kpmg-italy","https://media.licdn.com/dms/image/v2/D4D0BAQE_SHsI8wzpkQ/company-logo_100_100/company-logo_100_100/0/1719849816523/kpmg_italy_logo?e=2147483647&v=beta&t=zyevTzjepzgbyGnX_iz5_gioRsOFj74coUdW5zYZrik","","","","","","","","","","","","Trapani","linkedin","https://www.linkedin.com/jobs/view/4414118783","","","",90,"df854d4a1d397a6f3e1833b2c9e96fd342193488",False,"","Trapani","amministrazione_contabilita","C",True,False,False,58.0,58.0,10.0,0.0,0.0,0.0,30.0,0.0,0.0,98.0,98.0,"A+","ZONA TRAPANI | sap, erp","sap, erp, iva, ordini, pec","new",""
"li-4423947488","linkedin","https://www.linkedin.com/jobs/view/4423947488","","Junior Technical Writer","Nozomi Networks","","2026-06-02","fulltime","","","","","",False,"entry level","Marketing, Public Relations, and Writing/Editing","","","Now is an amazing time to join Nozomi Networks as we build the future of OT and IoT cybersecurity. We defend some of the world’s largest organizations and critical infrastructure in more than 68 countries and we’re just getting started. Our AI\\-powered cybersecurity platform secures operational technology (OT) and Internet of Things (IoT) infrastructures for enterprises and government entities across energy, manufacturing, transportation, resources, and critical infrastructure. Nozomi Networks is the leader of industrial cybersecurity. Whether our clients need fast product enhancements, onsite engineering support, or rapid deployment across continents, we deliver. We accelerate digital transformation by providing exceptional network visibility, threat detection and operational insight for OT and IoT environments. **In this role you will:** * Plan and create new product\\-focused technical content for administrators, end\\-users, and internal employees by collaborating with Nozomi’s cross\\-functional group of subject\\-matter experts, including Engineering, Product, Support, and Solution Engineering teams. * Help drive strategy to develop, write, and maintain technical content, including procedures, conceptual prose, reference material, tables, and images. * Maintain and revise documents mirroring the evolution of Nozomi’s products – Vantage, CMC, and Guardian * Partner closely with subject matter experts to ensure that the product documentation is intuitive, simple to maintain, and of the highest quality. * Engage with Nozomi Support and customers to understand the Nozomi product experience. Advocate for users by providing UX and feature design input and feedback **Requirements:** * Proven professional experience in technical publications as a primary contributor creating product documentation for enterprise software solutions * Familiarity with oXygen XML Author, Dita XML, and Git * Working knowledge of topic\\-based authoring, multi\\-channel publishing and responsive web content * Proven track record of delivering high\\-quality technical content within deadlines and with minimal editorial support * Demonstrable experience of using AI‑enabled tools as part of day‑to‑day work activities to improve efficiency, quality, or decision‑making. * Ability to build rapport with stakeholders across Product, Engineering, Support, and Solutions Engineering teams * Exemplary communication skills (both spoken and written) and interpersonal skills that facilitate information\\-gathering tasks * Fluency in written and spoken English * Ability to create consensus among differing perspectives * Ability to work effectively with AI‑assisted tools while applying sound professional judgement and accountability for outputs. Nice to have * Experience in the field of OT/IoT/IT cybersecurity * Experience with issue\\-tracking software such as YouTrack, Jira, or similar * Bachelor’s degree, or its equivalent, in a related field such as Computer Engineering, Computer Science, English, or Literature **Who we are and what we stand for:** Nozomi Networks is the leader in OT and IoT Cybersecurity. We protect the world's critical infrastructure, industrial and government organizations from cyber threats by providing exceptional network visibility, threat detection and operational insight. We’re always innovating and we hire the best at what they do to ensure our customers always have access to fast product enhancements, exceptional engineering support and rapid deployment across continents. If you like a challenge, and value integrity and customer success, we invite you to help Nozomi Networks build the future of OT and IoT cybersecurity. Diversity, Inclusion and Belonging are part of our core beliefs, at Nozomi Networks. Diversity of thought, background and culture broadens our knowledge of the world and helps us learn, grow, and gain new perspectives. What makes us all different is what makes us powerful. **Our Global Benefits** All of our benefits are customized to the country you are based in, naturally we want to get the best out of our Nozomiers, so we provide the best benefits packages, such as: * Health \\& Wellness * Financial * Work\\-Life Balance * Unparalleled Flexible Time\\-Off **Need to know information** Successful candidates will be subjected to background verification checks. *Be cautious of unsolicited messages, fake email addresses, requests for money and unclear job descriptions. Report suspicious activity to authorities. Our open job opportunities and descriptions are posted on Nozomi Networks' career page. If in any doubt please apply for opportunities on our careers website here.* *If you would like to know more about our Privacy Policy, please click here. Any questions about how we process personal information, or if you would like help exercising your privacy rights please contact us using the email provided within the Privacy Policy.*","Computer and Network Security","https://www.linkedin.com/company/nozomi-networks-sa","https://media.licdn.com/dms/image/v2/C560BAQEv4flKPS1slw/company-logo_100_100/company-logo_100_100/0/1630664608588/nozomi_networks_sa_logo?e=2147483647&v=beta&t=2Y8pD5yKmXKfPiiOOBQ0QwHiSCyj6wf1x_aEuWZhLa4","","","","","","","","","","","","Trapani","linkedin","https://www.linkedin.com/jobs/view/4423947488","","","",90,"f8df163d10540cace73b53efa28ec2d8e9848dce",False,"","Trapani","amministrazione_contabilita","C",True,False,False,35.0,35.0,30.0,0.0,0.0,0.0,30.0,0.0,0.0,95.0,95.0,"A+","ZONA TRAPANI | erp, iva","erp, iva, pec","new",""
"li-4421141704","linkedin","https://www.linkedin.com/jobs/view/4421141704","","Stagista Visual merchandising","ZARA","Ragusa, Sicily, Italy","","parttime","","","","","",False,"internship","Sales and Customer Service","","","**ABOUT US** Inditex è uno dei piu grandi Fashion Group al mondo, a cui appartengono: Zara, Pull\\&Bear, Massimo Dutti, Bershka, Stradivarius, Oysho e Zara Home. I nostri brand rappresentano lo stile, l’espressione della propria identità e il potere della moda. Siamo presenti in più di 200 mercati attraverso le nostre piattaforme online e oltre 5600 negozi. Ci impegniamo a creare un ambiente di lavoro che ispiri autenticità, in cui i nostri dipendenti e i nostri clienti si sentano accettati e liberi di esprimere le proprie idee, sapendo di essere ascoltati. Un luogo che arricchisce tutti senza eccezioni, come parte di un team innovativo e creativo. Zara è sempre un passo avanti proponendo gli ultimi fashion trend del momento per donna, uomo e bambino. Un brand internazionale presente con negozi nelle principali città del mondo e online. Il nostro modello di business è incentrato sui nostri clienti, adattandoci costantemente ai loro bisogni. **COME TI IMMAGINIAMO** Sei una persona creativa, dinamica e alla ricerca di un percorso formativo e lavorativo? Sei alla ricerca di un’esperienza unica all’interno di una delle realtà più competitive ed innovative nel mondo del Fashion Retail? Stiamo cercando proprio te! **COSA CI ASPETTIAMO DA TE** Durante il tuo percorso in stage, avrai la possibilità di vivere a 360° il mondo Inditex: l’assistenza alla clientela, la ricezione della merce, il riassortimento, il riordino continuo dei prodotti sul piano e l’allestimento (visual merchandising). Dopo un percorso di formazione in vendita, sarai affiancato al responsabile visual, supportandolo operativamente in tutte le principali attività. Potrai apprendere le tecniche espositive, specifiche del fashion retail, sviluppando le tue competenze in materia di visual merchandising e le tue capacità creative. Avrai, inoltre, la possibilità di creare e realizzare allestimenti che permetteranno di garantire un’immagine uniforme dell’azienda e di massimizzare i risultati di vendita. Le tue principali mansioni saranno: * Creare allestimenti in linea con le politiche commerciali e di visual merchandising dell’azienda. * Curare il layout interno del negozio, ottimizzando gli spazi e valorizzando il prodotto. * Analizzare le vendite per creare dei layout ad hoc, massimizzando la redditività del negozio. **COSA CERCHIAMO** Diploma di istruzione secondaria superiore (gradito percorso di studi in ambito artistico). Preferibile esperienza minima maturata in ambito Retail nel settore moda (come vestiarista, addetto/a alle vendite). Creatività, autonomia, ottime capacità di problem\\-solving Voglia di crescere in un' azienda giovane e dinamica. Professionalità, flessibilità, impegno, dedizione e motivazione. **COSA OFFRIAMO** Disponibilità a lavorare su turni 8 ore per 4 giorni a settimana È previsto un rimborso spese. Diventare parte del mondo Inditex rappresenta un’opportunità per entrare in contatto con un gruppo internazionale in continua evoluzione e leader nel settore, in cui tutti possono fare la differenza. Inditex è un'azienda che promuove le pari opportunità. Siamo orgogliosi di essere fortemente impegnati a favore dell’inclusività e multiculturalità. I nostri team coinvolgono persone provenienti da culture, background ed esperienze diversi: un insieme di identità, espressioni di genere, etnie, età, livelli di formazione, contesti socio\\-economici, disabilità, credenze religiose e orientamenti sessuali. Si precisa che, inviando il proprio cv, il candidato autorizza Inditex a trasmettere il proprio cv a Gi Group S.p.A., soggetto operante nel settore della ricerca e selezione del personale espressamente incaricato da Inditex di svolgere tale attività","Retail Apparel and Fashion","https://es.linkedin.com/company/zara","https://media.licdn.com/dms/image/v2/D4D0BAQEYyt5_3f6bhw/company-logo_100_100/B4DZawab0WHQAk-/0/1746716442948/zara_logo?e=2147483647&v=beta&t=n5NkS-TafsXL6pRg1GWQsrHCtCockOAB66zCs7XCMv0","","","","","","","","","","","","Sicilia","linkedin","https://www.linkedin.com/jobs/view/4421141704","","","",90,"8800ced5431a40f4a1b8ad7f48cba65239c0948a",False,"","Sicilia","amministrazione_contabilita","C",False,False,False,45.0,45.0,35.0,0.0,0.0,0.0,15.0,0.0,0.0,95.0,95.0,"A+","sap, iva","sap, iva, addetto, pec, stage","new",""
"li-4423353384","linkedin","https://www.linkedin.com/jobs/view/4423353384","","Marketing & Content Specialist (Italy)","Smileat","","2026-06-04","fulltime","","","","","",True,"entry level","Management and Manufacturing","","","**Marketing \\& Content Specialist (Italy)** 📍Location: Remote from North Italy — with occasional travel within Italy and to Spain 🌍Language Requirements: Italian, Advanced English (C1\\), Spanish is a plus 💼Employment Type: Full\\-time 🌱 *Our Story: From Market Leader to Global Expansion* Smileat is the leading reference brand for organic and natural baby food in Spain. We hold a market share of over 50% within the organic baby food segment and are consistently ranked at the very top of the most recognized and high\\-quality brands trusted by families. We are a young and dynamic company founded in 2015 by two young entrepreneurs with a clear vision: to offer healthy, high\\-quality, and transparent options to families. Since then, we have achieved resounding success, rapidly consolidating our position as the number two baby food brand overall in Spain and the undisputed leader in the bio segment. Our commitment goes far beyond our products. Smileat is a certified B Corp, which means we meet the highest standards of verified social and environmental performance, public transparency, and legal accountability. Furthermore, we are a profitable company backed by key strategic investors who fully support our ambitious growth goals. ⭐ *The Next Chapter: Launching the Italian Market* After triumphing in the Spanish market, Smileat is embarking on an ambitious international expansion plan. It is the perfect moment to bring our mission and innovative products to new families. While we are highly recognized in Spain, we are completely starting from scratch in Italy—no one knows us there yet! We are looking for the right person to build our brand presence, capture hearts, and translate our unique culture for Italian parents. 🚀 *Your Mission* Bring Smileat’s voice and mission to life in Italy. You will act as the brand custodian and market launcher, translating our core culture through creative digital copy, high\\-impact social media management, localized event execution, influencer networks, and healthcare professional endorsements, while providing strategic support to our local sales team. This role requires a highly autonomous and proactive professional capable of independently driving projects and priorities in a remote work environment. 🎯 *What You’ll Do* **1\\. Digital Copy, Content \\& Paid Social** Paid Social \\& UGC: Plan localized paid social campaigns (Meta). Define creative angles, localized messaging, and campaign structures tailored to Italian consumers. Analyze performance data (creatives, copy, formats) to continuously iterate and improve campaigns. Identify and coordinate with local UGC creators aligned with the brand. Content Creation: Write high\\-impact copy for Instagram, TikTok, LinkedIn, and YouTube. Create organic content specifically for TikTok, actively participating in front of and behind the camera. Adapt global ideas across channels while spotting local trends to turn them into immediate brand opportunities. Community Management: Engage daily with our Italian community to foster strong brand affinity, convert audiences, and build brand love. **2\\. Field Marketing \\& Event Activations** Family Events: Proactively search for relevant family\\-oriented events, parenting fairs, and local gatherings across Italy. Execution \\& Participation: Coordinate materials, product sampling, and actively participate in these events to drive face\\-to\\-face consumer acquisition and community trust. **3\\. Influencer Marketing \\& Barter Collaborations** Influencer Outreach: Identify, pitch, and build long\\-term relationships with Italian micro and macro\\-influencers (maternity, lifestyle, healthy living). Barter Management: Oversee barter collaborations from end to end, ensuring quality content delivery, analyzing results, and optimizing product distribution budgets. **4\\. Healthcare Professional (HCP) Endorsements** Network Building: Search for, identify, and establish communication with key Healthcare Professionals (HCPs), including pediatricians, pediatric nurses, and child nutritionists in Italy. Credibility \\& Endorsement: Present Smileat's healthy food credentials to secure professional endorsements and build medical trust within the Italian market. **5\\. Sales Support \\& Local Synergies** Commercial Alignment: Provide active support to the local sales team whenever needed by preparing localized trade marketing materials, presentation kits, and retail\\-specific copy to maximize store listings and commercial success. 👤 *Who You Are* Cultural Translator: You love writing and possess an innate ability to adapt brand tone, voice, and nuances to the Italian market. Autonomous \\& Driven: You are comfortable working remotely, managing multiple workflows independently, and maintaining cross\\-functional communication with headquarters. You excel at working autonomously, taking ownership of your responsibilities, making decisions independently, and proactively moving projects forward without constant supervision. Analytical \\& Creative: You think outside the box creatively but rely on metrics, analytics, and data to evaluate success. Hands\\-on: You are curious, fast\\-paced, and eager to dive straight into the action. Mission\\-aligned: You genuinely care about what you do—and about what children eat. 📚 *What You Bring* Experience: 3\\+ years of experience in digital marketing, social media, or brand coordination. Domain Knowledge: Solid background in digital environments (social media management, UGC activation, Meta Ads ecosystem). Experience within an e\\-commerce or FMCG environment is required; food or baby food sector experience is a major plus. Languages: Italian speaker with absolute mastery of written communication. Advanced English (C1 minimum) is required for internal communication. Fluency or good professional proficiency in Spanish is highly valued to streamline alignment with the Spanish HQ. Mobility: Readiness to travel within Italy and to Spain from time to time for team alignments and event executions. ❤️ *Why Smileat?* 🌱 Purpose: Be part of a brand that’s changing the future of children's food. 🚀 Impact: Launch a completely new market where your execution directly shapes international success and visibility. 🎯 Ownership: Full freedom to propose, execute, test, and learn autonomously. This position is ideal for someone who enjoys a high level of autonomy, accountability, and ownership in a remote working model. 🤝 Team: Work closely with an ambitious, hands\\-on, and real team environment. *At Smileat, we are committed to building an inclusive and diverse workplace. In line with our B Corp values and ESG commitments, we promote equal opportunities and do not discriminate on the basis of gender, age, ethnicity, disability, sexual orientation, religion, or any other protected characteristic.*","Food and Beverage Services","https://es.linkedin.com/company/smileat","https://media.licdn.com/dms/image/v2/D560BAQEY0ADUB9mT2A/company-logo_100_100/company-logo_100_100/0/1699976433339/smileat_logo?e=2147483647&v=beta&t=qXkheYy8gdYPU_fxln92Yse4vblxKs13VnzknAvsfd0","","","","","","","","","","","","Trapani","linkedin","https://www.linkedin.com/jobs/view/4423353384","","","",90,"f0e4c12b673bc017149c0560d044fab75cddd3d0",False,"","Trapani","amministrazione_contabilita","C",True,False,False,43.0,43.0,0.0,0.0,0.0,0.0,30.0,20.0,0.0,93.0,93.0,"A+","ZONA TRAPANI | iva, social media","iva, social media, excel, pec","new",""
"li-4419240255","linkedin","https://www.linkedin.com/jobs/view/4419240255","","Social Media Marketing Specialist","Siti Web Studio","","2026-06-02","fulltime","","","","","",False,"entry level","Marketing, Advertising, and Design","","","Siamo alla ricerca di un/una **Social Media Marketing Specialist** per la creazione, gestione e ottimizzazione di campagne sponsorizzate per diverse realtà aziendali. La figura selezionata si occuperà di sviluppare strategie social, creare contenuti, gestire campagne pubblicitarie online, monitorare i risultati e proporre soluzioni efficaci per migliorare visibilità, engagement e conversioni. Mansioni principali * Creazione, gestione e ottimizzazione di campagne sponsorizzate su Meta Ads, Instagram, Facebook ed eventuali altre piattaforme * Pianificazione e gestione dei contenuti social * Creazione di grafiche e contenuti visual per post, stories, reel e campagne pubblicitarie * Analisi del target e definizione delle strategie pubblicitarie * Monitoraggio delle performance delle campagne * Ottimizzazione del budget pubblicitario * Creazione di report periodici sui risultati ottenuti * Utilizzo di strumenti di intelligenza artificiale per supportare la creazione di contenuti, copy, idee creative e strategie * Collaborazione con diverse attività, aziende e professionisti per promuovere prodotti, servizi o brand Requisiti richiesti * Esperienza nella gestione di social media e campagne sponsorizzate * Conoscenza di Meta Business Suite e Meta Ads Manager * Conoscenza e utilizzo di strumenti di intelligenza artificiale applicati al marketing e alla comunicazione * Utilizzo richiesto di Canva e strumenti affini per la creazione di contenuti grafici * Capacità di creare strategie di comunicazione efficaci * Buona conoscenza delle dinamiche di Facebook, Instagram e altri canali social * Creatività, precisione e autonomia * Capacità di analizzare dati e risultati delle campagne * Buone capacità organizzative e rispetto delle scadenze Cosa offriamo * Possibilità di lavorare in **smart working** * Collaborazione con diverse realtà professionali e commerciali * Possibilità di crescita professionale * Ambiente dinamico e orientato ai risultati Candidatura Se sei una persona creativa, organizzata e con esperienza nella gestione di social media, sponsorizzazioni, strumenti di intelligenza artificiale e creazione di contenuti grafici, inviaci il tuo CV e, se disponibile, un portfolio o esempi di campagne gestite.","Advertising Services, Social Networking/Social Media, and Social Networking Platforms","https://www.linkedin.com/company/sitiwebstudio","https://media.licdn.com/dms/image/v2/D4D0BAQGfBIiuGZYCUg/company-logo_100_100/company-logo_100_100/0/1688336115474/siti_web_studio_logo?e=2147483647&v=beta&t=RwLU0UwEJtYupEAFHcqLR5oGweKnW5rN4u5MeS_OIqY","","","","","","","","","","","","Trapani","linkedin","https://www.linkedin.com/jobs/view/4419240255","","","",90,"02e882dbcc121cff693ed012c3068b691594b697",False,"","Trapani","amministrazione_contabilita","A",False,False,False,43.0,43.0,0.0,0.0,0.0,0.0,30.0,20.0,0.0,93.0,93.0,"A+","ZONA TRAPANI | iva, social media","iva, social media, canva, pec","new",""
"li-4393433081","linkedin","https://www.linkedin.com/jobs/view/4393433081","","Associate Consultant - Reinsurance","msg global solutions","Messina, Sicily, Italy","","fulltime","","","","","",True,"entry level","Consulting, Information Technology, and Sales","","","**What we do** The Reinsurance Business Unit offers implementation services based on proven structures, methodologies, and best practices derived from experience helping organizations worldwide address challenges around ceded and assumed reinsurance using SAP S/4HANA Insurance for reinsurance management. As a development partner for the solution, we are uniquely qualified to guide companies through the implementation process and help them achieve a high degree of automation for premiums, loss reserves, commission calculation, claims processing, and reporting. Our consultants work on complex, international business situations, discuss and influence business decisions, and interact with clients to understand the operational process and functional requirements. We offer creative and ambitious people a dynamic and challenging environment, clear career paths, and growth potential. **What you will do** * Support in delivering complex projects to Insurance and Reinsurance clients * Support in different phases of the implementation of SAP Reinsurance solution (FS\\-RI) * Work with the project team, team leaders, and client stakeholders to create stand\\-out solutions meeting clients' needs * Analyze technical and functional integration requirements * Be part of a team that is delivering enterprise\\-wide SAP transformational programs * Develop your knowledge of and gain project experience in SAP’s newest and future solutions * Interact with clients to understand their operational, process and functional requirements * Comprehend and document complex business processes **What we are looking for** Requirements * Bachelor’s degree in Economics, Engineering, Computer Science, Maths or equivalent * Excellent interpersonal, verbal and written communication along with strong client relationship skills * Excellent time\\-management skills * Strong analytical mindset, structured and problem\\-solving skills * Experience with Excel and PowerPoint * Fluent in English (oral and in writing) * Ability to travel up to 50 % * Must be legally authorized to work in Italy without the need for employer sponsorship, now or at any time in the future Nice to have * First understanding of the technology and how it affects clients' area of the business, trends associated with the technology * Insurance/Reinsurance industry experience of advantage * Additional local language skills in Italian **What we offer** * A place where individuals are equally valued and where diversity and cultural differences are cherished. * A global team of highly respected SAP and industry experts where you can make a difference. * Competitive salaries and a broad range of benefits, some of which are highlighted below. * Dedicated training for newly hired consultants. **Benefits** * Health Insurance: We pay special attention to your healthcare and provide integrative medical insurance. * Welfare Plan: Thanks to our Company Welfare Plan, we provide you the possibility to tailor your benefits. * Job for Friends: Get your friends on board through our employee referral program and we will reward you. * Team Events: We celebrate our success with team\\-building activities organized throughout the year. * Flexible Working: We offer flexible work schedules, including flexible start and end times as well as remote and/or hybrid work. * Anniversary Milestones: We celebrate your work anniversaries by rewarding your loyalty and dedication. * Meal Vouchers: We provide meal vouchers that can be used in restaurants and supermarkets. * Training and Development: We provide a broad training portfolio for personal and professional growth, including unlimited access to course platform to all our employees.","IT Services and IT Consulting","https://ch.linkedin.com/company/msg-global","https://media.licdn.com/dms/image/v2/C4E0BAQHM6aq38Z-uyw/company-logo_100_100/company-logo_100_100/0/1630641761851/msg_global_logo?e=2147483647&v=beta&t=vtpnvFXZQUYtmCJckHmgeoFtMAPWbqoOZzzI1iU4I1I","","","","","","","","","","","","Sicilia","linkedin","https://www.linkedin.com/jobs/view/4393433081","","","",90,"894898df0f88ccd5a78aefd746847da6be0473d2",False,"","Sicilia","amministrazione_contabilita","C",True,False,False,58.0,58.0,0.0,0.0,0.0,0.0,15.0,20.0,0.0,93.0,93.0,"A+","sap, erp","sap, erp, iva, excel, pec","new",""
"li-4413956825","linkedin","https://www.linkedin.com/jobs/view/4413956825","","PwC Services - Payroll Specialist - Palermo [TAX]","PwC Italy","Palermo, Sicily, Italy","2026-06-04","fulltime","","","","","",False,"associate","Human Resources","","","PwC Tax \\& Legal è la realtà member firm del network PwC per la consulenza legale e tributaria. Una delle principali realtà professionali del Paese, porta d’ingresso per connettersi al Network internazionale e leader a livello globale. PwC Services Srl è la società del Network PwC specializzata nei servizi contabili, amministrativi, payroll e di compliance fiscale resi alle imprese. All’interno di PwC Services Srl stiamo ricercando un **Payroll Specialist** che abbia maturato un'esperienza di 2/4 anni nell’esercizio della Professione presso società di consulenza ed amministrazione del personale o Studi di Consulenza del Lavoro / Payroll provider preferibilmente in ambito internazionale. La buona conoscenza della lingua inglese è condizione necessaria. La risorsa si occuperà di tutte le tematiche in materia di payroll, amministrazione del personale, buste paga, adempimenti annuali e gestione delle pratiche connesse all’attivazione di ammortizzatori sociali – in un’ottica di quotidiano supporto diretto al Cliente. Completano il profilo: · Motivazione ed entusiasmo per l’attività professionale; · Iniziativa ed orientamento al risultato; · Ottime capacità relazionali e di lavoro in team e verso il Cliente; · Ottima conoscenza di Microsoft Excel e dei principali tools informatici di lavoro; · Buona conoscenza della lingua inglese; · Ottima conoscenza degli applicativi payroll Zucchetti. Sede di lavoro: Palermo","Professional Services","https://it.linkedin.com/company/pwc-italy","https://media.licdn.com/dms/image/v2/D4D0BAQFQwyi_Hzz6Ng/company-logo_100_100/B4DZaB8AMHGcAU-/0/1745936712984/pwc_italy_logo?e=2147483647&v=beta&t=QvLagIBNXV0FmKE2CPsbXn68Vzt54H-tNOU9cNekITc","","","","","","","","","","","","Trapani","linkedin","https://www.linkedin.com/jobs/view/4413956825","","","",90,"aff7d4047d8252b13d0d28d59fe3bd2760ee06ec",False,"","Trapani","amministrazione_contabilita","C",True,False,False,51.0,51.0,10.0,0.0,0.0,0.0,30.0,0.0,0.0,91.0,91.0,"A+","ZONA TRAPANI | zucchetti, iva","zucchetti, iva, amministrazione, excel, pec","new",""
"li-4420747240","linkedin","https://www.linkedin.com/jobs/view/4420747240","","RESPONSABILE CALL CENTER – TELEMARKETING OUTBOUND","Sourcing Italia s.r.l.","","","fulltime","","","","","",False,"mid-senior level","","","","Sourcing Italia è una realtà in forte crescita nel settore del trattamento dell’acqua domestica, con una missione chiara: migliorare la qualità della vita delle persone attraverso soluzioni innovative e sostenibili. Per sostenere il nostro percorso di espansione, siamo alla ricerca di un Responsabile Call Center che desideri assumere un ruolo strategico e contribuire in prima persona al successo dell’azienda. La missione del ruolo: Questa posizione rappresenta un’opportunità concreta per lasciare il segno all’interno di un progetto ambizioso. Cerchiamo una persona capace di guidare, motivare e valorizzare un team di operatori outbound, trasformando obiettivi sfidanti in risultati tangibili. Non stiamo cercando un semplice coordinatore, ma un leader che sappia creare metodo, sviluppare talenti, ottimizzare le performance e generare un impatto diretto sulla crescita aziendale. Cosa farai * Guidare e supportare il team di operatori telefonici verso il raggiungimento degli obiettivi * Monitorare e analizzare KPI e performance per individuare opportunità di miglioramento * Pianificare turni, attività e strategie operative * Selezionare, formare e accompagnare la crescita di nuove risorse * Valutare le performance individuali e di reparto, favorendo lo sviluppo professionale del team * Ottimizzare script, procedure e processi per aumentare l’efficacia delle attività * Collaborare con la direzione nella definizione e realizzazione delle strategie di crescita * Promuovere una cultura orientata ai risultati, alla collaborazione e al miglioramento continuo Chi stiamo cercando * Esperienza nella gestione di team commerciali o call center outbound * Spiccate capacità di leadership e valorizzazione delle persone * Forte orientamento ai risultati e alla lettura dei dati * Ottime capacità organizzative e di pianificazione * Approccio proattivo al problem solving * Mentalità imprenditoriale e desiderio di contribuire attivamente alla crescita del business Costituiscono titolo preferenziale * Esperienza nella formazione e nello sviluppo di operatori telefonici * Esperienza nel recruiting di personale commerciale o call center * Conoscenza dei principali KPI del telemarketing Cosa offriamo * Un ruolo chiave all’interno di un’azienda solida e in forte espansione * La possibilità di contribuire concretamente alle decisioni e ai risultati aziendali * Retribuzione fissa commisurata all’esperienza * Sistema incentivante legato alle performance e ai risultati raggiunti * Percorsi di crescita professionale reali e meritocratici * Un ambiente dinamico, orientato all’innovazione e alla valorizzazione delle persone Se desideri mettere a frutto la tua esperienza in un contesto che premia iniziativa, leadership e risultati, questa è l’opportunità giusta per te. Entrerai a stretto contatto con la proprietà e avrai un ruolo centrale nella gestione di agenti, lead, attività CRM, analisi KPI e strategie di marketing orientate alla crescita. Se vuoi contribuire allo sviluppo di un progetto ambizioso e costruire insieme a noi il futuro di Sourcing Italia, inviaci il tuo curriculum.","Retail","https://it.linkedin.com/company/sourcingitalia","https://media.licdn.com/dms/image/v2/C4E0BAQGLuVnSWqRRZw/company-logo_100_100/company-logo_100_100/0/1631372504343?e=2147483647&v=beta&t=STucEIwoo9Wn9U_OBHkS0TfpRB-qrr4YmFQSvdJZRL8","","","","","","","","","","","","Trapani","linkedin","https://www.linkedin.com/jobs/view/4420747240","","","",90,"95746c92a88d06fca72fd8a857f55d8239d52a3c",False,"","Trapani","amministrazione_contabilita","C",False,False,False,61.0,61.0,0.0,0.0,0.0,0.0,30.0,0.0,0.0,91.0,91.0,"A+","ZONA TRAPANI | sap, crm","sap, crm, iva, call center, outbound","new",""
"","subito.it","https://www.subito.it/annunci-italia/vendita/offerte-lavoro/?q=addetta+alla+segreteria","","www. subito . it › annunci-italia › vendita Subito.it Addetta alla segreteria - Offerte di lavoro","Subito.it","Trapani","2026-06-05","","","","","","","","","","","","Subito.it Fallback | Query: back office","","","","","","","","","","","","","","","Trapani","subito_fallback","https://www.subito.it/annunci-italia/vendita/offerte-lavoro/?q=addetta+alla+segreteria","","","",50,"bc8610c2ff24d08e650be4bf7638f8db0228b2fa",False,"","Trapani","back_office_segreteria","C",False,False,False,30.0,30.0,0.0,20.0,0.0,0.0,40.0,0.0,0.0,90.0,90.0,"A+","ZONA TRAPANI | back office, segreteria","back office, segreteria","new",""
"li-4421112833","linkedin","https://www.linkedin.com/jobs/view/4421112833","","Support Engineer-Operativo","Aubay Italia","","","fulltime","","","","","",False,"associate","Information Technology","","","*Aubay è una società leader in Europa nelle aree di consulenza direzionale e ICT, quotata al mercato NYSE Euronext di Parigi.* **La nostra proposta:** Siamo alla ricerca di un\\* **Support Engineer\\-Operativo** che sarà coinvolto in attività di analisi di troubleshooting. **Requisiti principali:** * Almeno 3 anni di esperienza in operation * Conoscenza delle reti mobili 2G (GSM), 3G (UMTS), 4G/LTE e LTE Advanced * Esperienza come MSS Integration Engineer nelle attività di integrazione, migrazione e rehoming di elementi di rete Core Circuit Switched e Packet Core, inclusi MSC, BSC, HLR, RNC e MGW * Esperienza nel supporto operativo e nella gestione di CSR su infrastrutture Core Network di grandi operatori, con particolare riferimento ai nodi MSC, HLR, MGW e piattaforme di segnalazione * Conoscenza dei tool come Wireshark, Winfiol, PlexView, Alex, Lync, Office, ecc * Conoscenza dei protocolli come TCP/IP, ISUP, SIP, SIP\\-I, BICC, M3UA, SCCP, SGSAP, BSSAP, RANAP **Requisiti graditi:** * Conoscenza tecnologie di Virtualizzazione * Esperienza nello sviluppo e analisi dei requisiti cliente **Modalità Operativa:** Le attività verranno svolte da remoto dal lunedì al venerdì 09\\.00 \\- 18\\.00\\. **Compensation\\&Benefit** : La proposta economica sarà valutata rispetto alla seniority e alle competenze del candidat\\* RAL (25\\.000 \\- 29\\.000\\)\\+ buoni pasto da 5 euro al giorno. **Iter di Selezione: più sintetico:** Il percorso di selezione prevede un primo approfondimento conoscitivo/motivazionale con il referente HR dedicato e una successiva fase di valutazione e presentazione delle tematiche tecnico/progettuali. *Il presente annuncio è rivolto ad entrambi i sessi, ai sensi delle leggi 903/77 e 125/91 e a persone di tutte le età e tutte le nazionalità, ai sensi dei decreti legislativi 215 e 216/03\\.* ***Aubay \\- Diamo luce alle tue idee.***","IT Services and IT Consulting","https://it.linkedin.com/company/aubay-italy","https://media.licdn.com/dms/image/v2/C4E0BAQE72nCwzdbuog/company-logo_100_100/company-logo_100_100/0/1656667108891?e=2147483647&v=beta&t=st5cSRoUT-L45PGuLy6FbmjMs3Rck1H8ExdyFhS9RUg","","","","","","","","","","","","Trapani","linkedin","https://www.linkedin.com/jobs/view/4421112833","","","",90,"43e8e904bdd7cb7108eaace287a148bf6802127e",False,"","Trapani","amministrazione_contabilita","C",False,False,False,30.0,30.0,10.0,0.0,0.0,0.0,30.0,20.0,0.0,90.0,90.0,"A+","ZONA TRAPANI | sap, iva","sap, iva","new",""
"li-4422464889","linkedin","https://www.linkedin.com/jobs/view/4422464889","","Supervisor, Italian Payroll","CloudPay","","2026-06-02","fulltime","","","","","",True,"mid-senior level","Human Resources","","","**About This Job Opportunity** **Our Vision** To be the world's most trusted global payroll partner, simplifying pay for all employees. **Our Mission** Empowering global workforces with seamless, compliant, and innovative payroll and payment solutions, enabling businesses to thrive in a connected world. **Our People** Our fundamental beliefs at CloudPay are built on core values of professionalism, passion, empowerment, innovation, and teamwork. We value our employees and strive to create a great workplace where everyone is valued, heard, inspired, and encouraged to bring their authentic selves to work. We're committed to providing an excellent employee experience through fulfilling projects, empowerment to make a difference, and an environment that inspires innovation. **What Makes This Role Exciting** CloudPay is looking for an experienced and proactive Italian Payroll Supervisor to oversee and lead a team of payroll professionals within a bureau environment. The ideal candidate will ensure the accurate and timely delivery of end\\-to\\-end payroll services while maintaining high customer satisfaction and team performance. This role combines technical payroll expertise, leadership skills, and a commitment to process improvement in a dynamic, client\\-focused environment. **Main Responsibilities** **Team Leadership and Supervision** * Lead, mentor, and motivate a team of payroll professionals, ensuring their development and performance * Conduct regular one\\-on\\-one meetings, performance reviews, and team check\\-ins * Guide on complex payroll issues and ensure the team adheres to company policies and legal requirements * Provide payroll system training and guidance on annual updates to the new team members **Payroll Operations:** * Oversee the end\\-to\\-end payroll process, including data collection, processing, reporting, and reconciliation. * Ensure the accurate \\& timely completion of Italian payrolls. **Client and Stakeholder Management:** * Act as a point of escalation for client queries, ensuring issues are resolved promptly and professionally. * Foster strong relationships with clients, ensuring satisfaction and retention * Attend monthly client calls and follow up on queries. **Process Improvement and Compliance:** * Continuously review payroll processes to identify inefficiencies and lead improvements. * Stay updated on changes in payroll legislation and industry trends, ensuring compliance * Utilize analytics to review team member and client performance and lead improvements where required * Ensuring clients and team members work in line with agreed calendar deadlines **Experience Needed For This Role** * Proven experience in managing an end\\-to\\-end Italian payroll process within a bureau environment. * Knowledge of payroll systems, regulations, and best practices * Strong analytical skills and attention to detail, time management and multi\\-tasking skills * Proactive, solution\\-oriented approach to challenges, with the ability to share information and interact positively with others * Excellent interpersonal and communication skills, with the ability to liaise effectively with clients and stakeholders. * Client\\-focused mindset with a commitment to delivering exceptional service. * Leadership experience, with a track record of managing and developing teams (although we will consider experienced payrollers looking to move into a supervisor role) * Passion for continuous learning and staying updated on payroll trends and legislation * Any diploma in payroll management is advantageous **About You And Our Core Values** * Taking ownership, working with integrity and respect * Being a team player is key to our culture * Solution and customer focused * Great initiative with the goal for excellence in achieving results * Dedicated to developing and always looking for continuous improvements * Be creative, be committed, be engaged and enjoy what you do **Italy Package And Benefits** * Competitive Salary * Competitive vacation allowance * Calm app * EAP * Employee Referral Program * WFH Allowance * Ticket Restaurant contribution * Paid Volunteering days * CloudPay NOW * Bereavement Leave **CloudPay is committed to being an equal opportunities employer.** The CloudPay culture is built upon on five core values, from which we develop our service, our technology and our business strategies. Our fundamental beliefs are a promise to our employees, customers and partners, built on the core values of professionalism, passion, empowerment, innovation, and teamwork. Glassdoor","Human Resources Services","https://uk.linkedin.com/company/cloudpay","https://media.licdn.com/dms/image/v2/D4D0BAQFla2Y-CcFdJw/company-logo_100_100/B4DZdOK67HH4AQ-/0/1749363175567/cloudpay_logo?e=2147483647&v=beta&t=GYUhazdvfKHbSYe0W9sgH00jxKLOhcmnkM3cuGKoMAw","","","","","","","","","","","","Palermo","linkedin","https://www.linkedin.com/jobs/view/4422464889","","","",90,"cc5ea7afa7fe42fd504f3135678c80f66c46f984",False,"","Palermo","amministrazione_contabilita","C",False,False,False,43.0,43.0,35.0,0.0,0.0,0.0,10.0,0.0,0.0,88.0,88.0,"A","erp, iva","erp, iva, excel, pec","new",""
"li-4422697811","linkedin","https://www.linkedin.com/jobs/view/4422697811","","Senior Communications Specialist - Social Media (Marketing)","Joinrs","","","fulltime","","","","","",True,"mid-senior level","Marketing","","","**Questa posizione è nel team di *Canonical* , l'azienda dietro Ubuntu e pioniere nel mondo dell'open source, operante globalmente con un modello di lavoro distribuito.** **Il riassunto dell'opportunità da parte della *Joinrs AI* :** Canonical cerca un **Senior Social Media Specialist** per definire la strategia di comunicazione e rafforzare la brand equity globale nel settore open source. Il ruolo richiede **esperienza nelle piattaforme social** , capacità di copywriting creativo e un approccio analitico per gestire campagne integrate e analizzare il sentiment del mercato. L’offerta prevede **lavoro 100% remoto (EMEA)** , retribuzione competitiva con revisione annuale, **budget formazione di 2\\.000 USD** , viaggi internazionali per i team ""sprints"" e benefit esclusivi per il viaggio come Priority Pass. *Il processo di selezione sarà gestito interamente da Canonical.* \\-\\- Be the voice of Canonical across channels! Canonical is a leading provider of **open source software** and operating systems to the global enterprise and technology markets. Our platform, **Ubuntu** , is very widely used in breakthrough enterprise initiatives such as **public cloud, data science, AI, engineering innovation, and IoT** . Our customers include the world's leading public cloud and silicon providers, and industry leaders in many sectors. The company is a pioneer of global distributed collaboration, with 1200\\+ colleagues in 75\\+ countries and very few office\\-based roles. Teams meet two to four times yearly in person, in interesting locations around the world, to align on strategy and execution. The company is founder\\-led, profitable, and growing. We are looking for an outstanding colleague to join our communications team as a **Senior Social Media Specialist** . Our brand is part of a global open source ecosystem. We encourage adoption through community engagement. We build credibility and trust through **advocacy and thought leadership** . The ideal person for this role is driven to develop and implement **social media strategies** focused on long\\-term brand equity and differentiation. You will have the opportunity to advance your career with a brand that touches every aspect of the modern technology stack. Our communication strategy provides a window between the people who make our products and those who use them. With audiences in the millions, our online communities have the opportunity to talk to us, engage with us, provide feedback and be involved in the world of open source. The ideal candidate is passionate about **technology, technology marketing** and the use of technology in marketing. They would love to gain experience translating strategy into impact, and collaborating with multiple stakeholders. They enjoy learning and improving themselves, the team and the organization. They problem solve, get hands\\-on, experiment, measure and use **automation and AI** to make daily life easier. To succeed in this role, the candidate must be driven, organized and attentive to detail. This is a senior role reporting to the director of communications. **Location:** This role will be based remotely in the EMEA region. **What your day will look like** * Develop and own the **communications strategy** across multiple channels, with a focus on excellent planning, messaging quality and timely delivery * Deliver regular **analysis and reporting** on various communications channels, content performance and campaigns results * Support the growth and nurturing of Canonical’s enterprise audience, while increasing **product adoption** * Develop flair with **copywriting and asset creation** to create messaging that aligns with the brand and its personality, and drives audiences towards action * Be **audience centric** and use modern tools to understand market sentiment * Create awareness on **integrated campaigns, product launches, webinar series** , industry announcements and core content. * Package all of Canonical’s product offerings and educational material creatively, while overseeing **distribution strategy** and alignment across channels **What we are looking for in you** * Understanding of **best practices for communications** in tech * Deep experience with all major **social media platforms** with strong creative judgement * Hands\\-on knowledge of **social media management and analytics tools** * Interest in **mentorship and team development** * An **analytical eye** and the ability to develop measuring frameworks to inform senior decision making * Exceptional **interpersonal skills** and aptitude for forging trusting relationships across diverse, cross\\-functional teams to ensure alignment with campaign objectives, paid media strategies and PR/AR initiatives * Excellent **verbal and written communication skills** , strong content marketer * Proven ability to **prioritize** and differentiate what matters from the noise, meeting deadlines without sacrificing quality * **Process owner** for organic social media, establishing standards and leading planning and distribution across channels * Interest in **video and production** , with some projects or strong thoughts on the use of video in social media * Willingness to **travel up to 4 times a year** for internal or external events **What we offer you** Your base pay will depend on various factors including your geographical location, level of experience, knowledge and skills. In addition to the benefits above, certain roles are also eligible for additional benefits and rewards including annual bonuses and sales incentives based on revenue or utilisation. Our compensation philosophy is to ensure equity right across our global workforce. In addition to a competitive base pay, we provide all team members with additional benefits, which reflect our values and ideals. Please note that additional benefits may apply depending on the work location and, for more information on these, please ask your Talent Partner. * **Fully remote working environment** \\- we’ve been working remotely since 2004! * **Personal learning and development budget** of 2,000USD per annum * **Annual compensation review** * **Recognition rewards** * **Annual holiday leave** * **Parental Leave** * **Employee Assistance Programme** * **Opportunity to travel** to new locations to meet colleagues at ‘sprints’ * **Priority Pass** for travel and travel upgrades for long haul company events **About Canonical** Canonical is a pioneering tech firm that is at the forefront of the global move to open source. As the company that publishes Ubuntu, one of the most important open source projects and the platform for AI, IoT and the cloud, we are changing the world on a daily basis. We recruit on a global basis and set a very high standard for people joining the company. We expect excellence \\- in order to succeed, we need to be the best at what we do. Canonical has been a remote\\-first company since its inception in 2004\\. Work at Canonical is a step into the future, and will challenge you to think differently, work smarter, learn new skills, and raise your game. Canonical provides a unique window into the world of 21st\\-century digital business. **Canonical is an equal opportunity employer** We are proud to foster a workplace free from discrimination. Diversity of experience, perspectives, and background create a better work environment and better products. Whatever your identity, we will give your application fair consideration.","Software Development","https://it.linkedin.com/company/joinrs-international","https://media.licdn.com/dms/image/v2/D4D0BAQFprpI9tmkwfA/company-logo_100_100/company-logo_100_100/0/1696490265118/joinrs_italia_logo?e=2147483647&v=beta&t=ibNOUGYzhH_7fohpZlVdbtXPJHJkPdm2EpLjMh5e3k0","","","","","","","","","","","","Palermo","linkedin","https://www.linkedin.com/jobs/view/4422697811","","","",90,"c330f419bb830e79ac681929f2b8a645bd1fc5c8",False,"","Palermo","amministrazione_contabilita","C",False,False,False,58.0,58.0,0.0,0.0,0.0,0.0,10.0,20.0,0.0,88.0,88.0,"A","erp, iva","erp, iva, social media, excel, pec","new",""
"li-4423004883","linkedin","https://www.linkedin.com/jobs/view/4423004883","","Social Media Content Creator","easypeasyfluent","","2026-06-03","fulltime","","","","","",False,"not applicable","Art/Creative, Marketing, and Advertising","","","**Social Media Content Creator 🚀** **La mission** Easypeasy è un pioniere nel settore dell'e\\-learning: rendiamo l'apprendimento dell'inglese accessibile, efficace e coinvolgente. Siamo alla ricerca di un **social media content creator** che voglia diventare il volto e la voce del brand. Cerchiamo una figura che non veda la creazione di contenuti come un hobby, ma come la propria strada professionale, pronta a integrarsi nel team per scalare l'impatto della nostra comunicazione. 🎯 **Il tuo impatto** * **Ideazione e storytelling quotidiano:** sarai il punto di riferimento per la creazione di contenuti su Instagram e TikTok con l'obiettivo di presidiare i canali con costanza e qualità * **Dallo script alla camera:** gestione creativa del processo, dalla stesura dello script (hook, beat, payoff) alla registrazione. Il montaggio è gestito dal nostro team di editor, il tuo focus sarà la performance e la qualità dell'idea * **Protagonista dei contenuti:** sarai il volto principale del brand, portando carisma e naturalezza nei video organici e nelle ADV * **Ricerca e trend:** monitoraggio costante della creator economy per assicurare che Easypeasy sia sempre un passo avanti ⭐ **Chi cerchiamo** * **Esperienza reale:** almeno 1 anno come content creator o UGC creator con un portfolio che dimostri cosa sai fare * **Flessibilità geografica:** il ruolo è **100% remoto** , tuttavia la base a **Milano o Lombardia** è considerata una preferenza per facilitare shooting periodici dal vivo e contenuti ""on the street"" * **Camera confidence:** naturalezza assoluta davanti all'obiettivo e capacità di bucare lo schermo * **High agency:** sei una persona proattiva che propone nuovi angoli creativi ogni giorno senza aspettare istruzioni * **Professionalità:** questo ruolo richiede una presenza mentale e operativa costante per seguire i ritmi di un'azienda in rapida espansione 🎁 **Cosa offriamo** * **Ruolo centrale:** diventerai il pilastro della nostra strategia social lavorando quotidianamente con i founder e il team marketing * **Crescita accelerata:** un ambiente dove vedrai l'impatto reale dei tuoi contenuti sui numeri aziendali ogni giorno * **Formazione e coaching:** accesso alle strategie di content marketing più avanzate nel settore edtech * **Flessibilità:** gestione del lavoro dinamica tra shooting e operatività **Hai il carisma e la determinazione per diventare il volto di Easypeasy? Candidati ora!**","Language Schools and E-Learning Providers","https://ch.linkedin.com/company/easypeasyfluent","https://media.licdn.com/dms/image/v2/D560BAQGBM5DUdTk3Fw/company-logo_100_100/company-logo_100_100/0/1718197223404/easypeasyfluent_logo?e=2147483647&v=beta&t=1soeibMhU90CzUztrCsdCmhC836PjEhnUrVxj8dSPD0","","","","","","","","","","","","Trapani","linkedin","https://www.linkedin.com/jobs/view/4423004883","","","",90,"c909c2788bbb88f1ee52b3f5f8232151a5e91954",False,"","Trapani","amministrazione_contabilita","C",True,False,False,35.0,35.0,0.0,0.0,0.0,0.0,30.0,20.0,0.0,85.0,85.0,"A","ZONA TRAPANI | iva, social media","iva, social media, content creator","new",""
"li-4422688931","linkedin","https://www.linkedin.com/jobs/view/4422688931","","Junior Controller","Joinrs","","","fulltime","","","","","",True,"entry level","Analyst, Consulting, and Accounting/Auditing","","","Stiamo cercando profili junior, studenti e laureati in **ingegneria, economia, management, discipline umanistiche** o **STEM** che vogliano entrare (o crescere) in aziende top in Italia e in Europa. Su Joinrs in questo momento trovi decine di posizioni attive pensate proprio per chi vuole **monitorare le performance aziendali, gestire budget e analizzare i costi per supportare le decisioni strategiche** : * HR Cost Controller Junior in un grande gruppo **editoriale e media** * Junior Financial Reporting Controller in una multinazionale di **marketing e advertising** * Financial Controller in una grande **compagnia assicurativa europea** * Junior Controller Fashion in una **maison di lusso globale** * Industrial Cost Controller Intern in una **multinazionale farmaceutica** * Junior Retail Business Controller in un **brand internazionale del lusso** * Cost Controller Specialist in una **banca\\-assicurazione internazionale** * Junior Controller (Sostituzione Maternità) in un gruppo industriale leader nei **gas tecnici e medicali** ... e oltre **20\\.000** altre posizioni di **stage** , **graduate** **program** , **entry** **level** e **junior!** **Clicca sul pulsante Candidati per accedere a Joinrs!** **Perché usare Joinrs** Su Joinrs non trovi solo annunci, ma un sistema che ti aiuta davvero a farti assumere: * Matching automatico tra il tuo profilo e le aziende * CV e profilo ottimizzati per i recruiter * Accesso a ruoli che spesso non sono pubblici * Focus totale su junior, graduate e early\\-career **Posizioni disponibili** * Italia (Milano, Roma, Torino, Bologna, ecc.) * Europa * Ruoli in sede, ibridi e full remote **Candidati ora** Crea il tuo profilo per scoprire subito le opportunità più in linea con il tuo background.","Software Development and Human Resources Services","https://it.linkedin.com/company/joinrs-international","https://media.licdn.com/dms/image/v2/D4D0BAQFprpI9tmkwfA/company-logo_100_100/company-logo_100_100/0/1696490265118/joinrs_italia_logo?e=2147483647&v=beta&t=ibNOUGYzhH_7fohpZlVdbtXPJHJkPdm2EpLjMh5e3k0","","","","","","","","","","","","Palermo","linkedin","https://www.linkedin.com/jobs/view/4422688931","","","",90,"56c75ff401c92bedc0918034252d4af59da4944f",False,"","Palermo","amministrazione_contabilita","B",False,False,False,25.0,25.0,30.0,0.0,0.0,0.0,10.0,20.0,0.0,85.0,85.0,"A","iva, pec","iva, pec, stage","new",""
"","subito.it","https://www.subito.it/annunci-italia/vendita/offerte-lavoro/?q=praticante+commercialista","","www. subito . it › offerte- lavoro Subito.it Praticante commercialista - Offerte di lavoro","Subito.it","Trapani","2026-06-05","","","","","","","","","","","","Subito.it Fallback | Query: praticante","","","","","","","","","","","","","","","Trapani","subito_fallback","https://www.subito.it/annunci-italia/vendita/offerte-lavoro/?q=praticante+commercialista","","","",50,"5a246890179491f8f2e7daf5c22e958a0afd54d7",False,"","Trapani","amministrazione_contabilita","C",False,False,False,23.0,23.0,0.0,20.0,0.0,0.0,40.0,0.0,0.0,83.0,83.0,"A","ZONA TRAPANI | commercialista, praticante","commercialista, praticante","new",""
"li-4424061400","linkedin","https://www.linkedin.com/jobs/view/4424061400","","Graduate software engineer","Meetup","","2026-06-03","fulltime","","","","","",True,"entry level","Engineering and Information Technology","","","Meetup is a community\\-building platform that millions of people use to discover events, meet others who share their interests, and cultivate meaningful real\\-world connections. Now part of Bending Spoons, it plays a key role in a portfolio of outstanding digital businesses united by a shared focus on innovation and operational excellence. By applying through the Meetup brand, you’ll be stepping into the wider Bending Spoons team. You may work directly on Meetup or contribute to one of our other leading products. Either way, you’ll be part of a high\\-performing, collaborative environment where you can make a real impact. At Bending Spoons, we’re striving to build one of the all\\-time great companies. A company that serves a huge number of customers. A company where team members grow to their full potential. A company that functions at unparalleled levels of effectiveness and efficiency. A company that creates value for shareowners at an extraordinary rate. And a company that does so while adhering to high ethical standards. In pursuit of this objective, we acquire and improve digital businesses, not to sell on, but to own and operate for the long term. The transformations we make are often deep—designed to speed up innovation, benefit customers, and strengthen business performance. Here, hierarchy is minimal and teams are small and talent\\-dense. We operate established products with the ambition, agility, and urgency of a startup. Across the company, we integrate AI deeply into how we work so that human judgment and machine intelligence reinforce each other. For a talented, driven, and collaborative individual, working at Bending Spoons is an opportunity to learn, make an impact, and progress their career at an exceptionally high rate. That’s our promise to such a candidate. **A few examples of your responsibilities** * **Build stuff that matters.** Take real ownership from idea to production, creating systems used by millions and evolving them into products at scale. * **Amplify your impact with AI.** Integrate the most powerful AI tools directly into your development workflow—design, implementation, testing, and documentation—to move faster while maintaining high standards for correctness, reliability, and maintainability. * **Master your toolkit.** Work across diverse stacks with end\\-to\\-end ownership, choosing the right technologies for each challenge. From monoliths to microservices, gRPC to REST, Kubernetes to Docker, Python to Rust—you’ll apply technologies thoughtfully, focusing on depth and purpose rather than trends. * **Simplify relentlessly.** Question every layer of complexity. Improve architectures, pipelines, and codebases to build systems that are simpler, more scalable, and easier to maintain. **What we look for** * **Reasoning ability.** Given the necessary knowledge, you can solve complex problems. You think from first principles, and structure your ideas sharply. You resist the influence of biases. You identify and take care of the details that matter. * **Drive.** You’re extremely ambitious in everything you do—and your initiative, effort, and tenacity match the intensity of your ambition. You feel deeply responsible for your work. You hold yourself to a high—and rising—bar. * **Team spirit.** You give generously and without the expectation of receiving in return. You support the best idea, not your idea. You're always happy to get your hands dirty to help your team. You’re reliable, honest, and transparent. * **Proficiency in English.** You read, write, and speak proficiently in English. **What we offer** * **Incredibly talented, entrepreneurial teams.** You’ll work in small, result\\-oriented, autonomous teams alongside some of the brightest people in your field. * **An exceptional opportunity for growth.** We go to great lengths to hire individuals of outstanding potential—then, our priority is to put them in the ideal position to thrive. Spooners in their 20s lead products worth hundreds of millions of dollars. And if you’ve got what it takes, you’ll soon be playing an essential role in major projects, too. * **Competitive pay and access to equity in the company.** Typically, we offer individuals at the start of their career an annual salary of £85,797 in London and €66,065 elsewhere in Europe. For a candidate that we assess as possessing considerable relevant experience, the salary on offer tends to be between £112,189 and £250,512 in London, and €107,837 and €188,848 elsewhere in Europe. Compensation varies by location and expected impact, and grows rapidly as you gain experience and translate it into greater contributions. For individuals who demonstrate exceptional capability, we may offer compensation that extends beyond the usual ranges to reflect their higher expected impact. If you're offered a permanent contract, you'll also be able receive some of your pay in company equity at a discounted price, thus participating in the value creation we achieve together. If relocating to Italy, you may enjoy a 50% tax cut. * **All. These. Benefits.** Flexible hours, remote working, unlimited backing for learning and training, top\\-of\\-the\\-market health insurance, a rich relocation package, generous parental support, and a yearly retreat to a stunning location. We help each Spooner set up the conditions to do their best work. * **A flexible start date and part\\-time options.** You don't need to wait until graduation to apply. We offer flexible start dates and the possibility to begin part\\-time, transitioning to full\\-time as you complete your degree. Many Spooners joined before graduating and progressively took on greater responsibility, with arrangements that allowed them to do so without compromising their education. **Commitment \\& contract** Permanent or fixed\\-term. Full\\-time. **Location** Milan (Italy), London (UK), Madrid (Spain), Warsaw (Poland) or remote in selected countries. **The selection process** In our screening process, we prioritize verifiable signals of excellence, regardless of seniority. There are no preferential paths beyond what your application demonstrates, and we evaluate every candidate through the same process. Some people hold back because they feel they lack experience or have an “imperfect” CV. If you like the role and believe you could excel over time, don’t self\\-reject. All applications go through our careers page, which is the only way to be considered. If you pass our screening, you’ll be asked to complete one or more tests. They are challenging, may involve unfamiliar problems, and can take several hours. We set the bar high and won’t extend an offer until we’re confident we’ve found the right candidate. This is why a job may remain open for months or be reposted several times. We consider all applicants for employment and provide reasonable accommodations for individuals with disabilities—please let us know through this form. **Before you apply** If you’ve applied before but didn't receive an offer, we recommend waiting at least one year before applying again. Bending Spoons is a demanding environment. We’re extremely ambitious and we hold ourselves—and one another—to a high standard. While this tends to lead to extraordinary learning, achievement, and career growth, it also requires significant commitment. To help you ramp up quickly and set yourself up for success, we recommend spending your first few months working from our Milan office, regardless of your long\\-term work location. It’s the best way to rapidly absorb our company culture and build trust with your new teammates. We’ll support you with generous travel and accommodation assistance. After that, you’re welcome to work from our offices in Milan or London, or remotely from approved countries—depending on what we agree at the offer stage. If the role speaks to you and you’re excited to give your best, we’d love to hear from you. Apply now—we can’t wait to meet you.","Software Development","https://www.linkedin.com/company/meetup","https://media.licdn.com/dms/image/v2/D4E0BAQEfQmXkrMBZWA/company-logo_100_100/B4EZmaycEPKgAQ-/0/1759238537854/meetup_logo?e=2147483647&v=beta&t=oZpmvCU8cHUgIk2EP-u_zBrzFGb-yV5G66_9HzYjVK4","","","","","","","","","","","","Trapani","linkedin","https://www.linkedin.com/jobs/view/4424061400","","","",90,"5e463cdc18a94c4e29132a22e691d9770dfe92f3",False,"","Trapani","amministrazione_contabilita","C",True,False,False,33.0,33.0,0.0,0.0,0.0,0.0,30.0,20.0,0.0,83.0,83.0,"A","ZONA TRAPANI | iva, excel","iva, excel, pec, stage","new",""
"li-4424563980","linkedin","https://www.linkedin.com/jobs/view/4424563980","","Account Manager","Smartness","","","fulltime","","","","","",True,"not applicable","Sales and Business Development","","","**About The Company** At ****Smartness**** , we are building the future of hospitality tech. Our SaaS helps lodging providers boost revenues by 30%\\+ and get more direct bookings. We are the fastest\\-growing B2B SaaS in the industry, trusted by ****4,000\\+ clients across 40\\+ countries**** , with billions of euros in bookings processed. Backed by top international investors and named one of Italy's Top 10 LinkedIn Startups, we are on a mission to scale globally. Want to grow with us? Let's go! **About The Role** **What Will You Do?** As an Account Manager at Smartness, you will not just manage accounts—you will drive revenue growth by ensuring customers extract maximum value from our platform. Your focus will be on customer retention, expansion, upselling, and cross\\-selling, always keeping an eye on hitting (and exceeding) ambitious targets. * Revenue Growth \\& Expansion: Identify and implement upselling and cross\\-selling opportunities, increasing Annual Recurring Revenue (ARR) and expanding customer accounts. * Target Obsession: Drive towards exceeding assigned upsell/cross\\-sell revenue quotas with a structured and strategic approach. * High\\-Volume Contact Management: Consistently manage a high number of daily customer interactions — including calls, video meetings, demo presentations, and other outreach in order to drive engagement and revenue growth. * Customer Engagement: Ensure full product adoption through proactive customer training, regular check\\-ins, and strategic business reviews. * Data\\-Driven Performance: Analyze customer behavior, product usage, and business data to pinpoint optimization opportunities and maximize customer lifetime value. * Customer Retention: Minimize churn through proactive problem\\-solving and tailored strategies that enhance customer satisfaction and platform utilization. * Collaboration with Sales \\& Product Teams: Work closely with sales, marketing, and product development teams to ensure a seamless customer experience and continuous improvements. * Process Optimization: Constantly refine and improve customer success processes, including automating routine tasks and leveraging cutting\\-edge CS tools. **What do we offer?** * Work in a small and top\\-performing team that moves extremely fast where you are extremely important. * Work without having to deal with jerks and ego\\-maniacs. * The opportunity to join one of the best travel\\-tech sales teams in Europe. * A place where your talent can blossom. * An environment where mistakes are allowed – we make bold choices to achieve ambitious goals, learn from mistakes, and move forward. * A place where your voice matters – meetings provide space for new ideas and projects, regardless of your role or seniority. * Continuous growth – we challenge the status quo, renewing our sales processes and approaches to meet challenging goals. * We have fun while working! We are easygoing people. * Work with the best software out there to automate repetitive tasks and let you focus on customers and targets. * Remote working. * Competitive compensation with performance\\-based incentives. For our Customer Success team, we typically offer an OTE package ranging from €28,000 to €45,000 annually for the Italian market, and from €36,000 to €52,000 annually for the DACH market, depending on experience, customer management skills, industry knowledge, and expected impact. Our compensation structure is designed to reward relationship\\-building, problem\\-solving, and long\\-term customer value creation. The OTE includes both a fixed salary and a variable component linked to individual performance, customer retention, and growth objectives. As you grow within the company and contribute to customer satisfaction, account development, and business expansion, your compensation can evolve rapidly to reflect your impact and responsibilities. For candidates with exceptional experience in customer success, account management, or client strategy, we may consider compensation packages beyond the standard range. Still not convinced? Check out our ""Work With Us"" page for more about our mission, values, and why we love working at Smartness: https://www.smartness.com/en/work\\-with\\-us **Before you apply** If you're reading this, it means you're genuinely interested, and that excites us! Here's what you need to know: * We're highly driven and set our goals higher than most, pushing boundaries others may deem impossible. * We work much harder than most companies out there. * Every day, we step out of our comfort zones, fueling rapid growth and learning, even though it might come with its stress. * We hold ourselves and our team to the highest standards of excellence and culture. * Should we feel that this role isn't the right match for you, for the benefit of both parties, we may need to part ways. We hope this sheds light on whether this could be your next adventure. If you believe it is, we warmly invite you to apply. Discover your full potential with us! By submitting this application, I agree that my personal data will be collected, processed, and retained by the company solely for the purposes of managing and assessing my candidacy.","Software Development","https://it.linkedin.com/company/smartness-com","https://media.licdn.com/dms/image/v2/D4D0BAQE_8n679JYBtQ/company-logo_100_100/B4DZXWriVxHYAQ-/0/1743063492623/smartness_com_logo?e=2147483647&v=beta&t=CUmYxHnnhiAp6uyZ11o8ueyXS4zXVBVwOfKa_ocVpwI","","","","","","","","","","","","Trapani","linkedin","https://www.linkedin.com/jobs/view/4424563980","","","",90,"cbbae770ed55b0381cdfeb7c9b956989e52838ce",False,"","Trapani","other","C",False,False,False,33.0,33.0,0.0,0.0,0.0,0.0,30.0,20.0,0.0,83.0,83.0,"A","ZONA TRAPANI | b2b, excel","b2b, excel, pec, booking","new",""
"li-4417637691","linkedin","https://www.linkedin.com/jobs/view/4417637691","","COMUNE DI ARZIGNANO - CONCORSO PUBBLICO PER ESAMI PER L'ASSUNZIONE A TEMPO INDETERMINATO E A TEMPO PIENO DI N. 1 ISTRUTTORE AMMINISTRATIVO CONTABILE - AREA ECONOMICO FINANZIARIA","Dipartimento della Funzione Pubblica","Sicily, Italy","","fulltime","","","","","",False,"entry level","Other","","","E' indetto un concorso per esami per l'assunzione a tempo indeterminato e a tempo pieno di n. 1 Istruttore Amministrativo Contabile\\- Area degli Istruttori \\- da assegnare all'Area Economico Finanziaria","Government Administration","https://it.linkedin.com/company/dipartimento-della-funzione-pubblica","https://media.licdn.com/dms/image/v2/C560BAQG5QIElEtTCEQ/company-logo_100_100/company-logo_100_100/0/1630668295801?e=2147483647&v=beta&t=IkzXXOWWmAELx9PGdzAbxfBReoZmmvttzIrdOOFovgQ","","","","","","","","","","","","Palermo","linkedin","https://www.linkedin.com/jobs/view/4417637691","","","",90,"2cc79b4b135ebea14e76e90b0f87fd9fbe7ff429",False,"","Palermo","amministrazione_contabilita","C",False,False,False,53.0,53.0,0.0,20.0,0.0,0.0,10.0,0.0,0.0,83.0,83.0,"A","concorso pubblico, istruttore amministrativo","concorso pubblico, istruttore amministrativo, amministrativo, comune, concorso, tempo indeterminato","new",""
"li-4424478540","linkedin","https://www.linkedin.com/jobs/view/4424478540","","Graduate sales & account manager","Bending Spoons","","","fulltime","","","","","",True,"entry level","Sales and Product Management","","","At Bending Spoons, we’re striving to build one of the all\\-time great companies. A company that serves a huge number of customers. A company where team members grow to their full potential. A company that functions at unparalleled levels of effectiveness and efficiency. A company that creates value for shareowners at an extraordinary rate. And a company that does so while adhering to high ethical standards. In pursuit of this objective, we acquire and improve digital businesses, not to sell on, but to own and operate for the long term. The transformations we make are often deep—designed to speed up innovation, benefit customers, and strengthen business performance. Here, hierarchy is minimal and teams are small and talent\\-dense. We operate established products with the ambition, agility, and urgency of a startup. Across the company, we integrate AI deeply into how we work so that human judgment and machine intelligence reinforce each other. For a talented, driven, and collaborative individual, working at Bending Spoons is an opportunity to learn, make an impact, and progress their career at an exceptionally high rate. That’s our promise to such a candidate. In this six\\-month internship, you’ll contribute to priority projects, collaborate closely with skilled teammates, and build strong foundations for your growth. **A few examples of your responsibilities** * Help build a world\\-class B2B sales function, contributing to the strategy, processes, and standards that shape how we approach enterprise customers. * Identify and prioritize high\\-potential leads using data and the latest AI tools, then convert corporate clients through cold calls and targeted outreach to drive long\\-term revenue growth. * Develop a deep understanding of your industry’s incentives, decision\\-makers, and purchasing dynamics to build strong, long\\-term client relationships. * Represent our products with clarity and confidence, collecting feedback from clients and sharing actionable insights to help shape product development. * Use performance data to understand what works, focus on the highest\\-value opportunities, and continuously refine your sales approach. * Deliver exceptional service at every touchpoint, building trust and long\\-term partnerships with clients. **What we look for** * **Reasoning ability.** Given the necessary knowledge, you can solve complex problems. You think from first principles, and structure your ideas sharply. You resist the influence of biases. You identify and take care of the details that matter. * **Drive.** You’re extremely ambitious in everything you do—and your initiative, effort, and tenacity match the intensity of your ambition. You feel deeply responsible for your work. You hold yourself to a high—and rising—bar. * **Team spirit.** You give generously and without the expectation of receiving in return. You support the best idea, not your idea. You're always happy to get your hands dirty to help your team. You’re reliable, honest, and transparent. * **Proficiency in English.** You read, write, and speak proficiently in English. **What we offer** * **Incredibly talented, entrepreneurial teams.** You’ll work in small, result\\-oriented, autonomous teams alongside some of the brightest people in your field. * **An exceptional opportunity for growth.** We go to great lengths to hire individuals of outstanding potential—then, our priority is to put them in the ideal position to thrive. Spooners in their 20s lead products worth hundreds of millions of dollars. And if you’ve got what it takes, you’ll soon be playing an essential role in major projects, too. * **Competitive pay and access to equity in the company.** Typically, we offer individuals at the start of their career an annual salary of £56,345 in London and €54,346 elsewhere in Europe. For a candidate that we assess as possessing considerable relevant experience, the salary on offer tends to be between £68,579 and £151,436 in London, and €66,065 and €145,430 elsewhere in Europe. Compensation varies by location and expected impact, and grows rapidly as you gain experience and translate it into greater contributions. For individuals who demonstrate exceptional capability, we may offer compensation that extends beyond the usual ranges to reflect their higher expected impact. If you're offered a permanent contract, you'll also be able receive some of your pay in company equity at a discounted price, thus participating in the value creation we achieve together. If relocating to Italy, you may enjoy a 50% tax cut. * **All. These. Benefits.** Flexible hours, remote working, unlimited backing for learning and training, top\\-of\\-the\\-market health insurance, a rich relocation package, generous parental support, and a yearly retreat to a stunning location. We help each Spooner set up the conditions to do their best work. **Commitment \\& contract** Permanent or fixed\\-term. Full\\-time or part\\-time. **Location** Milan (Italy), London (UK), Madrid (Spain), Warsaw (Poland) or remote in selected countries. **The selection process** In our screening process, we prioritize verifiable signals of excellence, regardless of seniority. There are no preferential paths beyond what your application demonstrates, and we evaluate every candidate through the same process. Some people hold back because they feel they lack experience or have an “imperfect” CV. If you like the role and believe you could excel over time, don’t self\\-reject. All applications go through our careers page, which is the only way to be considered. If you pass our screening, you’ll be asked to complete one or more tests. They are challenging, may involve unfamiliar problems, and can take several hours. We set the bar high and won’t extend an offer until we’re confident we’ve found the right candidate. This is why a job may remain open for months or be reposted several times. We consider all applicants for employment and provide reasonable accommodations for individuals with disabilities—please let us know through this form. **Before you apply** If you’ve applied before but didn't receive an offer, we recommend waiting at least one year before applying again. Bending Spoons is a demanding environment. We’re extremely ambitious and we hold ourselves—and one another—to a high standard. While this tends to lead to extraordinary learning, achievement, and career growth, it also requires significant commitment. To help you ramp up quickly and set yourself up for success, we recommend spending your first few months working from our Milan office, regardless of your long\\-term work location. It’s the best way to rapidly absorb our company culture and build trust with your new teammates. We’ll support you with generous travel and accommodation assistance. After that, you’re welcome to work from our offices in Milan or London, or remotely from approved countries—depending on what we agree at the offer stage. If the role speaks to you and you’re excited to give your best, we’d love to hear from you. Apply now—we can’t wait to meet you.","Software Development","https://it.linkedin.com/company/bendingspoons","https://media.licdn.com/dms/image/v2/D4E0BAQHDn0lajf8A3g/company-logo_100_100/B4EZx1lwm7IEAQ-/0/1771499359405/bendingspoons_logo?e=2147483647&v=beta&t=9N6kR4clNsmlT3LFjnaBwqZZU8AK0QgcrhkqdyN2w7U","","","","","","","","","","","","Sicilia","linkedin","https://www.linkedin.com/jobs/view/4424478540","","","",90,"62933f86b3cb8ce9077049e3677f619044ba4c46",False,"","Sicilia","other","B",True,False,False,48.0,48.0,0.0,0.0,0.0,0.0,15.0,20.0,0.0,83.0,83.0,"A","erp, b2b","erp, b2b, excel, pec, stage","new",""
"li-4420957534","linkedin","https://www.linkedin.com/jobs/view/4420957534","","Technical Support Engineer","Object First","","2026-05-29","fulltime","","","","","",True,"mid-senior level","Engineering","","","**Object First** , now an independent business unit of **Veeam** , builds secure, simple, and powerful backup storage for Veeam customers, engineered with Absolute Immutability to deliver true ransomware\\-proof protection. Our Zero Access architecture ensures no one can alter or delete backup data, providing cyber resilience by design. Are you looking for a role where you can make a real impact by working with meaningful, high\\-performance technology? Join a fast\\-growing, innovative\\-driven team where clarity, ownership, and collaboration truly matter. We are looking for a skilled **Technical Support Engineer** with prior experience, to play a pivotal role in assisting clients with technical issues. The ideal candidate will be responsible for resolving customer queries, providing technical guidance, and ensuring seamless communication with colleagues and other departments. **What You’ll Do** * Provide efficient and effective technical support to customers. * Diagnose and troubleshoot software and hardware issues related to the product. * Collaborate with cross\\-functional teams to promptly resolve complex technical problems. * Guide customers through proper configurations and best practices for an exceptional experience. * Document and track customer issues, resolutions, and best practices to contribute to the knowledge base. * Stay updated on industry trends and emerging technologies in data backups and security. * Support the development of documentation by validating procedures, building lab environments or drafting content. * Conduct root cause analyses (RCA) for customer issues, collaborating with internal teams and external vendors as needed. **What You’ll Bring** * Proven experience in technical support, preferably in data backup or storage solutions. * Strong knowledge of Veeam data backup products. * Veeam ecosystem experience e.g. VMware ESX(i)/vSphere, Microsoft Hyper\\-V / Failover cluster, public clouds. * Advanced user or administrative level experience with Ubuntu Linux and Windows Server. * Strong knowledge of server hardware. * Excellent problem\\-solving and analytical skills. * Effective communication and customer service skills. * Familiarity with industry\\-standard certifications (e.g., Veeam) is a plus. * Experience conducting root cause analysis (RCA), including analyzing OS, infrastructure, and product logs. * Proficiency in English and Italian is required. **Why Join Object First** * An exciting opportunity with a global, high\\-growth IT company. * Paid annual leave in accordance with local regulations. * Remote work options. * Modern work equipment is provided. * Opportunities for professional development and growth. * A supportive and collaborative work environment. **Equal Opportunity \\& Data Privacy** Object First is an equal opportunity employer. We welcome and encourage diversity in our teams and are committed to creating an inclusive environment for all employees. By applying for this position, you consent to the processing of your personal data for recruitment purposes, in accordance with applicable data protection laws and Object First’s privacy practices. All candidate information will be treated with strict confidentiality throughout the process. **Make an Impact with Us** If you’re looking to make a real impact and grow alongside a company that builds secure, simple, and powerful technology, Object First is the place for you. Join us and take your career to the next level.","Construction, Software Development, and IT Services and IT Consulting","https://www.linkedin.com/company/objectfirst","https://media.licdn.com/dms/image/v2/D560BAQFZip-wKZF4iQ/company-logo_100_100/B56ZqYBio2JUAQ-/0/1763487132496/objectfirst_logo?e=2147483647&v=beta&t=KAuyfTiNxTfPw-jcrDcAYqguCKsWcBVGTusmCpLHr5Y","","","","","","","","","","","","Trapani","linkedin","https://www.linkedin.com/jobs/view/4420957534","","","",90,"9506dd142b504eed2cfb7daae3b8809ce7fb6a8e",False,"","Trapani","amministrazione_contabilita","C",True,False,False,31.0,31.0,0.0,0.0,0.0,0.0,30.0,20.0,0.0,81.0,81.0,"A","ZONA TRAPANI | iva, excel","iva, excel, customer service","new",""
"li-4424536094","linkedin","https://www.linkedin.com/jobs/view/4424536094","","Technician (Service Desk)","NATO Support and Procurement Agency (NSPA)","Lentini, Sicily, Italy","","fulltime","","","","","",False,"mid-senior level","Information Technology","","","**Post No LQ034/ Ref. No 2026\\_00340** **JOB DESCRIPTION \\- (See link to the full job description in the right blue box)** * Complete secondary school or equivalent education with at least two years of additional IT oriented formal education. * Experience in providing support in a help desk environment normally acquired as a Junior Technician after five to seven years in the Agency or in a similar organisation. * Familiarity with the utilisation of ticketing/incident management systems. * Good knowledge of maintenance and supply practices and procedures. * Proficiency in technical, administrative, and business writing and in the use of Technical Data (TD) publications. * Ability to work independently, to be self\\-motivated, to work under stress and tight deadlines. * Ability to communicate clearly, both orally and in writing. * Knowledge of information systems at end\\-user level with experience in using personal computers and software packages. **WHAT DO WE OFFER?** * Multicultural environment * Initial three year contract with competitive monthly tax\\-free salary (subject to Article 19 of the Ottawa agreement on exemption of Taxation) * Additional benefits for expatriate staff including expatriation and education allowances (where applicable) and additional home leave * Excellent health coverage * Great work/life balance * Generous annual leave of 6 weeks plus official holidays * Pension Scheme **POST DETAILS** * Basic monthly salary: EUR 4 723,81 , tax free \\- before insurance and pension contributions. * The incumbent of this post might be required to work on shifts and undertake deployments, including duty travel, in support of NAGSF\\-approved operations/missions. **HOW TO APPLY?** **All candidates (internal and external)** should refer to the **FAQs** before applying. **NSPA internal candidates** must submit additionally their latest completed **performance** **report.** **NSPA staff members** of the same grade can submit a transfer request till 10 June 2026\\. **Applications sent via e\\-mail will be automatically rejected.** All application deadlines are based on the Central European Time (CET) zone. **IMPORTANT NOTES** Qualified redundant NATO civilian candidates of the same grade will be considered in priority. Interviews are expected to be held approximately six weeks after the application closing date. The Talent Acquisition and Development Office shall let you know in due course the outcome of the screening process. Moreover, due to the broad interest in NSPA and the large number of potential candidates, telephone or email enquiries cannot be dealt with. The Agency would appreciate it if addressee countries could provide their support by submitting candidates whose security clearance can be effected (or confirmed) rapidly and who could report for duty as soon as possible after selection. NSPA as an employer values diverse backgrounds and perspectives and is committed to recruiting and retaining a diverse and talented workforce. NSPA welcomes applications of nationals from all Member States and strongly encourages women to apply. **EMPLOYMENT STATUS REQUIREMENT FOR CURRENT MILITARY OR ADMINISTRATION POST HOLDERS:** Please note that if you currently hold a military or administration post, you will be required to decide, in accordance with your national authorities' regulations, whether to retire or resign from your post, or apply for special leave from your national authorities. If you are invited to a preliminary interview, you will be asked to indicate your preference at that time as well. **Important Note** Your application should be submitted in one go and you **will not** be able to modify your data once submitted.","Defense and Space Manufacturing","https://lu.linkedin.com/company/nspa","https://media.licdn.com/dms/image/v2/D4E0BAQEiKZS8MtS3rA/company-logo_100_100/B4EZoloHFOKkAQ-/0/1761567864540/nspa_logo?e=2147483647&v=beta&t=gzMyRVRCl6dWYetJu-3LgoQct51cgtnOH8E-LQjz5ps","","","","","","","","","","","","Sicilia","linkedin","https://www.linkedin.com/jobs/view/4424536094","","","",90,"596369fd68108d58485d67f24690f87a4adacb3a",False,"","Sicilia","amministrazione_contabilita","C",False,False,False,36.0,36.0,30.0,0.0,0.0,0.0,15.0,0.0,0.0,81.0,81.0,"A","iva, excel","iva, excel, help desk, pec","new",""
"","subito.it","https://www.subito.it/annunci-italia/vendita/offerte-lavoro/?q=addetto+contabilit%C3%A0","","www. subito . it › annunci-italia › vendita Subito.it Addetto contabilità - Offerte di lavoro","Subito.it","Trapani","2026-06-05","","","","","","","","","","","","Subito.it Fallback | Query: contabilità","","","","","","","","","","","","","","","Trapani","subito_fallback","https://www.subito.it/annunci-italia/vendita/offerte-lavoro/?q=addetto+contabilit%C3%A0","","","",50,"23ab6cba292ea9faf2abaebb17ad34cb17ebc61d",False,"","Trapani","amministrazione_contabilita","C",False,False,False,20.0,20.0,0.0,20.0,0.0,0.0,40.0,0.0,0.0,80.0,80.0,"A","ZONA TRAPANI | contabilità, addetto","contabilità, addetto","new",""
"li-4419690482","linkedin","https://www.linkedin.com/jobs/view/4419690482","","Consulente Atlassian","Gruppo Euris Spa","","2026-06-03","fulltime","","","","","",True,"associate","Consulting and Information Technology","","","**Consulente Atlassian** **GetConnected PPM \\& ITSM** è la Practice di Gruppo Euris specializzata nell’Agile Digital Transformation, utilizzando i tool della suite Atlassian. Siamo alla ricerca di un **Consultant Atlassian** con esperienza di almeno 3 anni in campo consulenziale. **Si richiede:** * competenza come ADMIN Atlassian (cloud, apprezzata anche la competenza datacenter) * basi di competenza tecnica per configurazioni GUARD, integrazione con AD/ENTRA, integrazioni con prodotti terzi, API, Script, Asset * competenza per la configurazione dei prodotti Atlassian core quali Jira, JSM e Confluence * capacità relazionale con i clienti * capacità di lavoro in team * disponibilità a trasferte **Nice to have:** * conoscenza dei principali processi aziendali (es. Service Management, Activity management, altro) * conoscenza della lingua inglese * certificazioni e/o accreditation Atlassian, ITIL v.4 eventuali altre certificazioni **Modalità di lavoro:** smartworking o full remote. **Cosa offriamo?** * Ambiente inclusivo dove sviluppare il tuo potenziale, anche grazie a percorsi di crescita strutturati. * Retribuzione: € 32\\.000 \\- € 45\\.000 in base alle competenze maturate. * Struttura organizzativa innovativa basata sulle responsabilità e non sulle gerarchie * Retribuzione in base alle tue esperienze e competenze * Formazione Atlassian e Agile con possibilità di certificazioni * Orario flessibile in cambio di senso di responsabilità! Siamo un'azienda dinamica e inclusiva, focalizzata su responsabilità, innovazione e sviluppo del potenziale umano. Offriamo un ambiente di lavoro stimolante, flessibile e orientato alla crescita, valorizzando la formazione e la professionalità. In Gruppo Euris pensiamo inoltre che il benessere delle persone sia una condizione indispensabile per raggiungere risultati di valore, per questo motivo avrai la possibilità, in base alle tue esigenze, di lavorare in **full remote, smartworking** o da una delle nostre sedi in cui troverai sala relax con giochi da tavolo, biliardino e caffè gratis ad ogni ora! Potrai inoltre partecipare ai numerosi eventi formativi e ludici organizzati dal nostro Team People. *La ricerca è naturalmente rivolta a candidature di entrambi i sessi (L. 903/77\\)*","Software Development, IT System Custom Software Development, and IT Services and IT Consulting","https://it.linkedin.com/company/euris","https://media.licdn.com/dms/image/v2/C4E0BAQEj0r-7l6Lwyw/company-logo_100_100/company-logo_100_100/0/1653288483598/euris_logo?e=2147483647&v=beta&t=KAYEiyVJdaY2GEJdN2WAGKQYhD0cImGy8a3P1Rh4GsM","","","","","","","","","","","","Trapani","linkedin","https://www.linkedin.com/jobs/view/4419690482","","","",90,"7f4120bd93693df2034538bfe31a63a0f2537a60",False,"","Trapani","amministrazione_contabilita","C",True,False,False,20.0,20.0,10.0,0.0,0.0,0.0,30.0,20.0,0.0,80.0,80.0,"A","ZONA TRAPANI | iva, pec","iva, pec","new",""
"li-4420122530","linkedin","https://www.linkedin.com/jobs/view/4420122530","","Project Manager","Azienda Anonima","","2026-06-03","fulltime","","","","","",False,"mid-senior level","Information Technology","","","**La nostra proposta:** Siamo alla ricerca di un **Project Manager** da inserire nel contesto di un nostro cliente per occuparsi della governance e coordinamento di progetti SAP. **Competenze fondamentali:** * Esperienza di almeno 5 anni nella gestione end\\-to\\-end di progetti **IT.** * Esperienza su progettualità SAP (preferibilmente sui moduli MM, MDG e FI) * Coordinamento di team interfunzionali. * Gestione dei tempi e delle risorse del progetto. * Monitoraggio dei rischi e risoluzione dei problemi legati ai progetti. * Supervisione delle attività di test, training e documentazione. **Modalità Operativa:** Le attività saranno svolte da remoto, con disponibilità a trasferte in caso di necessità. **Compensation\\&Benefit** : La proposta economica sarà valutata rispetto alla seniority e alle competenze del candidato RAL (35\\.000\\-45\\.000\\)\\+buoni pasto. **Iter di Selezione:** Il percorso di selezione prevede un primo approfondimento conoscitivo/motivazionale con il referente HR dedicato e una successiva fase di valutazione e presentazione delle tematiche tecnico/progettuali. *Il presente annuncio è rivolto ad entrambi i sessi, ai sensi delle leggi 903/77 e 125/91 e a persone di tutte le età e tutte le nazionalità, ai sensi dei decreti legislativi 215 e 216/03\\.*","IT Services and IT Consulting","https://it.linkedin.com/company/promedical-italia","https://static.licdn.com/aero-v1/sc/h/aajlclc14rr2scznz5qm2rj9u","","","","","","","","","","","","Trapani","linkedin","https://www.linkedin.com/jobs/view/4420122530","","","",90,"7501212851115d0ab16bd48d6532ff5c8b64b202",False,"","Trapani","amministrazione_contabilita","C",False,False,False,30.0,30.0,0.0,0.0,0.0,0.0,30.0,20.0,0.0,80.0,80.0,"A","ZONA TRAPANI | sap, iva","sap, iva","new",""
"li-4424083809","linkedin","https://www.linkedin.com/jobs/view/4424083809","","Key Account Manager – MakeUp","Grafton Recruitment","","2026-06-03","fulltime","","","","","",True,"associate","Sales and Business Development","","","**Grafton** is proud to partner with a leading Chinese cosmetics manufacturer specializing in sustainable, organic, and bio\\-certified makeup formulas (OEM/ODM). As we accelerate our European expansion, we are launching operations in the Italian market. We are seeking a high\\-performing **Key Account Manager** to spearhead this market entry, build the local footprint from scratch, and drive B2B growth. This is a **100% full\\-remote** role with nationwide coverage, offering total autonomy to shape the business in Italy while collaborating with a dynamic international team. Key Responsibilities: * **Market Entry:** Design and execute the commercial strategy to introduce our premium, sustainable manufacturing capabilities to Italian beauty brands. * **Pipeline Growth:** Prospect, negotiate, and secure high\\-value B2B contracts with indie brands, established cosmetics labels, and private label retailers. * **Client Advisory:** Partner closely with clients to co\\-create custom, eco\\-friendly makeup lines, leveraging our cutting\\-edge R\\&D and certified bio\\-formulas. * **Stakeholder Management:** Act as the primary country representative, reporting directly to the Sales Director based in London. Requirements: * **Industry Expertise:** Proven track record in the cosmetics/beauty sector, specifically within contract manufacturing (OEM/ODM) or B2B raw materials. * **Active Network:** An established portfolio of contacts among Italian makeup brands, decision\\-makers, and corporate buyers. * **Green Mindset:** Deep understanding of sustainable beauty trends, bio\\-certifications, and eco\\-packaging solutions. * **Language Skills:** Professional fluency in both **Italian** and **English** for seamless collaboration with London and global hubs. * **Entrepreneurial Drive:** A self\\-starter attitude, comfortable operating independently in a fast\\-paced, startup\\-style remote environment. Compensation \\& Benefits: * **Contract:** UK permanent contract (split across 12 monthly salaries). * **Base Salary:** €55,000 (negotiable based on experience). * **Bonus:** Highly rewarding, performance\\-driven variable bonus scheme. * **Mobility:** Leased company car OR full expense reimbursement for business travel. * **Health:** Comprehensive private healthcare insurance package. * **Flexibility:** 100% remote working model with the freedom to manage your national travel schedule. * **Growth:** Continuous professional training and clear pathways for career advancement within a global ecosystem. Grafton è il brand globale che si occupa di Professional Recruitment di Gi Group Holding, la prima multinazionale italiana del lavoro e una tra le principali realtà che offrono servizi e consulenza HR a livello globale. L’offerta si intende rivolta a candidati ambosessi, nel rispetto del D.Lgs. n. 198/2006 e ss.mm.ii. e dei Decreti Legislativi n. 215 e n. 216 del 2003 sulle parità di trattamento. I candidati sono invitati a leggere l’informativa privacy ai sensi degli artt. 13 e 14 del Reg. EU 679/2016 al seguente indirizzo https://it.grafton.com/it/privacy\\-candidati (Aut. Min. del 15/04/2014 Prot. N: 39/4903\\)","Personal Care Product Manufacturing","https://it.linkedin.com/company/grafton-recruitment","https://media.licdn.com/dms/image/v2/D4D0BAQEtpvcgviFvLg/company-logo_100_100/company-logo_100_100/0/1689754318235/grafton_recruitment_logo?e=2147483647&v=beta&t=07QrWFHpcUEGr4M4f4cYVmIc-YSGwBVL533FcBcBTgA","","","","","","","","","","","","Sicilia","linkedin","https://www.linkedin.com/jobs/view/4424083809","","","",90,"30aa7096c8aecccc8108d5b744948b1a2bc93268",False,"","Sicilia","amministrazione_contabilita","B",True,False,False,35.0,35.0,10.0,0.0,0.0,0.0,15.0,20.0,0.0,80.0,80.0,"A","iva, b2b","iva, b2b, pec","new",""
"li-4420137743","linkedin","https://www.linkedin.com/jobs/view/4420137743","","Affiliate Manager","Hedgio","","2026-06-03","fulltime","","","","","",True,"mid-senior level","Marketing and Sales","","","**Siamo una startup in forte crescita nel settore fintech e trading** , impegnata nello sviluppo del primo ecosistema in grado di generare rendita ricorrente per gli affiliati, senza la necessità di acquisire costantemente nuovi clienti e senza dipendere dai broker. Stiamo costruendo un modello altamente scalabile basato su **acquisition, retention e sviluppo del network** . Per rafforzare il team, selezioniamo un **Affiliate Manager** con esperienza concreta, orientato ai dati e desideroso di crescere insieme al progetto. Responsabilità principali * Acquisizione di nuovi partner in target (community owner, influencer, media buyer, trader, YouTuber, blogger) tramite canali multipli: funnel, outreach e networking * Sviluppo e ottimizzazione di un sistema di **“affiliate loop”** (clienti → affiliati) * Gestione e crescita del network di affiliati * Formazione degli affiliati su prodotto, networking e strumenti operativi * Creazione, monitoraggio e ottimizzazione di campagne performance * Collaborazione con il team sales per migliorare conversioni e retention Profilo ideale * Disponibilità full\\-time (remote) con utilizzo avanzato di strumenti manageriali, CRM e reportistica basata su KPI * Esperienza nel settore affiliate marketing (preferibilmente in ambito trading, fintech o crypto) * Mentalità **performance\\-driven** e orientata ai risultati * Capacità concreta di generare traffico qualificato, clienti reali e gestire attività di outreach B2B * Approccio imprenditoriale e forte orientamento alla crescita Modello di collaborazione * Struttura retributiva composta da **fisso \\+ commissioni performance** , con possibilità di costruire rendita ricorrente * Concrete opportunità di crescita professionale ed economica all’interno del progetto Requisiti preferenziali * Parli fluentemente italiano, inglese e spagnolo * Esperienza con broker o prop firm * Network di affiliati già attivo * Competenze in media buying (Meta, Google, Native) Obiettivo Costruire un sistema scalabile e sostenibile basato su affiliati di qualità, evitando volumi non qualificati. Se interessato/a, inviaci un messaggio in DM con: * CV e esperienze pregresse * Risultati concreti (dati e numeri) * Eventuale network già attivo","Software Development","https://www.linkedin.com/company/hedgio","https://media.licdn.com/dms/image/v2/D560BAQFEsSUQL4HqpQ/company-logo_100_100/B56Z20V2X8GgAQ-/0/1776847121646?e=2147483647&v=beta&t=JxtAfOfUvFu-jROnCiXNxSxIkDfhYOr0AKCq6deFSsI","","","","","","","","","","","","Sicilia","linkedin","https://www.linkedin.com/jobs/view/4420137743","","","",90,"ff0d9f204dedfe9815b992e1da7798d9efd060a6",False,"","Sicilia","amministrazione_contabilita","C",True,False,False,45.0,45.0,0.0,0.0,0.0,0.0,15.0,20.0,0.0,80.0,80.0,"A","crm, iva","crm, iva, b2b","new",""
"li-4419686524","linkedin","https://www.linkedin.com/jobs/view/4419686524","","SAP Ariba Support Specialist","agap2 Italia","","2026-06-03","parttime","","","","","",True,"mid-senior level","Consulting","","","Parte del Gruppo MoOngy, Agap2 è presente sul mercato europeo in 14 paesi con servizi di consulenza ingegneristica impiantistica. Dal 2018, **Agap2 Italia** opera sul territorio nazionale nei seguenti settori: Energy, Oil\\&Gas, Steel, Hydrogen, Power Generation, Construction. **ABOUT THE ROLE – SAP Ariba Support Specialist (AMS)** Per conto di una realtà internazionale strutturata e specializzata nei servizi di Application Management e Supporto SAP, siamo alla ricerca di un **SAP Ariba Support Specialist** con esperienza in attività AMS e nelle integrazioni tra SAP Ariba e sistemi SAP ERP. La figura entrerà a supporto di un cliente già attivo, all'interno di un contesto consolidato, contribuendo alla gestione operativa e al troubleshooting delle principali problematiche applicative e di integrazione legate all'ecosistema SAP Ariba. Ricerchiamo un professionista autonomo, con una solida esperienza tecnico\\-funzionale, capace di operare in maniera indipendente e di interfacciarsi efficacemente con stakeholder tecnici e business. **📍 Modalità di lavoro** * Full Remote * Part\\-time 50% * 5 giorni a settimana * Circa 4 ore giornaliere con flessibilità oraria * Disponibilità richiesta nel più breve tempo possibile **Responsabilità principali** * Supporto applicativo e gestione ticket in ambito SAP Ariba * Analisi e risoluzione di problematiche relative ai moduli Ariba * Monitoraggio e troubleshooting delle integrazioni tra SAP Ariba e sistemi SAP * Analisi di payload e file XML/cXML per l'identificazione di anomalie e malfunzionamenti * Gestione e supporto su problematiche relative ai Master Data * Supporto alla configurazione e manutenzione della piattaforma SAP Ariba * Analisi e risoluzione di errori UI e problematiche funzionali * Collaborazione con team applicativi e tecnici per garantire la continuità del servizio **Requisiti** * Almeno 5 anni di esperienza su SAP Ariba * Esperienza consolidata in attività AMS (Application Management Services) * Conoscenza approfondita dei moduli: * Ariba Sourcing * Supplier Lifecycle \\& Performance (SLP) * Ariba Procurement * Esperienza nelle integrazioni SAP\\-Ariba * Capacità di leggere e analizzare payload XML e cXML * Conoscenza dei processi di Master Data Management * Esperienza nella gestione di errori di integrazione e problematiche applicative * Capacità di lavorare in autonomia e gestire attività di supporto end\\-to\\-end * Ottime capacità di problem solving **Competenze tecniche richieste** * SAP Ariba * SAP ERP / SAP S/4HANA * XML / cXML * Web Services e integrazioni applicative * Troubleshooting applicativo * Application Maintenance \\& Support * Master Data Management **Requisiti linguistici** * Italiano preferenziale * Inglese professionale gradito * Saranno valutati anche professionisti internazionali con buona conoscenza della lingua inglese **The world needs you** AGAP2 è un equal opportunities employer: crediamo che tutte le forme di diversità siano fonte di arricchimento reciproco. Ci impegniamo a garantire un ambiente di lavoro inclusivo, nel quale ogni singola risorsa possa apportare un valore unico alla nostra realtà. Pertanto, accogliamo candidature senza distinzione di età, genere, nazionalità, disabilità, orientamento sessuale, religione o stato civile. Inoltre, teniamo fede ai nostri impegni prestando attenzione alle risorse appartenenti alle categorie protette ai sensi degli articoli 1 e 18 della Legge 68/99\\. I dati personali saranno trattati in conformità alle disposizioni contenute nel regolamento UE 2016/679\\.","Transportation, Logistics, Supply Chain and Storage","https://it.linkedin.com/company/agap2-italia","https://media.licdn.com/dms/image/v2/C4D0BAQHsnlE_DC1W7w/company-logo_100_100/company-logo_100_100/0/1630580462849?e=2147483647&v=beta&t=0Ts3EhU1R_S0KTI9sgkpmcd_laFDhq8u3ev8oM3FUxA","","","","","","","","","","","","Palermo","linkedin","https://www.linkedin.com/jobs/view/4419686524","","","",90,"1bdd899f5f8995018b4ab5aff1a9d797590ee64f",False,"","Palermo","amministrazione_contabilita","C",True,False,False,50.0,50.0,0.0,0.0,0.0,0.0,10.0,20.0,0.0,80.0,80.0,"A","sap, erp","sap, erp, iva, pec","new",""
"li-4421800839","linkedin","https://www.linkedin.com/jobs/view/4421800839","","Selezioni Aperte - Studenti/Neodiplomati Part/Full time","Jteam SRLS","Catania, Sicily, Italy","2026-06-01","parttime","","","","","",False,"not applicable","Advertising, Marketing, and Training","","","JTEAM Marketing SRLS, azienda in forte crescita, ricerca per la sede di CATANIA nuove risorse da inserire in organico nell'immediato JTEAM Srls, agenzia di marketing e comunicazione, seleziona promoter anche senza esperienza per attività di sensibilizzazione e raccolta fondi a favore di importanti organizzazioni umanitarie. Posizione: Società di direct marketing, ricerca figure professionali per svolgere attività lavorative di marketing face to face nella città di CATANIA Ricerchiamo candidati, anche senza esperienza, motivati e con voglia di mettersi in gioco. Grandi opportunità di viaggiare, divertirsi e guadagnare, nonché di crescere professionalmente. Offriamo formazione mirata nel settore commerciale, ambiente giovane e meritocratico, ottime possibilità di guadagno, possibilità di viaggi internazionali e nazionali. La società offre: * formazione On\\-Line e in Aula; * viaggi formativi in Italia e all'estero a carico dell'azienda; * bonus; * concreta possibilità di crescita professionale; * periodo di prova retribuito. Requisiti: * Domicilio a Catania o in Provincia ; * Ottima padronanza della lingua italiana; * Predisposizione alla Vendita; * Proattività e spirito d'iniziativa; * Disponibilità Immediata, Part time o Full Time. Altre informazioni: Se ti rivedi nella descrizione, e ti senti incuriosito/a, inviaci la tua candidatura. Il nostro team HR ti contatterà al più presto per un primo colloquio conoscitivo.","Restaurants, Advertising Services, and Professional Training and Coaching","https://it.linkedin.com/company/jteamsrls","https://media.licdn.com/dms/image/v2/C560BAQEFBXBuZWCfNw/company-logo_100_100/company-logo_100_100/0/1637156278669?e=2147483647&v=beta&t=wvHSVeU5cXnBwbogrLOnm5Myc-R7uJKr3vIh_6wdv_Y","","","","","","","","","","","","Sicilia","linkedin","https://www.linkedin.com/jobs/view/4421800839","","","",90,"e37b7bd06753707b05a4be0286c76cd4594315bb",False,"","Sicilia","amministrazione_contabilita","C",False,False,False,35.0,35.0,20.0,0.0,0.0,0.0,15.0,10.0,0.0,80.0,80.0,"A","iva, diplomati","iva, diplomati, provincia","new",""
"li-4421115180","linkedin","https://www.linkedin.com/jobs/view/4421115180","","Area Manager","Me stesso me","Sicily, Italy","","fulltime","","","","","",False,"mid-senior level","Sales and Business Development","","","**Descrizione del ruolo** In qualità di Area Manager per fornitore di luce e gas, contribuirai allo sviluppo e alla gestione di un portafoglio clienti e punti vendita/aree assegnate, con responsabilità su performance commerciali, qualità del servizio e soddisfazione delle persone coinvolte. Si tratta di un ruolo full time, svolto in modalità completamente da remoto, che richiede coordinamento quotidiano con i referenti di zona, monitoraggio dei risultati e pianificazione di azioni correttive. Nella tua attività giornaliera gestirai reportistica e analisi dei dati di vendita, supporterai le attività di budgeting e forecasting e assicurerai l’allineamento alle strategie aziendali. Collaborerai con i team interni (commerciale, marketing, operations) per definire iniziative di sviluppo del business, supervisionerai l’implementazione di campagne e promozioni, e ti assicurerai della corretta comunicazione delle linee guida ai partner e alle persone sul territorio. Sarai inoltre responsabile di favorire una cultura orientata al miglioramento continuo, raccogliendo feedback dal campo e proponendo soluzioni per ottimizzare processi, strumenti e modalità operative. **Qualifiche** * Esperienza pregressa come area manager, district manager o ruolo affine, con gestione di più punti vendita, territori o portafogli clienti. * Competenze consolidate in gestione commerciale, analisi delle performance e orientamento ai risultati, con capacità di tradurre gli obiettivi in piani operativi concreti. * Ottime capacità di comunicazione, negoziazione e relazione, con attitudine alla collaborazione trasversale con team interni ed esterni. * Autonomia nell’organizzazione del lavoro in contesti da remoto, forte senso di responsabilità, capacità di prioritarizzazione e gestione del tempo. * Buona padronanza degli strumenti digitali (suite Office/Google, crm, piattaforme di videoconferenza) e familiarità con la reportistica dati. * Titolo di studio in ambito economico, gestionale o equivalente esperienza professionale; gradita conoscenza dell’inglese o di un’altra lingua straniera. * Disponibilità a eventuali trasferte periodiche, orientamento al miglioramento continuo, apertura al feedback e alla formazione continua.","","https://www.linkedin.com/company/me-stesso-me","https://media.licdn.com/dms/image/v2/C560BAQFj1_qETi4tNg/company-logo_100_100/company-logo_100_100/0/1631337996208?e=2147483647&v=beta&t=-4_3473-H-KywF-K5eIfYj_wJSWC6CZIPTiLplKted0","","","","","","","","","","","","Trapani","linkedin","https://www.linkedin.com/jobs/view/4421115180","","","",90,"8b8ab66af4df17fc682ff2d9defdd238c460ca77",False,"","Trapani","amministrazione_contabilita","C",True,False,False,30.0,30.0,0.0,0.0,0.0,0.0,30.0,20.0,0.0,80.0,80.0,"A","ZONA TRAPANI | crm, iva","crm, iva","new",""
"li-4420736281","linkedin","https://www.linkedin.com/jobs/view/4420736281","","Automation Tester","Itconsulting","","","fulltime","","","","","",True,"associate","Information Technology","","","Itconsulting, società di consulenza informatica, ricerca **Automation Tester** con almeno 3 anni di esperienza. Le attività saranno svolte in **full remote.** **REQUISITI** * **Web Automation** : Playwright e WebDriverIO * Padronanza di Python e JavaScript * **AI\\-Driven Testing** : Esperienza pratica con Claude Code, Cursor o equivalenti. Per superare la fase di screening è **necessario risiedere in Italia e parlare la lingua italiana** . La posizione **non prevede collaborazioni a partita iva** . **COSA OFFRIAMO** * **RAL fino a €35\\.000** per profili con più di 5 anni di esperienza * **RAL fino a €30\\.000** per profili con meno di 4 anni di esperienza *Ricordati di inviare la tua candidatura, specificando l’autorizzazione al trattamento dei dati personali contenuti nel Curriculum Vitae ai sensi del D. Lgs. 196/2003 e all’art. 13 GDPR (Regolamento UE 2016/679\\) ai fini della ricerca e selezione del personale*","IT Services and IT Consulting","https://it.linkedin.com/company/itconsultingsrl","https://media.licdn.com/dms/image/v2/C4D0BAQH1WxiijU7gFw/company-logo_100_100/company-logo_100_100/0/1630478458925/itconsultingsrl_logo?e=2147483647&v=beta&t=A7YVGbGDYnbnro435og10JIquvUz8dbI5vQ_etXakOE","","","","","","","","","","","","Trapani","linkedin","https://www.linkedin.com/jobs/view/4420736281","","","",90,"e61352c4029ccfa0c007daff9a41cfbdf87452e2",False,"","Trapani","amministrazione_contabilita","C",False,False,False,20.0,20.0,10.0,0.0,0.0,0.0,30.0,20.0,0.0,80.0,80.0,"A","ZONA TRAPANI | iva, pec","iva, pec","new",""
"li-4420731433","linkedin","https://www.linkedin.com/jobs/view/4420731433","","Analista test di automazione","Investech-blue","","","fulltime","","","","","",False,"associate","Information Technology","","","Investech S.p.A. azienda IT, operante su tutto il territorio nazionale con una significativa esperienza nella Digital Trasformation, per importante progetto in una realtà dinamica formata da professionisti specializzati su task ad alto contenuto tecnologico, ricerca candidati con il seguente profilo professionale: ***AUTOMATION TESTER*** ***Competenze principali:*** * Esperienza nella mansione di almeno 4 anni con Selenium * Buona conoscenza di Java o Python * Padronanza di Playright o Robot Framework * Api Rest con Postman * Dimestichezza con Git e strumenti CI/CD. Costituisce un plus: * Discreta padronanza della lingua inglese * Aver lavorato su progetti con metodologia Agile. Cosa offriamo: * Progetto a lunga visibilità * Possibilità di scelta tra CCNL commercio o metalmeccanico * Bonus formazione e corsi aziendali in ambito IT * Range di RAL: 28/35k. Sede di lavoro: Remoto. Visita il nostro sito per maggiori informazioni sull'azienda: www.investech.it Ai sensi della normativa vigente l'offerta di lavoro si intende estesa a entrambi i sessi (L 903/77\\).","IT Services and IT Consulting","https://it.linkedin.com/company/investechspa","https://media.licdn.com/dms/image/v2/D4D0BAQEQJDCPJXTyzg/company-logo_100_100/B4DZdppcTnHMAQ-/0/1749824161371/investechspa_logo?e=2147483647&v=beta&t=afyLNXyQ2nJ2LRNo_GXXczpEVOm1QCOMeyKd1jpFmKE","","","","","","","","","","","","Trapani","linkedin","https://www.linkedin.com/jobs/view/4420731433","","","",90,"5f81af1376395bd39fcff10c0b0417ef52708487",False,"","Trapani","amministrazione_contabilita","C",True,False,False,20.0,20.0,10.0,0.0,0.0,0.0,30.0,20.0,0.0,80.0,80.0,"A","ZONA TRAPANI | iva, pec","iva, pec","new",""
"li-4414127386","linkedin","https://www.linkedin.com/jobs/view/4414127386","","Senior Consultant - SAP CO","KPMG Italy","Palermo, Sicily, Italy","2026-06-03","fulltime","","","","","",False,"mid-senior level","Information Technology","","","The chance to build a better future is right in front of you **Do Work That Matters \\- Il tuo ruolo e le tue responsabilità** Vuoi fare un lavoro che sia davvero significativo e di impatto? In KPMG avrai l'opportunità di aiutare clienti, società, colleghe e colleghi ad affrontare e risolvere le sfide più attuali e complesse. KPMG Advisory affianca le imprese nella trasformazione del business model, nel miglioramento e nella digitalizzazione dei processi, supportando i clienti anche nell'analisi e gestione dei rischi e nelle operazioni di finanza straordinaria. Entrando a far parte del Team Enterprise Platforms, lavorerai su progetti di implementazione ed evoluzione SAP con focus su **SAP CO** , contribuendo ai processi di controllo di gestione end\\-to\\-end su **SAP ECC** e **SAP S/4HANA** . Nello specifico, ti occuperai di: * Fit\\-to\\-Standard/Blueprint e disegno dei processi to\\-be con stakeholder di Finance, Controlling e CFO office * Configurazione SAP CO e modellazione della struttura di controllo di gestione (centri di costo, ordini interni, analisi della redditività) * Gestione dell'Universal Journal (ACDOCA) e implicazioni del modello dati S/4HANA per il Controlling * Integrazioni con FI, SD, MM e PP (flussi ricavi, costi di produzione e scostamenti) * Documentazione funzionale (Blueprint, Functional Design, specifiche sviluppi, manuali utente) Sarai coinvolta/o su progetti nazionali e internazionali, lavorando a stretto contatto con clienti e team multidisciplinari, in particolare su contesti **Industrial \\& Manufacturing** (es. Automotive, Industrial Manufacturing, Food \\& Drink, Consumer Products, Pharmaceutical \\& Life Sciences). **Come As You Are – Le tue competenze e caratteristiche** Questa opportunità è perfetta per te se: * Hai 3–5 anni di esperienza su progetti SAP CO, maturata su almeno un progetto di implementazione o migrazione S/4HANA * Hai competenze solide di configurazione SAP CO e padronanza dei processi di controllo di gestione in contesti industriali * Conosci il modello dati S/4HANA (ACDOCA, Universal Journal) e le sue implicazioni per il Controlling * Hai esperienza su documentazione funzionale, SIT/UAT e gestione requisiti in autonomia * Hai familiarità con le integrazioni CO–FI, CO–SD e CO–PP/MM * Costituisce un plus la conoscenza di CO\\-PC (Product Costing) in contesti manifatturieri * Buona conoscenza dell'inglese, attitudine al lavoro in team e disponibilità a trasferte **Your Future With Us \\- Cosa troverai in KPMG** * Un ambiente di lavoro inclusivo, equo e che rispetta, incoraggia e valorizza le diversità * Un contesto stimolante e dinamico che incentiva la creatività e il lavoro di squadra * Modalità di lavoro ibrida, per promuovere un sano equilibrio tra vita lavorativa e personale * Programmi di formazione e sviluppo avanzati per rimanere sempre aggiornati * Mindset internazionale e progettualità innovative * Iniziative incentrate sul benessere psicofisico **Together for Better – I nostri valori e il nostro impegno** Leadership, lavoro in team, rispetto di ogni individualità, approfondimento continuo, trasparenza, impegno verso la comunità, integrità: questi sono i **Valori di KPMG** che danno vita a un ambiente aperto allo scambio di idee e di conoscenza, che permette ai nostri professionisti di **esprimere tutto il loro potenziale** . Grazie all’impegno nel favorire un **ambiente di lavoro inclusivo** , il nostro Network risulta conforme agli standard dei requisiti **ISO 30415** , sul Sistema di Gestione per la Diversità e l’Inclusione, e **UNI PdR 125** , relativa alla parità di genere. All’interno del nostro **Impact Plan** \\- Our Impact Plan (kpmg.com) \\- trovi riassunte tutte le **azioni** che stiamo portando avanti su tematiche ambientali, sociali e di governance ( **ESG** ). **Unisciti a noi!** I tuoi dati saranno trattati nel pieno rispetto delle disposizioni del Regolamento (UE) n. 679/2016 (General Data Protection Regulation \\- ""GDPR"") e successive modifiche. Per ulteriori informazioni, consultare l'informativa sulla privacy di KPMG. KPMG Advisory S.p.A. garantisce le pari opportunità. The chance to build a better future is right in front of you **Do Work That Matters \\- Your Role And Responsibilities** Do you want to do work that is truly meaningful and impactful? At KPMG you will have the opportunity to help clients, society, colleagues and peers tackle and solve the most current and complex challenges. KPMG Advisory supports companies in transforming their business model, improving and digitalising their processes, while also helping clients analyse and manage risks and navigate extraordinary finance transactions. By joining the Enterprise Platforms Team, you will work on SAP implementation and evolution projects with a focus on **SAP CO** , contributing to end\\-to\\-end management accounting processes on **SAP ECC** and **SAP S/4HANA** . Specifically, you will be responsible for: * Fit\\-to\\-Standard/Blueprint and to\\-be process design with Finance, Controlling and CFO office stakeholders * SAP CO configuration and modelling of the management accounting structure (cost centres, internal orders, profitability analysis) * Universal Journal (ACDOCA) management and understanding of S/4HANA data model implications for Controlling * Integrations with FI, SD, MM and PP (revenue flows, production costs and variances) * Functional documentation (Blueprint, Functional Design, development specifications, user manuals) You will be involved in national and international projects, working closely with clients and multidisciplinary teams, particularly in Industrial \\& Manufacturing contexts (e.g. Automotive, Industrial Manufacturing, Food \\& Drink, Consumer Products, Pharmaceutical \\& Life Sciences). **Come As You Are – Your Skills And Background** This opportunity is the right fit for you if: * You have 3–5 years of experience on SAP CO projects, gained on at least one S/4HANA implementation or migration project * You have solid SAP CO configuration skills and a strong command of management accounting processes in industrial environments * You are familiar with the S/4HANA data model (ACDOCA, Universal Journal) and its implications for Controlling * You have experience in functional documentation, SIT/UAT and requirements management, working independently * You are familiar with CO–FI, CO–SD and CO–PP/MM integrations * Knowledge of CO\\-PC (Product Costing) in manufacturing environments is a plus * Good command of English, team\\-oriented mindset and willingness to travel as required by project needs **Your Future With Us \\- What you will find at KPMG** * An inclusive and equitable work environment that respects, encourages and values diversity * A stimulating and dynamic context that fosters creativity and teamwork * Hybrid working model to promote a healthy work\\-life balance * Advanced training and development programmes to keep you always up to date * International mindset and innovative projects * Initiatives focused on physical and mental wellbeing **Together for Better – Our values and commitment** Leadership, teamwork, respect for every individual, continuous learning, transparency, commitment to the community, integrity: these are KPMG's Values, which create an environment open to the exchange of ideas and knowledge, allowing our professionals to express their full potential. Through our commitment to fostering an inclusive work environment, our Network complies with the requirements of ISO 30415 (Diversity and Inclusion Management System) and UNI PdR 125 (gender equality). Within our Impact Plan — Our Impact Plan (kpmg.com) — you will find a summary of all the actions we are taking on environmental, social and governance (ESG) topics. Join us! Personal data will be processed in full compliance with the provisions of EU Regulation No. 679/2016 (General Data Protection Regulation — ""GDPR"") and subsequent amendments. For further information, please refer to KPMG's privacy policy. KPMG Advisory S.p.A. is an equal opportunity employer.","Business Consulting and Services","https://it.linkedin.com/company/kpmg-italy","https://media.licdn.com/dms/image/v2/D4D0BAQE_SHsI8wzpkQ/company-logo_100_100/company-logo_100_100/0/1719849816523/kpmg_italy_logo?e=2147483647&v=beta&t=zyevTzjepzgbyGnX_iz5_gioRsOFj74coUdW5zYZrik","","","","","","","","","","","","Palermo","linkedin","https://www.linkedin.com/jobs/view/4414127386","","","",90,"d089d87cd62a5b82163076718473626823711e87",False,"","Palermo","amministrazione_contabilita","C",True,False,False,58.0,58.0,10.0,0.0,0.0,0.0,10.0,0.0,0.0,78.0,78.0,"B","sap, erp","sap, erp, iva, ordini, pec","new",""
"li-4410809159","linkedin","https://www.linkedin.com/jobs/view/4410809159","","Entrepreneur In Residence","Smartness","","2026-06-03","fulltime","","","","","",True,"not applicable","Business Development and Sales","","","**About The Company** At ****Smartness**** , we are building the future of hospitality tech. Our SaaS helps lodging providers boost revenues by 30%\\+ and get more direct bookings. We are the fastest\\-growing B2B SaaS in the industry, trusted by ****4,000\\+ clients across 40\\+ countries**** , with billions of euros in bookings processed. Backed by top international investors and named one of Italy's Top 10 LinkedIn Startups, we are on a mission to scale globally. Want to grow with us? Let's go! **About The Role** **What Will You Do? 🦾** As a true **Entrepreneur In Residence** **with a founder’s DNA** , you’ll be responsible for **ideating, validating, and driving new products to success** — like running your own startup, but with the power of an established growth engine behind you. **Your Missions** * Spot opportunities \\& validate ideas through research, interviews, and fast MVPs. * Run lean experiments with landing pages, prototypes, and no\\-code tools. * Lead cross\\-functional squads (Product, Tech, Marketing, Sales) like an internal startup. * Own go\\-to\\-market \\& early adoption, from positioning to first deals. * Track KPIs \\& pivot fast, turning insights into growth. * Drive end\\-to\\-end execution, taking products from 0 to MVP to initial traction. **What We’re Looking For 👀** * Sales \\& GTM Skills – You can sell even an MVP: cold calls, demos, closing deals, and writing copy that converts. HubSpot/Salesforce pro with a growth hacking mindset. * Product Execution – Experienced in problem validation, rapid MVP building (incl. no\\-code), clear roadmaps, and data\\-driven decisions. * Track Record – 3\\+ years in startups or scale\\-ups, 2–3 years in GTM\\-heavy or founder\\-like roles, proven success taking products from 0 to 1\\. * Bonus – Background in Hospitality Tech, HR Tech, or Fintech. * Languages – Fluent English \\+ Professional Italian. **What Do We Offer? 👌** * Work in a small and top\\-performing team that moves extremely fast where you are extremely important. * Work without having to deal with jerks and ego\\-maniacs. * The opportunity to join one of the best travel\\-tech sales teams in Europe. * A place where your talent can blossom. * An environment where mistakes are allowed – we make bold choices to achieve ambitious goals, learn from mistakes, and move forward. * A place where your voice matters – meetings provide space for new ideas and projects, regardless of your role or seniority. * Continuous growth – we challenge the status quo, renewing our sales processes and approaches to meet challenging goals. * We have fun while working! We are easygoing people. * Work with the best software out there to automate repetitive tasks and let you focus on customers and targets. * Remote working. * We offer competitive compensation and the opportunity to participate in the company’s long\\-term growth through equity access. Early\\-career professionals typically join with an annual OTE starting from €25,000 across Europe, while candidates with significant relevant experience may receive compensation of up to €65,000, depending on their expertise, scope of responsibilities, and expected impact \\- plus the opportunity to receive equity, aligning your success with the long\\-term growth of the company. Our compensation philosophy is designed to reward growth, ownership, and meaningful contributions. As you develop your skills and increase your impact within the company, your compensation can progress rapidly to reflect your achievements and responsibilities. For exceptional candidates demonstrating outstanding potential or experience, we may consider offers beyond the standard compensation ranges. Still not convinced? Check out our ""Work With Us"" page for more about our mission, values, and why we love working at Smartpricing: Lavora con noi \\- Unisciti alla missione di Smartness **Before you apply** If you're reading this, it means you're genuinely interested, and that excites us! Here's what you need to know: * We're highly driven and set our goals higher than most, pushing boundaries others may deem impossible. * We work much harder than most companies out there. * Every day, we step out of our comfort zones, fueling rapid growth and learning, even though it might come with its stress. * We hold ourselves and our team to the highest standards of excellence and culture. * Should we feel that this role isn't the right match for you, for the benefit of both parties, we may need to part ways. We hope this sheds light on whether this could be your next adventure. If you believe it is, we warmly invite you to apply. Discover your full potential with us! By submitting this application, I agree that my personal data will be collected, processed, and retained by the company solely for the purposes of managing and assessing my candidacy.","Software Development","https://it.linkedin.com/company/smartness-com","https://media.licdn.com/dms/image/v2/D4D0BAQE_8n679JYBtQ/company-logo_100_100/B4DZXWriVxHYAQ-/0/1743063492623/smartness_com_logo?e=2147483647&v=beta&t=CUmYxHnnhiAp6uyZ11o8ueyXS4zXVBVwOfKa_ocVpwI","","","","","","","","","","","","Sicilia","linkedin","https://www.linkedin.com/jobs/view/4410809159","","","",90,"ea24bce0d39040530be23f533b21b0f4ed89f93b",False,"","Sicilia","other","C",True,False,False,33.0,33.0,10.0,0.0,0.0,0.0,15.0,20.0,0.0,78.0,78.0,"B","b2b, excel","b2b, excel, pec, booking","new",""
"li-4419652821","linkedin","https://www.linkedin.com/jobs/view/4419652821","","Operatore call center in SMART WORKING","Phoenix Nexus","","2026-06-03","parttime","","","","","",False,"associate","Customer Service","","","**OPERATORE CALL CENTER IN SMART WORKING** Azienda Leader Nazionale nel settore delle Telecomunicazioni Energia Business e Fotovoltaico, offre servizi pensati per soddisfare i bisogni delle piccole e medie imprese italiane. Ha costruito il suo Brand allineato ai valori delle persone che la rappresentano; Ama far lavorare il suo Team con tutti i comfort possibili, mettendo ogni risorsa al 1˚ posto. Ricerca Operatori telefonici in Smart Working, che si occupino di contattare i clienti e fissare appuntamenti per una rete di esperti del settore, da inserire all'interno di un importante programma di crescita e sviluppo e che abbiano voglia di crescere per raggiungere obiettivi definiti o che vogliano semplicemente far bene il proprio lavoro con professionalità. Valutiamo solo candidati che abbiano maturato un minimo di esperienza di almeno tre mesi, con ottime capacità relazionali e propensione ad interagire con la clientela e lavorare in un team; la competenza, la meritocrazia e una forte motivazione possono determinare la giusta ricetta per un futuro nella nostra Azienda. **L'ORARIO DI LAVORO È DALLE 09:00 ALLE 14\\.00** Offriamo: * Percorso formativo e affiancamento costante; * Inquadramento contrattuale a norma di legge con Fisso; * Possibilità di crescita professionale ed economica. Requisiti richiesti: * Esperienza di 3\\-6 mesi nel ruolo; * Buone competenze comunicative; * Propensione al miglioramento ed a lavorare con obiettivi; * Occorrente per lavorare da remoto (PC \\- connessione stabile). Contratto di lavoro: Part\\-time Retribuzione: €500,00 \\- €700,00 al mese","Oil and Gas","https://it.linkedin.com/company/phoenixnexus13","https://media.licdn.com/dms/image/v2/C4E0BAQHnGGkfWECsyg/company-logo_100_100/company-logo_100_100/0/1630629123353/phoenix_societ_a_responsabilit_limitata_logo?e=2147483647&v=beta&t=Xf-HCeH-DmyyhA7okbwfU8WePQbcpvODJTpPSivWvnQ","","","","","","","","","","","","Trapani","linkedin","https://www.linkedin.com/jobs/view/4419652821","","","",90,"3d0abcd374631bbf50d154d38305937d524ee776",False,"","Trapani","amministrazione_contabilita","C",False,False,False,28.0,28.0,0.0,0.0,0.0,0.0,30.0,20.0,0.0,78.0,78.0,"B","ZONA TRAPANI | iva, call center","iva, call center, operatore","new",""
"li-4419441269","linkedin","https://www.linkedin.com/jobs/view/4419441269","","Jr Cloud Operations Coordinator","OverIT - Field Service Management","","2026-05-29","fulltime","","","","","",False,"not applicable","Business Development","","","**OverIT at a glance** OverIT is a global Software\\-as\\-a\\-Service (SaaS) company with a strong presence in North America and Europe. We empower organizations in the power, utility, telco, and transportation industries to manage their mission\\-critical infrastructures efficiently and safely through cutting\\-edge Field Service Management software solutions. At OverIT, we leverage advanced technologies like ML (Machine Learning), AR (Augmented Reality), IoT (Internet of Things), and GIS (Geographic Information System) to help ensure the infrastructures essential to our daily lives are always on. If you want to be part of a top technology brand, join us! **What you’ll do** * Support the Cloud Operations team in managing day\\-by\\-day operational activities related to customer environments, deployments, technical requests, and production support processes. * Perform first\\-level triage of incoming tickets and operational requests, ensuring they are properly classified, prioritized, and assigned to the right technical owners. * Keep operational boards clean, updated, and aligned with the real status of activities, identifying duplicated, outdated, incomplete, or blocked tickets. * Monitor ticket progress, send reminders, follow up with stakeholders, and escalate issues when needed to ensure proper visibility and timely execution. * Support the team in tracking priorities, deadlines, operational risks, and recurring issues. * Help prepare simple operational reports on ticket status, aging, workload, escalations, and recurring patterns. * Execute basic operational runbooks under the supervision of senior team members. * Support checks on customer environments, deployments, configurations, monitoring alerts, and operational procedures. * Gradually grow hands\\-on skills in cloud environments, SaaS operations, deployment processes, monitoring, troubleshooting, and automation. **What you’ll need** * 1–2 years of experience in Cloud Support, Software Engineering, IT Operations, or similar technical roles. Brilliant recent graduates in Computer Science, Engineering, Information Technology, or related fields will also be considered. * Strong interest in Cloud Operations, DevOps, Site Reliability Engineering, and SaaS platforms. * Good understanding of IT systems, cloud concepts, networking, Linux, or software delivery processes. * Excellent organizational skills, strong attention to detail, and a rigorous approach to keeping activities, boards, and priorities structured and under control. * Clear communication skills and ability to interact effectively with both technical and non\\-technical stakeholders. * Proactive attitude, ownership mindset, and willingness to follow up on open activities until they are properly addressed or escalated. * Ability to understand priorities, identify blockers, and ask for support when needed. * Ability to work under pressure, especially when dealing with urgent requests, production issues, or multiple parallel activities. **What’s nice to have** * Basic knowledge of AWS or other cloud platforms. * Familiarity with ticketing or project management tools such as Jira or similar. * Basic understanding of CI/CD pipelines, deployment processes, and cloud\\-native applications. * Basic scripting knowledge, preferably Bash or Python. * Basic knowledge of monitoring, logging, and observability concepts. **What we offer** * OverIT is a unique transformation project in the SaaS space arena, full of ambition to scale and grow globally * International culture and environment with the opportunity to partner with an outstanding group of people and professionals who joined the company to scale and succeed * A career\\-defining opportunity with full exposure to two leading private equity firms At OverIT we value diversity and are committed to equal employment opportunities regardless of religion, age, disability, sexual orientation, gender perception or identity, ethnicity, or place of origin.","Software Development","https://it.linkedin.com/company/overit-field-service-management","https://media.licdn.com/dms/image/v2/C4D0BAQFX7slE9xk5sw/company-logo_100_100/company-logo_100_100/0/1633595486295/overit_field_service_management_logo?e=2147483647&v=beta&t=FQ28DaVYvJ3JHY1_38wkriDjA-tj6zCeyxDGs7ktgJ4","","","","","","","","","","","","Trapani","linkedin","https://www.linkedin.com/jobs/view/4419441269","","","",90,"185c40654e879b4a4708727f0d013785a025f319",False,"","Trapani","amministrazione_contabilita","C",False,False,False,28.0,28.0,20.0,0.0,0.0,0.0,30.0,0.0,0.0,78.0,78.0,"B","ZONA TRAPANI | iva, excel","iva, excel, pec","new",""
"li-4421148748","linkedin","https://www.linkedin.com/jobs/view/4421148748","","Addett* Vendite (CX Team Member)","Foot Locker","Trapani, Sicily, Italy","","fulltime","","","","","",False,"entry level","Management and Manufacturing","","","Panoramica I/Le nostr\\* Stripers sono il cuore pulsante della nostra attività! Per essere un\\* CX Team Member di Foot Locker devi essere appassionat\\* di servizio al cliente e di creare un'esperienza eccezionale all’interno del negozio. Contribuirai a mantenere un'atmosfera energica che favorisce connessioni profonde e durature con i nostri clienti e le comunità di cui fanno parte, sia in negozio che online. Avrai bisogno di energia, sicurezza in te stess\\* e una passione autentica per il lavoro di squadra, il servizio e, ovviamente, le sneakers! Responsabilità **Come Membro Del Team CX Di Foot Locker, Dovrai** * Mantenere un ambiente energico. * Mantenere il magazzino pulito e ordinato. * Offrire un'esperienza al cliente eccezionale che favorisca la fidelizzazione. * Superare le aspettative nella gestione dei resi e dei processi di checkout. * Contribuire all'implementazione delle linee guida di visual merchandising per migliorare gli standard e l'efficacia commerciale. * Rimpiazzare abbigliamento e accessori durante la giornata. * Aiutare a controllare la riduzione dell'inventario. * Contribuire agli obiettivi giornalieri del team. * Conoscere bene la nostra gamma di prodotti. * Lavorare bene come parte di un team in un ambiente frenetico. Qualifiche **Hai** * Idealmente un po' di esperienza in un lavoro a contatto con il pubblico. * Passione per un eccellente servizio al cliente. * Ottime capacità interpersonali. * Una buona conoscenza dell’italiano e dell'inglese. * Voglia di imparare. **Sei** * Energic\\*, sicur\\* di te e dinamic\\*. * Appassionat\\* di creare connessioni con i clienti. * Motivat\\* a offrire un'esperienza al cliente di livello eccellente. * Un\\* giocatore/trice di squadra che contribuisce a creare un ambiente inclusivo. * Appassionat\\* di moda e sneakers. * Dovrai stare in piedi per la maggior parte del tuo turno, oltre a inginocchiarti, chinarti, usare e salire sulle scale, raggiungere, tirare e sollevare pesi tra i 2 e i 14 chili. * È richiesto lavorare di sera, nei fine settimana e durante le festività. * Di tanto in tanto sarà necessario viaggiare. * Il livello di rumore nel negozio sarà generalmente basso. Benefici * Retribuzione apartire da: 9,98 € all'ora * Sconto dipendenti tra il 30% e il 50% * WellHub \\- Opzioni di benessere quotidiano per i dipendenti * Premi per il riconoscimento dell'anzianità di servizio * Programma di benessere finanziario * Convenzioni aziendali \\- Sconti locali * CCNL di riferimento: Commercio (Terziario, distribuzione e servizi)","Retail","https://www.linkedin.com/company/footlocker","https://media.licdn.com/dms/image/v2/D560BAQGUiLE_XZMMWQ/company-logo_100_100/company-logo_100_100/0/1735840764520/footlocker_logo?e=2147483647&v=beta&t=ozb94rlRaKiTSsDdjy_Wbigv8DrKtIR7E0UqbjR1ASw","","","","","","","","","","","","Trapani","linkedin","https://www.linkedin.com/jobs/view/4421148748","","","",90,"7e0053b8b8b81a75efb736d3e50e76d4f25dad4f",False,"","Trapani","amministrazione_contabilita","C",True,False,False,38.0,38.0,0.0,0.0,0.0,0.0,40.0,0.0,0.0,78.0,78.0,"B","ZONA TRAPANI | erp, iva","erp, iva, inventario","new",""
"li-4420722647","linkedin","https://www.linkedin.com/jobs/view/4420722647","","Amministratore","MAM L'assistenza che fa la differenza","Partinico, Sicily, Italy","","fulltime","","","","","",False,"entry level","","","","📢 CERCASI IMPIEGATO AMMINISTRATIVO / ESPERTO CONTABILE MAM – L'assistenza che fa la differenza – è alla ricerca di un Impiegato Amministrativo con esperienza in ambito contabile da inserire all'interno del proprio organico. Cerchiamo una persona con esperienza consolidata nella gestione amministrativa e contabile, precisa, organizzata e in grado di operare con autonomia nello svolgimento delle attività affidate. Cosa offriamo: ✔ Inserimento in una realtà solida e in continua crescita ✔ Ambiente di lavoro professionale e collaborativo ✔ Periodo di prova di 3 mesi ✔ Compenso commisurato all'esperienza e definito in fase di colloquio 📍 Sede di lavoro: Strada Statale 113, Km 311,300 – 90047 Partinico (PA) * 📩 Invia il tuo curriculum vitae all'indirizzo e\\-mail risorseumane@mam\\-srl.it","Farming","https://it.linkedin.com/company/mam-l-assistenza-che-fa-la-differenza","https://media.licdn.com/dms/image/v2/C4E0BAQGKTurhsEIxyg/company-logo_100_100/company-logo_100_100/0/1644917581954/mam_l_assistenza_che_fa_la_differenza_logo?e=2147483647&v=beta&t=BiKeZlN4RqxwknA1yvxDyIhs6qQngy7nNhzL3ugvraE","","","","","","","","","","","","Trapani","linkedin","https://www.linkedin.com/jobs/view/4420722647","","","",90,"fc103cf01c62f53fc961f0f2ae6802464a76801c",False,"","Trapani","amministrazione_contabilita","C",False,False,False,28.0,28.0,0.0,20.0,0.0,0.0,30.0,0.0,0.0,78.0,78.0,"B","ZONA TRAPANI | iva, amministrativo","iva, amministrativo, impiegato","new",""
"","subito.it","https://www.subito.it/annunci-sicilia/vendita/offerte-lavoro/trapani/castellammare-del-golfo/","","www. subito . it › annunci-sicilia › vendita Lavoro Castellammare del Golfo - Offerte e annunci Subito.it","Subito.it","Trapani","2026-06-05","","","","","","","","","","","","Subito.it Fallback | Query: contabilità","","","","","","","","","","","","","","","Trapani","subito_fallback","https://www.subito.it/annunci-sicilia/vendita/offerte-lavoro/trapani/castellammare-del-golfo/","","","",50,"0f25da4d603c39c8e3024c4e0d1be8e84ef6287a",False,"","Trapani","amministrazione_contabilita","C",False,False,False,15.0,15.0,0.0,20.0,0.0,0.0,40.0,0.0,0.0,75.0,75.0,"B","ZONA TRAPANI | contabilità","contabilità","new",""
"","subito.it","https://www.subito.it/annunci-italia/vendita/offerte-lavoro/?q=segreteria","","www. subito . it › annunci-italia › vendita Subito.it Segreteria - Offerte di lavoro","Subito.it","Trapani","2026-06-05","","","","","","","","","","","","Subito.it Fallback | Query: segreteria","","","","","","","","","","","","","","","Trapani","subito_fallback","https://www.subito.it/annunci-italia/vendita/offerte-lavoro/?q=segreteria","","","",50,"229515642c6b8c0846dfcfed51bddd300fd1499e",False,"","Trapani","back_office_segreteria","C",False,False,False,15.0,15.0,0.0,20.0,0.0,0.0,40.0,0.0,0.0,75.0,75.0,"B","ZONA TRAPANI | segreteria","segreteria","new",""
"","subito.it","https://www.subito.it/annunci-sicilia/vendita/offerte-lavoro/trapani/marsala/","","www. subito . it › vendita › offerte- lavoro Lavoro Marsala - Offerte e annunci Subito.it","Subito.it","Trapani","2026-06-05","","","","","","","","","","","","Subito.it Fallback | Query: segreteria","","","","","","","","","","","","","","","Trapani","subito_fallback","https://www.subito.it/annunci-sicilia/vendita/offerte-lavoro/trapani/marsala/","","","",50,"1bcc7c611778aa764bca8d92d61be06f76cd6033",False,"","Trapani","back_office_segreteria","C",False,False,False,15.0,15.0,0.0,20.0,0.0,0.0,40.0,0.0,0.0,75.0,75.0,"B","ZONA TRAPANI | segreteria","segreteria","new",""
"","subito.it","https://www.subito.it/annunci-sicilia/vendita/offerte-lavoro/trapani/alcamo/","","www. subito . it › vendita › offerte- lavoro Lavoro Alcamo - Offerte e annunci Subito.it","Subito.it","Trapani","2026-06-05","","","","","","","","","","","","Subito.it Fallback | Query: segreteria","","","","","","","","","","","","","","","Trapani","subito_fallback","https://www.subito.it/annunci-sicilia/vendita/offerte-lavoro/trapani/alcamo/","","","",50,"67a09169ac17fccaa3d389e9eb96daf0c62853d2",False,"","Trapani","back_office_segreteria","C",False,False,False,15.0,15.0,0.0,20.0,0.0,0.0,40.0,0.0,0.0,75.0,75.0,"B","ZONA TRAPANI | segreteria","segreteria","new",""
"","subito.it","https://www.subito.it/annunci-sicilia/vendita/offerte-lavoro/trapani/trapani/","","www. subito . it › vendita › offerte- lavoro Lavoro Trapani cittÃƒ - Offerte e annunci Subito.it","Subito.it","Trapani","2026-06-05","","","","","","","","","","","","Subito.it Fallback | Query: contabilità","","","","","","","","","","","","","","","Trapani","subito_fallback","https://www.subito.it/annunci-sicilia/vendita/offerte-lavoro/trapani/trapani/","","","",50,"af2533d1fa5dd78f051c711819a10f651af43ab9",False,"","Trapani","amministrazione_contabilita","C",False,False,False,15.0,15.0,0.0,20.0,0.0,0.0,40.0,0.0,0.0,75.0,75.0,"B","ZONA TRAPANI | contabilità","contabilità","new",""
"","subito.it","https://www.subito.it/annunci-sicilia/vendita/cerco-lavoro/trapani/marsala/","","www. subito . it › vendita › cerco - lavoro Annunci Candidati in cerca di lavoro Marsala - Trova lavoro...","Subito.it","Trapani","2026-06-05","","","","","","","","","","","","Subito.it Fallback | Query: segreteria","","","","","","","","","","","","","","","Trapani","subito_fallback","https://www.subito.it/annunci-sicilia/vendita/cerco-lavoro/trapani/marsala/","","","",50,"d36f1dd421d8460ceae364b28532f031cefefbe6",False,"","Trapani","back_office_segreteria","C",False,False,False,15.0,15.0,0.0,20.0,0.0,0.0,40.0,0.0,0.0,75.0,75.0,"B","ZONA TRAPANI | segreteria","segreteria","new",""
"","subito.it","https://www.subito.it/annunci-italia/vendita/offerte-lavoro/?q=contabile","","www. subito . it › annunci-italia › vendita Subito.it Contabile - Offerte di lavoro","Subito.it","Trapani","2026-06-05","","","","","","","","","","","","Subito.it Fallback | Query: contabilità","","","","","","","","","","","","","","","Trapani","subito_fallback","https://www.subito.it/annunci-italia/vendita/offerte-lavoro/?q=contabile","","","",50,"9108fa7f73ad94db64bd1199228ff5daf6fb7707",False,"","Trapani","amministrazione_contabilita","C",False,False,False,15.0,15.0,0.0,20.0,0.0,0.0,40.0,0.0,0.0,75.0,75.0,"B","ZONA TRAPANI | contabilità","contabilità","new",""
"li-4422420298","linkedin","https://www.linkedin.com/jobs/view/4422420298","","Product Manager","Ceartas","","2026-06-02","fulltime","","","","","",True,"entry level","Product Management and Marketing","","","At **Ceartas** , we stand at the forefront of AI\\-powered brand protection, copyright law, and digital security, dedicated to safeguarding the integrity of content creators, brands, and enterprises worldwide. As we accelerate our growth and expand our market to Enterprise, we're seeking a **Product Manager/Product Owner** who is passionate about driving product strategy, innovation, and user\\-centric solutions. This role is a unique opportunity to have a profound impact on the future of digital content protection, working closely with our CTO, Head of Engineering, and business stakeholders as part of the Product Team to develop cutting\\-edge solutions that address the challenges of brand protection. 🚀 **Your Role: Beyond the High\\-Level** As a **Product Manager** , you will support the definition, development, and delivery of product features that empower content creators and improve their end\\-to\\-end experience. This role is fully focused on the **Content Creator side of the product** , working closely with senior product managers, engineering, design, and content stakeholders to ensure features are well\\-defined, delivered on time, and continuously improved. You’ll be hands\\-on, detail\\-oriented, and eager to learn—helping translate ideas into clear requirements, keeping delivery on track, and ensuring creator needs are represented throughout the product lifecycle. * Run the Board: Manage sprint boards, tickets, and backlog prioritization, ensuring nothing slips through the cracks and blockers are quickly resolved. * Execute with Precision: Drive sprint rituals (planning, standups, retros) and coordinate cross\\-team alignment to keep engineering and design moving in sync. * Deliver Features End\\-to\\-End: Take concepts from idea to release—writing clear specs, grooming stories, and working closely with developers to ensure smooth handoffs and timely delivery. * Ensure Operational Clarity: Track progress across Jira or similar tools, report status to leadership, and keep the roadmap actionable and current. * Keep Feedback Loops Tight: Gather input from sales, support, and customers to feed into sprint planning and continuous improvement cycles. * Measure and Optimize: Use analytics to track feature success and iterate quickly, ensuring a strong connection between business goals and delivered outcomes. 🔥 **Responsibilities** * Own and maintain the product backlog, keeping it well\\-groomed and aligned with both strategic initiatives and urgent business needs. * Lead daily/weekly product rituals (standups, sprint planning, retrospectives, etc.) and ensure alignment between engineering and stakeholders. * Translate business requirements into clear user stories and acceptance criteria, enabling smooth handoff to development teams. * Monitor delivery progress, resolve blockers, and keep all stakeholders updated on timelines, trade\\-offs, and outcomes. * Partner with design and engineering to ensure high\\-quality feature delivery that meets user expectations. * Analyze performance metrics post\\-launch, gather feedback, and iterate to improve outcomes. 🌟 **Must\\-Haves** * 1–3 years of experience in a product manager, product owner, project, business analyst, or delivery support role (or strong internship / trainee experience). * Basic understanding of Agile / Scrum methodologies and sprint\\-based delivery. * Experience writing or contributing to user stories, acceptance criteria, or requirements. * Familiarity with tools such as Jira, Confluence, Notion, or similar. * Strong organisational skills with attention to detail and follow\\-through. * Clear written and verbal communication skills. * Interest in creator tools, content platforms, or digital media workflows. * Eagerness to learn, take feedback, and grow in a product management career. 👀 **Nice To Haves** * Exposure to creator platforms, media tools, or content production workflows. * Experience working with cross\\-functional teams (engineering, design, content). * Basic data literacy (ability to interpret simple metrics, dashboards, or reports). * Experience supporting roadmap planning or release coordination. * Familiarity with usability testing, feedback collection, or post\\-launch analysis. * Previous experience in a SaaS, media, or creator\\-focused product environment. 🔥 **What we offer** * Supportive leadership committed to your personal and professional development. * Hybrid role with flexibility to work from home or the office. * 25 paid days off per year, plus public holidays and your birthday! * A culture of innovation and continuous learning. * A vibrant startup environment with a collaborative team. * Home Office Allowance and all the tech you need, including a brand\\-new MacBook Air. * Employee recognition and reward program to celebrate your contributions. * An inclusive workplace that celebrates diversity and equal opportunity.","Legal Services","https://ie.linkedin.com/company/ceartasdmca1","https://media.licdn.com/dms/image/v2/D560BAQHOw2RyT5XIsQ/company-logo_100_100/B56Z4MbrEjKUAQ-/0/1778325041894/ceartasdmca1_logo?e=2147483647&v=beta&t=zB3e3BUN5NbcR49kL36YFU9GqrXautpd9KiDNsXUU7s","","","","","","","","","","","","Trapani","linkedin","https://www.linkedin.com/jobs/view/4422420298","","","",90,"bc96642ad265b280b4f79244ab5f22b0ff0bfb45",False,"","Trapani","ecommerce_web_social","C",False,False,False,25.0,25.0,20.0,0.0,0.0,0.0,30.0,0.0,0.0,75.0,75.0,"B","ZONA TRAPANI | erp, pec","erp, pec, content creator","new",""
"li-4422886850","linkedin","https://www.linkedin.com/jobs/view/4422886850","","STORE MANAGER - PALERMO","Gifrab Italia S.p.A.","Palermo, Sicily, Italy","2026-06-01","fulltime","","","","","",False,"mid-senior level","Sales and Business Development","","","Gifrab Italia SpA, storica Azienda leader nel settore Fashion Retail, ricerca figura di Store Manager per prestigioso Store su Palermo. La figura ricercata presenta un'esperienza consolidata in ruolo analogo e proviene da realtà strutturate nell’ambito del Fashion Retail. **MISSION DELLA POSIZIONE** Garantire il funzionamento, il raggiungimento dei risultati commerciali e la crescita del punto vendita nel rispetto della politica commerciale ed in linea con la mission e i valori aziendali. **ATTIVITA’ PRINCIPALI** **Area Economica** * Garantire il raggiungimento degli obiettivi di fatturato di punto vendita. * Conseguire gli indicatori di performance. * Mantenere sotto controllo il sistema dei costi del punto vendita (per la parte di sua pertinenza), intervenendo direttamente per ottimizzarli e limitarli. **Area Commerciale** * Realizzare gli obiettivi di vendita, assicurando la massima customer satisfaction ed una customer experience nel rispetto delle politiche aziendali. * Curare l’immagine aziendale, sia del punto vendita che dei collaboratori. * Assicurare una buona animazione degli spazi commerciali attraverso l’applicazione delle indicazioni e delle linee guida di visual merchandising. * Acquisire conoscenza del contesto socio\\-economico in cui è inserito il punto vendita e monitorare il proprio mercato (informazioni sulla concorrenza, nuove opportunità, tendenze socio\\-economiche del territorio). **Area Risorse Umane** * Coordinare e supervisionare il personale di punto vendita. * Contribuire alla definizione degli obiettivi di ogni collega e le modalità con cui raggiungerli. * Assicurare una efficace valutazione delle performance dei collaboratori, seguendo le regole aziendali. * Condividere con l’Area Manager valutazioni e osservazioni sul team di punto vendita. * Valutare annualmente le risorse gestite nella propria area e contribuire alla rilevazione dei fabbisogni formativi e allo sviluppo dei piani individuali. * Assicurare un buon clima di lavoro, divulgando e favorendo la cultura di squadra. **Area Gestionale** * Assicurare il rispetto dei processi e delle procedure di lavoro aziendali (es. inventari, magazzino, prodotto, cassa, ecc...) e delle normative vigenti. * Curare direttamente la gestione dei fondi monetari del punto vendita, attraverso il controllo della chiusura di cassa e il versamento in banca o ufficio postale. Monitorare eventuali anomalie e intervenire tempestivamente (errori contabili e/o ammanchi), trasmettendo regolarmente i documenti amministrativi alla sede. * Verifica la correttezza della compilazione dei files di negozio intervenendo, in termini formativi, sui colleghi di punto vendita. * Curare la gestione del magazzino. **Sono richiesti:** * Almeno 3 anni di esperienza nel medesimo ruolo in contesti strutturati del Fashion Retail; * Ottime capacità analitiche e conoscenza dei principali KPIs; * Ottime capacità gestionali ed organizzative; * Esperienza consolidata nella gestione e coordinamento di un team di lavoro; * Forte orientamento al Cliente ed agli obiettivi di vendita; * Formazione specifica sulle tecniche di vendita assistita; * Buona conoscenza del pacchetto Microsoft Office; * Ottima conoscenza della lingua inglese scritta e parlata. Il profilo del **candidato ideale** è caratterizzato, oltre che da un forte interesse per il mondo del fashion, da un buon potenziale di crescita e da elevate capacità organizzative e gestione del tempo, pianificazione e controllo, precisione ed accuratezza, orientamento al risultato, analisi e problem solving, leadership ed attitudine al lavoro in team, orientamento al cliente interno, proattività, gestione dello stress ed attitudine ad operare in contesti demanding ed in situazioni complesse. Tipologia di inquadramento da commisurare in base all'effettiva esperienza maturata, CCNL commercio Full Time","Retail","https://it.linkedin.com/company/gifrab","https://media.licdn.com/dms/image/v2/D4D0BAQF2UBtramxb2A/company-logo_100_100/company-logo_100_100/0/1701164633898/gifrab_logo?e=2147483647&v=beta&t=tp7woNYXhLuRHOU-0_iAKZD7Kca70p2vWlkB_UZzuT4","","","","","","","","","","","","Sicilia","linkedin","https://www.linkedin.com/jobs/view/4422886850","","","",90,"469f5737a590d149b0220f5bc899dd20b425d527",False,"","Sicilia","amministrazione_contabilita","C",True,False,False,35.0,35.0,10.0,20.0,0.0,0.0,10.0,0.0,0.0,75.0,75.0,"B","gestionali, iva","gestionali, iva, pec","new",""
"li-4424177995","linkedin","https://www.linkedin.com/jobs/view/4424177995","","RevOps System Manager","CoreView","","","fulltime","","","","","",False,"mid-senior level","Information Technology","","","**About CoreView** CoreView is the global leader in Microsoft 365 (M365\\) tenant resilience, serving over 23 million users worldwide. We empower the world’s leading organizations to master the complexity of Microsoft M365\\. Through robust security and precise governance, we help ensure that our client’s environments stay cyber\\-resilient and productive, no matter how complex they are. Our unified, cloud\\-native platform delivers powerful automation, rapid value, and end\\-to\\-end visibility across the entire M365 ecosystem. Backed by world\\-class support and a collaborative, innovative culture, CoreView is a place where your ideas matter, and your work truly impacts global enterprises. \\*\\*this role can be based anywhere in Europe\\*\\* **Job Summary** We are looking for a **RevOps System Manager** to lead the systems, processes, and data that underpin our go\\-to\\-market organisation. This is a high\\-impact role for someone who combines strong **Salesforce administration** expertise with broader **GTM systems, Sales Operations, and process improvement** experience. You’ll play a central role in helping our commercial teams scale effectively by ensuring the tools they rely on are well designed, well governed, and aligned to the needs of the business. You’ll own and improve core workflows across the full GTM lifecycle, from **lead management and scoring** through to **pipeline visibility, quoting, renewals, retention, and churn reporting** . Along the way, you’ll partner closely with **Sales, Marketing, Customer Success, Finance, Data, and Operations** to turn business requirements into practical, scalable solutions. This role is ideal for someone who enjoys solving problems, improving process, and bringing structure to complexity. You should be comfortable operating across both strategic initiatives and day\\-to\\-day support, managing competing priorities, and using systems, automation, and data to drive better outcomes across the business. **Job Responsibilities** * Own day\\-to\\-day Salesforce administration, including configuration, user management, permissions, reporting, dashboards, and data quality * Build, maintain, and troubleshoot Salesforce Flows and other automations that support scalable commercial processes * Improve core RevOps and Sales Operations workflows across lead routing, lead scoring, pipeline management, quoting, renewals, retention, and churn visibility * Manage and optimise integrations across the wider GTM systems landscape * Resolve system, sync, access, automation, and data issues with a focus on root cause and long\\-term improvement * Deliver reporting and operational insight that support better decision\\-making across the business * Strengthen data governance, process consistency, documentation, and user adoption * Translate business requirements into scalable systems and process improvements across the GTM tech stack * Partner with Finance and Data teams on reporting logic, ARR calculations, billing\\-related questions, and metric definitions where systems and data intersect * Manage vendor relationships across the GTM tech stack, including tooling evaluations, renewals, and ongoing optimisation * Assess and improve the use of AI\\-enabled tools and workflows to drive efficiency and business value * Manage a small team, supporting prioritisation, execution, and development **Job Requirements** * 5\\+ years of experience in RevOps, Sales Operations, GTM Operations, Business Systems, or Salesforce Administration in a B2B SaaS environment * Strong hands\\-on Salesforce administration capability, including confidence building and managing Salesforce Flows * Experience improving top\\-of\\-funnel operations, lead management, lead scoring, CPQ, CRM hygiene, and GTM process design * Experience either implementing a CPQ solution or working hands\\-on with an existing CPQ setup * Familiarity with a broader GTM tech stack such as LeanData, HubSpot, ZoomInfo, Salesloft, Chorus, DocuSign, Lusha, ChurnZero, or similar tools * Strong analytical, problem\\-solving, and stakeholder management skills * Ability to gather requirements, understand business processes, and translate them into practical system solutions * Comfortable working with SaaS commercial metrics, including ARR, revenue reporting, and related calculations * Experience partnering directly with Finance and other cross\\-functional stakeholders on commercial process, reporting, or billing\\-related requirements * Ability to balance strategic project work with day\\-to\\-day operational support * Previous people management experience is helpful, but not essential * Experience in a fast\\-growing startup or scale\\-up is strongly preferred * Salesforce Certified Administrator required **Coreview Values** **Ownership Mindset** : *Take ownership. Drive outcomes.* **One Team** : *One team, one goal, embracing diversity \\- to achieve more together.* **Velocity:** *Decide fast. Deliver fast. Repeat.* **Continuous Improvement** : *Curiosity drives us. We challenge the status quo.* **Customer First:** *Listen deeply. Solve boldly.* **Resilience:** *Steady under pressure.* *CoreView is an organisation which values the strength that diversity brings to the workplace. As an employer, we seek to promote equal opportunity through affirmative action. All qualified applicants will therefore receive consideration for employment and will not be discriminated against based on gender/sex, race/ethnicity, disability, age or any other protected group status (such as protected veteran status) or characteristic that is protected by local legislation.* **Privacy Notice:** By submitting your application, you acknowledge that CoreView will process your personal data for recruitment purposes in accordance with our Privacy Policy","Construction, Software Development, and IT Services and IT Consulting","https://www.linkedin.com/company/coreviewinc","https://media.licdn.com/dms/image/v2/D4E0BAQEowb9Mfnwk5g/company-logo_100_100/B4EZfqGrtKG4AY-/0/1751979310209/coreviewinc_logo?e=2147483647&v=beta&t=Nujac8XW8CrrIv6Y4MglFJIjF_mcynpALlmJrRbn6Bw","","","","","","","","","","","","Sicilia","linkedin","https://www.linkedin.com/jobs/view/4424177995","","","",90,"1f7780084400a34038343310c5052beaf81902f8",False,"","Sicilia","amministrazione_contabilita","C",False,False,False,60.0,60.0,0.0,0.0,0.0,0.0,15.0,0.0,0.0,75.0,75.0,"B","erp, crm","erp, crm, iva, b2b","new",""
"","subito.it","https://www.subito.it/annunci-italia/vendita/offerte-lavoro/?q=offerte+lavoro+vitto+e+alloggio","","www. subito . it › annunci-italia › vendita Subito.it Offerte lavoro vitto e alloggio - Offerte di lavoro","Subito.it","Trapani","2026-06-05","","","","","","","","","","","","Subito.it Fallback | Query: impiegato amministrativo","","","","","","","","","","","","","","","Trapani","subito_fallback","https://www.subito.it/annunci-italia/vendita/offerte-lavoro/?q=offerte+lavoro+vitto+e+alloggio","","","",50,"e1d387da5774fe95d4bbc3590634a7d06e2576f7",False,"","Trapani","amministrazione_generale","C",False,False,False,13.0,13.0,0.0,20.0,0.0,0.0,40.0,0.0,0.0,73.0,73.0,"B","ZONA TRAPANI | amministrativo, impiegato","amministrativo, impiegato","new",""
"","subito.it","https://www.subito.it/annunci-italia/vendita/cerco-lavoro/?q=edile","","www. subito . it › annunci-italia › vendita Edile - in Candidati in cerca di lavoro - Subito.it","Subito.it","Trapani","2026-06-05","","","","","","","","","","","","Subito.it Fallback | Query: impiegato amministrativo","","","","","","","","","","","","","","","Trapani","subito_fallback","https://www.subito.it/annunci-italia/vendita/cerco-lavoro/?q=edile","","","",50,"f01b474f6d20bad301cb6ff7a4d7f27b4a4edc8c",False,"","Trapani","amministrazione_generale","C",False,False,False,13.0,13.0,0.0,20.0,0.0,0.0,40.0,0.0,0.0,73.0,73.0,"B","ZONA TRAPANI | amministrativo, impiegato","amministrativo, impiegato","new",""
"","subito.it","https://www.subito.it/annunci-italia/vendita/offerte-lavoro/?q=amministrativo","","www. subito . it › vendita › offerte- lavoro Subito.it Amministrativo - Offerte di lavoro","Subito.it","Trapani","2026-06-05","","","","","","","","","","","","Subito.it Fallback | Query: impiegato amministrativo","","","","","","","","","","","","","","","Trapani","subito_fallback","https://www.subito.it/annunci-italia/vendita/offerte-lavoro/?q=amministrativo","","","",50,"12975a039f66f533a992ef96d0a18eef6c9f7a04",False,"","Trapani","amministrazione_generale","C",False,False,False,13.0,13.0,0.0,20.0,0.0,0.0,40.0,0.0,0.0,73.0,73.0,"B","ZONA TRAPANI | amministrativo, impiegato","amministrativo, impiegato","new",""
"","subito.it","https://www.subito.it/annunci-italia/vendita/offerte-lavoro/?q=impiegato+amministrativo+contabile","","www. subito . it Impiegato amministrativo contabile in Offerte di lavoro","Subito.it","Trapani","2026-06-05","","","","","","","","","","","","Subito.it Fallback | Query: impiegato amministrativo","","","","","","","","","","","","","","","Trapani","subito_fallback","https://www.subito.it/annunci-italia/vendita/offerte-lavoro/?q=impiegato+amministrativo+contabile","","","",50,"140c3e6a866a3d61ef0fbb0cc0b5adbdd8c6f1fc",False,"","Trapani","amministrazione_contabilita","C",False,False,False,13.0,13.0,0.0,20.0,0.0,0.0,40.0,0.0,0.0,73.0,73.0,"B","ZONA TRAPANI | amministrativo, impiegato","amministrativo, impiegato","new",""
"","subito.it","https://www.subito.it/annunci-italia/vendita/offerte-lavoro/?q=investigatore","","www. subito . it › annunci-italia › vendita Subito.it Investigatore - Offerte di lavoro","Subito.it","Trapani","2026-06-05","","","","","","","","","","","","Subito.it Fallback | Query: impiegato amministrativo","","","","","","","","","","","","","","","Trapani","subito_fallback","https://www.subito.it/annunci-italia/vendita/offerte-lavoro/?q=investigatore","","","",50,"812b6c1c9c8af8dec11ea0091cb3c3902de8ecca",False,"","Trapani","amministrazione_generale","C",False,False,False,13.0,13.0,0.0,20.0,0.0,0.0,40.0,0.0,0.0,73.0,73.0,"B","ZONA TRAPANI | amministrativo, impiegato","amministrativo, impiegato","new",""
"li-4422987941","linkedin","https://www.linkedin.com/jobs/view/4422987941","","Stage addetto/a alle vendite - Palermo C.C. Conca D'oro","Original Marines S.p.A.","Palermo, Sicily, Italy","2026-06-03","parttime","","","","","",False,"not applicable","Sales","","","**Original Marines** , brand leader nel settore dell’abbigliamento kids, è alla ricerca di un/una **Stagista Addetto/a alle Vendite** **Part\\-time 30h** per il punto vendita di Palermo presso il centro commerciale Conca D'oro. **Perché unirti a noi** * Brand iconico del kidswear con community forte e valori chiari (passione, determinazione, eccellenza). * Formazione continua (Original Academy) e aggiornamenti tramite la nostra app Twist. * Team affiatato e collaborativo, con opportunità di crescita. Posizione: ***La figura verrà formata su:*** * Accoglienza e assistenza al cliente durante tutte le fasi di vendita; * Organizzazione degli spazi espositivi e allestimenti delle vetrine; * Raggiungimento delle performance in base agli obiettivi assegnati; * Customer service post\\-vendita. Requisiti: ***Sei la persona giusta se possiedi:*** * Capacità di ingaggiare una relazione positiva con il cliente e di comprenderne bisogni/aspettative; * Ottime capacità relazionali ed inclinazione al team working; * Forte determinazione e orientamento all'obiettivo; * Flessibilità e capacità di adattamento. Altre informazioni: **Offriamo:** * Inserimento come stagista con possibilità di assunzione. * Orario Part\\-time (30 ore settimanali). * Un ambiente di lavoro stimolante in un’azienda solida e in continua crescita. **Entra nel nostro mondo, fai brillare il tuo talento!** Original Marines","Retail Apparel and Fashion, Retail Groceries, and Retail","https://it.linkedin.com/company/original-marines","https://media.licdn.com/dms/image/v2/D4D0BAQEsTaMWc2VDhQ/company-logo_100_100/company-logo_100_100/0/1704364365814/original_marines_logo?e=2147483647&v=beta&t=Tv9CTzLgMhHxM8Jg9Qao-vGLz52Arh2IqcFDnzzTmUI","","","","","","","","","","","","Trapani","linkedin","https://www.linkedin.com/jobs/view/4422987941","","","",90,"f734bfff111e9b2869de792cd047452376188269",False,"","Trapani","amministrazione_contabilita","C",False,False,False,33.0,33.0,0.0,0.0,0.0,0.0,30.0,10.0,0.0,73.0,73.0,"B","ZONA TRAPANI | iva, customer service","iva, customer service, addetto, stage","new",""
"in-e10460f646e015bd","indeed","http://it.indeed.com/job/italia-e10460f646e015bd","http://it.indeed.com/job/italia-e10460f646e015bd","Italia","Vs Nails e beauty","Messina, SIC, IT","2026-06-01","","","","","","",False,"","","","","Social Media Manager – VyBi Academy Cerchiamo un/una Social Media Manager creativo/a per la gestione dei nostri canali Instagram, Facebook e TikTok. Mansioni: * Creazione e pubblicazione di contenuti social. * Realizzazione e montaggio di reel e video presso la sede. * Gestione delle pagine social e della community. * Pianificazione dei contenuti e supporto alla promozione dei corsi di formazione Nails. Requisiti: * Capacità di creare contenuti foto e video coinvolgenti. * Conoscenza di Canva, CapCut o software simili. * Creatività, organizzazione e interesse per il settore beauty. Sede di lavoro: Messina (in presenza). Inviare CV ed eventuale portfolio con esempi di lavori svolti. Contratto di lavoro: Contratto con partita IVA, Collaborazione Durata contratto: 12 mesi Benefit: * Orario flessibile * Parcheggio libero * Sconti sui prodotti o servizi dell'azienda Sede di lavoro: Ibrido/da remoto (Messina, Sicilia)","","https://it.indeed.com/cmp/Vs-Nails-E-Beauty","","","","","","","","","","","","","Sicilia","indeed","http://it.indeed.com/job/italia-e10460f646e015bd","","","",80,"a077be736c7878a4abf5d011e86c27b391401741",False,"","Sicilia","amministrazione_contabilita","C",False,False,False,38.0,38.0,0.0,0.0,0.0,0.0,15.0,20.0,0.0,73.0,73.0,"B","iva, social media","iva, social media, canva","new",""
"in-c4a1308194e4b122","indeed","https://careers.mypos.com/jobs/7822927-field-sales-executive","https://careers.mypos.com/jobs/7822927-field-sales-executive","Field Sales Executive","myPOS","Palermo, SIC, IT","2026-05-29","","","","","","",True,"","","","","At myPOS, we’re all about helping businesses grow and get paid. We make payments simple, smart, and accessible for everyone, but we’re more than just payment solutions \\- myPOS is a partner in growth. From free multicurrency accounts to powerful e\\-commerce tools, we’re here to support business owners of all sizes and everyone out there who dreams of starting their own business. As we are expanding our team, we’re looking for a **Field Sales Executive** to help us make a real difference in the Fintech industry. Ready to join us and shape the future of payments? Let’s make it happen! **About the role:** As a Field Sales Executive, you will be the face of myPOS within your territory, working closely with local businesses and helping them discover smarter, simpler ways to manage their payments. This is a field\\-based role where you’ll spend most of your time meeting merchants in person, understanding their day\\-to\\-day challenges, and recommending solutions that genuinely add value to their business. You’ll have the autonomy to plan your territory, build relationships, and grow your pipeline, while being supported by a collaborative team behind you. If you enjoy meeting people, building trust quickly, and turning conversations into long\\-term partnerships, this role offers the freedom and ownership to make a real impact. **What you’ll do:** * Proactively identify and approach new business opportunities within the territory of Venice * Meet merchants face\\-to\\-face to understand their needs and present tailored myPOS solutions * Deliver clear, practical product demonstrations and guide clients through the benefits step by step * Manage the full sales cycle, from first contact to negotiation and closing * Build and maintain strong, long\\-term relationships with your clients to ensure satisfaction and growth * Plan your schedule and territory independently to prioritize high\\-potential opportunities * Represent myPOS professionally at local events, trade fairs, and within the wider business community **This role is perfect for you if you have:** * 2\\-5\\+ years of experience in B2B or field sales, with a successful track record * Confidence approaching new businesses and starting conversations with decision makers in person * A consultative mindset and genuine curiosity about understanding each client’s needs before offering solutions * The ability to build trust quickly and create long\\-term relationships * The independence and organization to manage your own schedule, territory, and priorities effectively * A valid driver’s license and willingness to travel regularly within your region * Fluency in Italian and English * Experience in fintech, payments, telecom, or relevant environments (a plus, not a must) **Why you should join myPOS:** * Vibrant international team operating in hi\\-tech environment * Annual salary reviews, promotions and performance bonuses * myPOS Academy for upskilling and training * Unlimited access to courses on LinkedIn Learning * Annual individual training and development budget * Refer a friend bonus as we know that working with friends is fun * Teambuilding, social activities and networks on a multi\\-national level **What we offer:** * **Excellent compensation package (base salary \\+ uncapped commission)** * 25 days annual paid leave * Health Insurance * Meal Vouchers * Travel cost reimbursement **Who we are:** Since 2014 we’ve been all about making payments easier and more accessible for businesses of all shapes and sizes. Whether you’re at the counter, selling online, or on the move, we’ve got businesses covered with smart, accessible and affordable solutions that keep things easy. Our mission? It’s simple. Help businesses get paid by taking advantage of modern tech and innovative ideas, so payment challenges are a thing of the past. **Pro tip:** Take it easy about meeting every requirement \\- this job description is just that, a job description! Even if you don’t tick every box, want you to apply anyway! This is your chance to grow, learn, and build your career with us. We value potential over perfection, and we are all about mutual growth! *myPOS is committed to providing equal employment opportunities. All qualified candidates will be considered for employment without discrimination based on age, ancestry, colour, marital status, national origin, physical or mental disability, medical condition, veteran status, race, religion, sex, sexual orientation, gender identity or expression, or any other characteristic protected by applicable laws, regulations, and ordinances.* *Your application will be confidentially reviewed in line with the General Data Protection Regulation (GDPR). Personal information will be used solely for the job application and will be stored for a period needed by the application process. Only short\\-listed candidates will be contacted. Good luck!* Locations Palermo Remote status Hybrid","","https://it.indeed.com/cmp/Mypos-3","https://d2q79iu7y748jz.cloudfront.net/s/_squarelogo/256x256/780280551250c60fad5aac0895093d43","","","Decline to state","Decline to state","We make payments simple, smart, and accessible for everyone, but we’re more than just payment solutions—myPOS is a partner in growth.  ","","","","","","","Trapani","indeed","https://careers.mypos.com/jobs/7822927-field-sales-executive","","","",80,"bbb36f4380639739a86174fc193cef4faaed9307",False,"","Trapani","other","C",True,False,False,23.0,23.0,0.0,0.0,0.0,0.0,30.0,20.0,0.0,73.0,73.0,"B","ZONA TRAPANI | b2b, excel","b2b, excel","new",""
"","subito.it","https://www.subito.it/annunci-italia/vendita/cerco-lavoro/?q=impiegata+amministrativa","","www. subito . it › annunci-italia › vendita Impiegata amministrativa - in Candidati in cerca di lavoro -...","Subito.it","Trapani","2026-06-05","","","","","","","","","","","","Subito.it Fallback | Query: back office","","","","","","","","","","","","","","","Trapani","subito_fallback","https://www.subito.it/annunci-italia/vendita/cerco-lavoro/?q=impiegata+amministrativa","","","",50,"aa7f00ce4c1ef1c5dfa38ec66424d661f90d7bf2",False,"","Trapani","amministrazione_contabilita","C",False,False,False,30.0,30.0,0.0,0.0,0.0,0.0,40.0,0.0,0.0,70.0,70.0,"B","ZONA TRAPANI | back office, iva","back office, iva","new",""
"li-4420728139","linkedin","https://www.linkedin.com/jobs/view/4420728139","","Automation Tester","Proxima Group","","2026-06-04","fulltime","","","","","",True,"entry level","Information Technology","","","**Proxima** è un gruppo di aziende con skill funzionali e tecnologiche innovative, che mettono a fattor comune la propria esperienza in un’offerta congiunta di sviluppo di soluzioni all’interno della nostra Software Factory. Offriamo consulenza e servizi di Application Management e Quality Assurance. **Chi cerchiamo?** **Automation Tester** per progetto in ambito **gaming/gambling** **Dove e come?** Italia, **Full remote** **Di cosa ti occuperai?** La persona sarà coinvolta in attività di **Quality Assurance** e **test automation** collaborando con team tecnici e funzionali per garantire qualità, affidabilità e stabilità delle applicazioni. Si occuperà di: * progettazione ed esecuzione di test automatici; * analisi e gestione delle anomalie; * validazione funzionale e tecnica delle soluzioni sviluppate; * collaborazione con team di sviluppo e stakeholder internazionali. **Hai queste competenze?** * Esperienza pregressa come QA Automation Tester; * Conoscenza delle metodologie di testing e quality assurance; * Esperienza in attività di automazione dei test; * Buona capacità di analisi e problem solving; * **Inglese livello B2 o superiore** . **Sei la persona ideale se…** * Hai passione per la qualità del software e l’automazione dei test; * Sei preciso/a, metodico/a e orientato/a al dettaglio; * Ti piace lavorare in team multidisciplinari. **Cosa offriamo?** CCNL COMMERCIO, RANGE *RAL 28\\.000\\-30\\.000€* BUONI PASTO (anche in modalità full remote) ASSICURAZIONE SANITARIA CON COPERTURA INTEGRATIVA **I nostri benefit** PERCORSI DI CARRIERA Abbiamo un articolato sistema di valutazione delle competenze e misurazione delle performance che consente al dipendente di crescere insieme a noi. FORMAZIONE PROFESSIONALIZZANTE Offriamo percorsi di formazione e di aggiornamento professionale con taglio tecnico/pratico su tematiche in ambito ICT. SCONTI E PROMOZIONI RISERVATE Abbiamo stabilito degli accordi con delle piattaforme per riservare ai nostri dipendenti scontistica e promozioni esclusive *Il presente annuncio è rivolto a entrambi i sessi, ai sensi delle leggi 903/77 e 125/91, e a persone di tutte le età e tutte le nazionalità, ai sensi dei decreti legislativi 215/03 e 216/03\\.*","Software Development and IT System Testing and Evaluation","https://it.linkedin.com/company/proxima-group-pro","https://media.licdn.com/dms/image/v2/D4D0BAQHM1gpfmeOj1w/company-logo_100_100/company-logo_100_100/0/1704276285332/proxima_group_pro_logo?e=2147483647&v=beta&t=9SzUyZDJ6vKCZ9hlPNTYSOh-tpLBS-EeOu_dwp_cKF0","","","","","","","","","","","","Trapani","linkedin","https://www.linkedin.com/jobs/view/4420728139","","","",90,"1a9804af47987b6a401a06337febd960b1d65a17",False,"","Trapani","amministrazione_contabilita","C",True,False,False,20.0,20.0,0.0,0.0,0.0,0.0,30.0,20.0,0.0,70.0,70.0,"B","ZONA TRAPANI | iva, comune","iva, comune","new",""
"li-4404216628","linkedin","https://www.linkedin.com/jobs/view/4404216628","","Senior Account Executive - Italy","Workiva","","2026-06-04","fulltime","","","","","",True,"mid-senior level","Sales and Business Development","","talentacquisition@workiva.com","The **Senior Account Executive** is responsible for obtaining new business and customer expansion sales opportunities from Executive\\-level buyers and influencers in either private or publicly traded companies. Senior Account Executives are focused on selling Workiva’s core platform and collaborate with other Workiva Solution Sales teams to deliver multi\\-solution sales. Successful candidates will build relationships and identify Workiva products and solutions that meet customer needs to drive customer acquisition within an assigned territory. Sales growth is attained through new customer subscriptions, professional services, delivery and training. **What You’ll Do** * Actively seek out sales opportunities in collaboration with peer Sales teams, Inside Sales, and Partnerships to generate qualified sales pipeline * Utilize information gathered during the needs analysis phase to deliver a compelling demonstration of the Workiva platform * Skillfully address customer objections \\- removing obstacles \\- and finding solutions to various client challenges * Lead the sales process naturally \\- guiding it to a close by effectively showcasing Workiva's value proposition * Regularly and promptly update customer relationship management tools to report customer contacts * Provide consistent and accurate forward\\-looking information through pipeline analysis to forecast sales * Develop and execute a sales strategy with purposeful action to secure the sale * Rally internal support to pursue an account and optimize internal resources * Prioritize selling activities and ensure timely follow\\-through * Maintain a strong understanding of Workiva products through a commitment to ongoing training and a growth mindset * Share knowledge, successes, lessons learned and best practices with peers across teams **What You'll Need** Minimum Qualifications * 6\\+ years experience in a related role \\- enterprise technology or similar complex solution sales across large customer accounts * Undergraduate Degree or equivalent combination of knowledge and related career experience * Fluency in both Italian and English **Preferred Qualifications** * Understanding of the Software as a Service (SaaS) business model * Ability to demonstrate complex software applications * Demonstrated experience navigating and delivering sales success across large, enterprise organizations * Strong business acumen and an ability to understand complex business challenges * Executive presence and an ability to communicate at the most senior level * Ability to identify and understand the power of influencers versus buyers and how to navigate the nuances of each during the sales cycle * Ability to manage multiple complex sales cycles simultaneously * Ability to negotiate pricing with a focus on retaining value * Capability for achieving (and exceeding) sales quota targets **Travel Requirement \\& Working Conditions** * Up to 30% travel for regular customer meetings and events * Reliable internet access required for any period of time working remotely and not in a Workiva office **Why Join Workiva** Workiva is the platform designed to bring confidence, control, and a competitive edge to the world’s most complex organizations. Our AI\\-powered platform unifies finance, risk, and sustainability on a single, secure foundation—ensuring data is trusted, traceable, and ready to act on. With an unbroken path from source to output, leaders gain confidence in their numbers, visibility into current and emerging risks, and the ability to move with speed and precision in a constantly changing world. At Workiva, you’ll bring technology to market that executives, boards, and regulators depend on. The work you do here helps organizations navigate uncertainty, maintain trust, and make decisions that stand up to scrutiny. If you’re energized by meaningful challenges, inspired by collaborative teams, and motivated to help organizations turn uncertainty into advantage, we’d love to meet you. Workiva is an Equal Opportunity Employer. We believe that great minds think differently. We value diversity of backgrounds, beliefs, and interests, and we recognize diversity as an important source of intellectual thought, varied perspective, and innovation. Employment decisions are made without regard to age, gender identity, race, religion, disability status, sexual orientation, or any other protected characteristic. Workiva is committed to working with and providing reasonable accommodations to applicants with disabilities. To request assistance with the application process, please email talentacquisition@workiva.com. Workiva employees are required to undergo comprehensive security and privacy training tailored to their roles, ensuring adherence to company policies and regulatory standards.","Software Development","https://www.linkedin.com/company/workiva","https://media.licdn.com/dms/image/v2/C560BAQHGtsgiZOVMzQ/company-logo_100_100/company-logo_100_100/0/1630649270662/workiva_logo?e=2147483647&v=beta&t=MBy1DatmY1a6WSM_u1qAhT6JeBrjLoh7ci1NodH7RaE","","","","","","","","","","","","Sicilia","linkedin","https://www.linkedin.com/jobs/view/4404216628","","","",90,"0830b954f7dc33f2e53c27cd4c3441fa9932eed7",False,"","Sicilia","amministrazione_contabilita","C",True,False,False,35.0,35.0,0.0,0.0,0.0,0.0,15.0,20.0,0.0,70.0,70.0,"B","erp, iva","erp, iva, pec","new",""
"li-4420102603","linkedin","https://www.linkedin.com/jobs/view/4420102603","","Trader","Investetica","","2026-06-03","other","","","","","",True,"mid-senior level","Finance and Sales","","","Trader / Trading Educator Remote / International HEDGIO è un’infrastruttura trading fintech specializzata in: hedging automatizzato trading matematico infrastrutture Prop Firm \\+ Broker automazione operativa multi\\-account Stiamo attualmente selezionando: trader cfd in forex/gold educator trading formatori trading / investing community manager affiliate \\& IB Attività Principali La figura selezionata si occuperà principalmente di: \\-operatività trading sui sistemi HEDGIO \\-formazione clienti \\-formazione in eventi e webinar \\-gestione e monitoraggio operativo dei cicli \\-onboarding operativo \\-affiancamento utenti sulla piattaforma \\-spiegazione delle logiche operative e dell’infrastruttura \\-sviluppo network e partnership \\-gestione community trading \\-creazione contenuti educational \\-sviluppo commerciale del progetto \\-espansione internazionale del brand in base alle proprie competenze ed esperienza. Cosa Offriamo compenso variabile formazione e strumenti collaborazione con progetto fintech innovativo infrastruttura già operativa sistemi automatizzati e scalabili possibilità di crescita internazionale ambiente orientato a innovazione e automazione possibilità di lavorare full remote Requisiti Preferenziali \\-esperienza nel settore trading / finance \\-esperienza con Prop Firms o broker \\-capacità comunicative o gestione community \\-mentalità imprenditoriale \\-interesse verso fintech, AI e automazione \\-esperienza come trader, educator o affiliate manager Plus Graditi esperienza come trader community social già esistente audience nel settore finance esperienza sales / networking conoscenza ecosistemi Prop Firm esperienza con automazioni trading Tipologia Collaborazione Full remote Part\\-time o Full\\-time Partnership / Revenue Share / bonus Possibilità di crescita interna Chi Selezioniamo Persone interessate a costruire un progetto nel settore fintech e trading automation con approccio professionale, infrastrutturale e scalabile. 📩 Per candidarsi inviare: breve presentazione / video presentazione meglio esperienza nel settore eventuale LinkedIn / social / community area di interesse (trading, education, partnership, sales, community, affiliate)","Education","https://www.linkedin.com/company/investetica","https://media.licdn.com/dms/image/v2/C4D0BAQG3kcAoL9iC6w/company-logo_100_100/company-logo_100_100/0/1668006696622?e=2147483647&v=beta&t=dAG3kVOSdywpR5bNLlt6xwUTNfynE--95Ed0ORNdIWI","","","","","","","","","","","","Trapani","linkedin","https://www.linkedin.com/jobs/view/4420102603","","","",90,"a2579913a17a570ec7d1a36059963caed3f40b48",False,"","Trapani","amministrazione_contabilita","C",False,False,False,20.0,20.0,0.0,0.0,0.0,0.0,30.0,20.0,0.0,70.0,70.0,"B","ZONA TRAPANI | iva, pec","iva, pec","new",""
"li-4424177887","linkedin","https://www.linkedin.com/jobs/view/4424177887","","Associate, Leadership Residencies & Programmes,","Selion Global","","","contract","","","","","",True,"mid-senior level","Business Development and Sales","","corporate@selionglobal.com","Selion Global is a partner\\-led leadership advisory firm. Alongside our advisory work, we have built Paresa Collection: privately commissioned leadership residencies, intimate and intellectually serious, for those who shape what follows. We are looking for an Associate to help shape and deliver these residencies, working fully remotely and closely with the firm's leadership. This is an early\\-career opportunity for someone with the right instincts and a few years behind them, with real room to grow as the platform does. The work runs from the design of each gathering through the relationships that sustain it, including the quiet, relationship\\-led business development on which it grows. The role involves * Helping shape the arc of each residency, its themes, dialogue, faculty, and setting, into something purposeful and quietly elevated * Cultivating relationships with facilitators, institutions, and destination partners of genuine calibre * Supporting relationship\\-led business development: identifying aligned clients and preparing considered, tailored materials, with no cold selling * Holding the detail of delivery, so each residency unfolds with calm precision * Ensuring every material and communication carries a coherent, refined tone What matters * Exceptional communication, written and spoken, with an editorial instinct for narrative, meaning, and tone * Genuine digital fluency, at ease with digital and AI\\-enabled tools and quick to master new ones * Pace and energy; you move quickly, respond promptly, and keep things in motion * A background that combines impeccable taste with intellectual rigour: hospitality or management school training such as Les Roches, Glion, or EHL; experience in executive education or programmes at a leading business school such as INSEAD or IMD; luxury hospitality; or curated cultural programmes. A blend of the experiential and the intellectual is ideal. * Cultural fluency in European leadership contexts, with an appreciation of Asian ones, and a relational, trust\\-based sensibility * Calm judgement, discretion, and care for detail in a lean, senior\\-led setting What we offer A fully remote position, working directly with the firm's leadership to help shape a platform that is, by design, rare. To apply Please send your CV and a tailored cover letter, both required, to corporate@selionglobal.com, with ""Leadership Residencies"" in the subject line. In your letter, tell us briefly about an experience or programme you have helped shape, and why this work appeals to you. **Applications close on Tuesday 30 June 2026** , and our review will begin thereafter. We value substance over length. Only applications by email will be considered, and only shortlisted candidates can be contacted.","Business Consulting and Services","https://sg.linkedin.com/company/selionglobal","https://media.licdn.com/dms/image/v2/D560BAQHUsTCw9s6H2g/company-logo_100_100/company-logo_100_100/0/1719785468689/selionglobal_logo?e=2147483647&v=beta&t=3RmjhIvtZ8oA7vk2V98TCWOOlNNLp9HGzbpt7gVmAeY","","","","","","","","","","","","Trapani","linkedin","https://www.linkedin.com/jobs/view/4424177887","","","",90,"648e2bbc026fccf30c8164ccffc9e95b440ceb0e",False,"","Trapani","amministrazione_contabilita","B",False,False,False,20.0,20.0,0.0,0.0,0.0,0.0,30.0,20.0,0.0,70.0,70.0,"B","ZONA TRAPANI | iva, pec","iva, pec","new",""
"li-4420710648","linkedin","https://www.linkedin.com/jobs/view/4420710648","","Investment Banking Intern","Wall Street Oasis","","2026-06-04","internship","","","","","",False,"internship","Finance and Sales","","","**Investment Banking Internship \\- WSO Global Talent Program** Our Global Talent Program offers an unparalleled opportunity to gain hands\\-on experience and build a formidable resume through an immersive, 10\\-week virtual internship. We are actively **screening thousands of top students globally** to identify future finance leaders. This highly selective program is offered in **partnership with leading boutique investment banks** in key markets, including **the US, UK, APAC, Europe, MENA markets.** **Only two students are selected per quarter** for this off\\-cycle, ongoing program, ensuring a focused and high\\-impact experience for our interns per geographic region. **What You'll Gain:** * **Intensive Financial Training (Weeks 1\\-2\\):** The internship kicks off with two weeks of rigorous, in\\-house virtual training led by industry experts. You'll gain a strong foundation in core investment banking skills, including: * 3\\-Statement Financial Modeling * Discounted Cash Flow (DCF) Analysis * Trading Comparables (Comps) * Precedent Transactions * Advanced Excel \\& PowerPoint techniques * Industry Research \\& Sourcing Strategies * **Real\\-World Experience (Weeks 3\\-10\\):** Following successful completion of the initial training and assessments, you'll be introduced to a Managing Director or Partner at one of our boutique investment bank partners. For the next eight weeks, you'll work directly on live projects, providing invaluable support with: * Pitch Book Development * Valuation Analysis (Comps, DCFs) * Financial Modeling * Sourcing \\& Due Diligence * Industry and Company Research * And other critical tasks to support ongoing deals. * **Mentorship \\& Feedback:** Our partner firms are committed to providing a structured learning environment with a minimum of one 30\\-minute weekly call for deliverables, feedback, and guidance. This ensures you're actively engaged and continuously developing. This is an unpaid internship designed for high\\-potential students seeking practical experience and a significant resume boost. The value lies in the rigorous training, direct exposure to real investment banking work, and the mentorship from experienced professionals. **Who We're Looking For:** This program is ideal for highly motivated **1st year and 2nd year students** (not limited to) who are eager to get a head start in investment banking and build a compelling CV. We seek candidates who are **hungry, quick learners, and committed** to excelling in a fast\\-paced environment. **How to Apply:** **Get your application in now!** If selected, you will be invited to complete a short assessment. Top candidates from this assessment will move forward to the intensive training phase. This is your chance to gain an unparalleled edge in your finance career. We look forward to reviewing your application!","Financial Services, Investment Banking, and Venture Capital and Private Equity Principals","https://www.linkedin.com/company/wall-street-oasis","https://media.licdn.com/dms/image/v2/C560BAQGWrq4BV9TQaw/company-logo_100_100/company-logo_100_100/0/1630585274867/wall_street_oasis_logo?e=2147483647&v=beta&t=lrWK9G4yBm0ExHlc-lPd9LJj7GcLYO-YOHo2Ik0VeJI","","","","","","","","","","","","Trapani","linkedin","https://www.linkedin.com/jobs/view/4420710648","","","",90,"ec826fd237cb0b46670cd53447f7cbc5fb356379",False,"","Trapani","amministrazione_contabilita","C",False,False,False,38.0,38.0,0.0,0.0,0.0,0.0,30.0,0.0,0.0,68.0,68.0,"C","ZONA TRAPANI | erp, iva","erp, iva, excel","new",""
"li-4424324529","linkedin","https://www.linkedin.com/jobs/view/4424324529","","Graduate program, Finance","Bending Spoons","","2026-06-04","internship","","","","","",True,"entry level","Finance and Accounting/Auditing","","","At Bending Spoons, we’re striving to build one of the all\\-time great companies. A company that serves a huge number of customers. A company where team members grow to their full potential. A company that functions at unparalleled levels of effectiveness and efficiency. A company that creates value for shareowners at an extraordinary rate. And a company that does so while adhering to high ethical standards. In pursuit of this objective, we acquire and improve digital businesses, not to sell on, but to own and operate for the long term. The transformations we make are often deep—designed to speed up innovation, benefit customers, and strengthen business performance. Here, hierarchy is minimal and teams are small and talent\\-dense. We operate established products with the ambition, agility, and urgency of a startup. Across the company, we integrate AI deeply into how we work so that human judgment and machine intelligence reinforce each other. For a talented, driven, and collaborative individual, working at Bending Spoons is an opportunity to learn, make an impact, and progress their career at an exceptionally high rate. That’s our promise to such a candidate. We close on acquisitions, restructure entities, and consolidate financials across jurisdictions—all at a pace that would break most finance teams. We need someone who finds that exciting, not exhausting. This is a graduate program that will flexibly expose you to a variety of projects, spanning from the internal financial management of the company to the integration of newly acquired businesses into our financial infrastructure. You'll work on genuinely hard problems—multi\\-entity consolidations, acquisition due diligence, US GAAP and IFRS alignment—and build the technical foundations to grow rapidly into a finance professional. If you’re the kind of person who wants to learn fast, take on difficult finance problems early, and build the judgment and technical depth required to grow into an exceptional finance professional, you’ll thrive here. **A few examples of your responsibilities** * **Technical accounting at real depth.** Prepare and own financial statements under US GAAP, with IFRS alignment where required. Exercise judgment on revenue recognition, consolidation, and intercompany flows—in a context where the reporting framework evolves constantly as we acquire and integrate new businesses. * **Financial planning and control.** Produce reporting that actually drives decisions, collaborate with cross\\-functional teams on budget management, and ensure fiscal policies hold up as the business scales. * **Due diligence and post\\-M\\&A integration.** Support financial and tax due diligence for acquisitions and related restructuring activities. Contribute to post\\-M\\&A integration, ensuring smooth financial, operational, and reporting alignment. * **Investor relations and fundraising support.** Help prepare board meetings and minutes. Own financing to support M\\&A, engaging with banks, investors, and institutional stakeholders. * **Equity plans.** Manage and optimize equity plans—implement, support team members on an ongoing basis, and evolve the program as it grows. **What we look for** * **Reasoning ability.** Given the necessary knowledge, you can solve complex problems. You think from first principles, and structure your ideas sharply. You resist the influence of biases. You identify and take care of the details that matter. * **Drive.** You’re extremely ambitious in everything you do—and your initiative, effort, and tenacity match the intensity of your ambition. You feel deeply responsible for your work. You hold yourself to a high—and rising—bar. * **Team spirit.** You give generously and without the expectation of receiving in return. You support the best idea, not your idea. You're always happy to get your hands dirty to help your team. You’re reliable, honest, and transparent. * **Proficiency in English.** You read, write, and speak proficiently in English. **What we offer** * **Incredibly talented, entrepreneurial teams.** You’ll work in small, result\\-oriented, autonomous teams alongside some of the brightest people in your field. * **An exceptional opportunity for growth.** We go to great lengths to hire individuals of outstanding potential—then, our priority is to put them in the ideal position to thrive. Spooners in their 20s lead products worth hundreds of millions of dollars. And if you’ve got what it takes, you’ll soon be playing an essential role in major projects, too. * **Competitive pay and access to equity in the company.** Typically, we offer individuals at the start of their career an annual salary of £85,797 in London and €66,065 elsewhere in Europe. For a candidate that we assess as possessing considerable relevant experience, the salary on offer tends to be between £112,189 and £250,512 in London, and €107,837 and €188,848 elsewhere in Europe. Compensation varies by location and expected impact, and grows rapidly as you gain experience and translate it into greater contributions. For individuals who demonstrate exceptional capability, we may offer compensation that extends beyond the usual ranges to reflect their higher expected impact. If you're offered a permanent contract, you'll also be able receive some of your pay in company equity at a discounted price, thus participating in the value creation we achieve together. If relocating to Italy, you may enjoy a 50% tax cut. * **A flexible start date and part\\-time options.** You don't need to wait until graduation to apply. We offer flexible start dates and the possibility to begin part\\-time, transitioning to full\\-time as you complete your degree. Many Spooners joined before graduating and progressively took on greater responsibility, with arrangements that allowed them to do so without compromising their education. * **All. These. Benefits.** Flexible hours, remote working, unlimited backing for learning and training, top\\-of\\-the\\-market health insurance, a rich relocation package, generous parental support, and a yearly retreat to a stunning location. We help each Spooner set up the conditions to do their best work. **Commitment \\& contract** Fixed\\-term or internship. Full\\-time or part\\-time. **Location** Milan (Italy), London (UK), Madrid (Spain), Warsaw (Poland) or remote in selected countries. **The selection process** In our screening process, we prioritize verifiable signals of excellence, regardless of seniority. There are no preferential paths beyond what your application demonstrates, and we evaluate every candidate through the same process. Some people hold back because they feel they lack experience or have an “imperfect” CV. If you like the role and believe you could excel over time, don’t self\\-reject. All applications go through our careers page, which is the only way to be considered. If you pass our screening, you’ll be asked to complete one or more tests. They are challenging, may involve unfamiliar problems, and can take several hours. We set the bar high and won’t extend an offer until we’re confident we’ve found the right candidate. This is why a job may remain open for months or be reposted several times. We consider all applicants for employment and provide reasonable accommodations for individuals with disabilities—please let us know through this form. **Before you apply** If you’ve applied before but didn't receive an offer, we recommend waiting at least one year before applying again. Bending Spoons is a demanding environment. We’re extremely ambitious and we hold ourselves—and one another—to a high standard. While this tends to lead to extraordinary learning, achievement, and career growth, it also requires significant commitment. To help you ramp up quickly and set yourself up for success, we recommend spending your first few months working from our Milan office, regardless of your long\\-term work location. It’s the best way to rapidly absorb our company culture and build trust with your new teammates. We’ll support you with generous travel and accommodation assistance. After that, you’re welcome to work from our offices in Milan or London, or remotely from approved countries—depending on what we agree at the offer stage. If the role speaks to you and you’re excited to give your best, we’d love to hear from you. Apply now—we can’t wait to meet you.","Software Development","https://it.linkedin.com/company/bendingspoons","https://media.licdn.com/dms/image/v2/D4E0BAQHDn0lajf8A3g/company-logo_100_100/B4EZx1lwm7IEAQ-/0/1771499359405/bendingspoons_logo?e=2147483647&v=beta&t=9N6kR4clNsmlT3LFjnaBwqZZU8AK0QgcrhkqdyN2w7U","","","","","","","","","","","","Trapani","linkedin","https://www.linkedin.com/jobs/view/4424324529","","","",90,"a790aeeadd15bff5d521f3d33e5871111e99dfd5",False,"","Trapani","other","C",True,False,False,18.0,18.0,0.0,0.0,0.0,0.0,30.0,20.0,0.0,68.0,68.0,"C","ZONA TRAPANI | excel, pec","excel, pec, stage","new",""
"li-4424062341","linkedin","https://www.linkedin.com/jobs/view/4424062341","","Graduate software engineer","Evernote","","2026-06-03","fulltime","","","","","",True,"entry level","Engineering and Information Technology","","","Evernote is a note\\-taking and organization platform that millions of users rely on for powerful note taking, project planning, personal knowledge management, and more. Now part of Bending Spoons, it plays a key role in a portfolio of outstanding digital businesses united by a shared focus on innovation and operational excellence. By applying through the Evernote brand, you’ll be stepping into the wider Bending Spoons team. You may work directly on Evernote or contribute to one of our other leading products. Either way, you’ll be part of a high\\-performing, collaborative environment where you can make a real impact. At Bending Spoons, we’re striving to build one of the all\\-time great companies. A company that serves a huge number of customers. A company where team members grow to their full potential. A company that functions at unparalleled levels of effectiveness and efficiency. A company that creates value for shareowners at an extraordinary rate. And a company that does so while adhering to high ethical standards. In pursuit of this objective, we acquire and improve digital businesses, not to sell on, but to own and operate for the long term. The transformations we make are often deep—designed to speed up innovation, benefit customers, and strengthen business performance. Here, hierarchy is minimal and teams are small and talent\\-dense. We operate established products with the ambition, agility, and urgency of a startup. Across the company, we integrate AI deeply into how we work so that human judgment and machine intelligence reinforce each other. For a talented, driven, and collaborative individual, working at Bending Spoons is an opportunity to learn, make an impact, and progress their career at an exceptionally high rate. That’s our promise to such a candidate. **A few examples of your responsibilities** * **Build stuff that matters.** Take real ownership from idea to production, creating systems used by millions and evolving them into products at scale. * **Amplify your impact with AI.** Integrate the most powerful AI tools directly into your development workflow—design, implementation, testing, and documentation—to move faster while maintaining high standards for correctness, reliability, and maintainability. * **Master your toolkit.** Work across diverse stacks with end\\-to\\-end ownership, choosing the right technologies for each challenge. From monoliths to microservices, gRPC to REST, Kubernetes to Docker, Python to Rust—you’ll apply technologies thoughtfully, focusing on depth and purpose rather than trends. * **Simplify relentlessly.** Question every layer of complexity. Improve architectures, pipelines, and codebases to build systems that are simpler, more scalable, and easier to maintain. **What we look for** * **Reasoning ability.** Given the necessary knowledge, you can solve complex problems. You think from first principles, and structure your ideas sharply. You resist the influence of biases. You identify and take care of the details that matter. * **Drive.** You’re extremely ambitious in everything you do—and your initiative, effort, and tenacity match the intensity of your ambition. You feel deeply responsible for your work. You hold yourself to a high—and rising—bar. * **Team spirit.** You give generously and without the expectation of receiving in return. You support the best idea, not your idea. You're always happy to get your hands dirty to help your team. You’re reliable, honest, and transparent. * **Proficiency in English.** You read, write, and speak proficiently in English. **What we offer** * **Incredibly talented, entrepreneurial teams.** You’ll work in small, result\\-oriented, autonomous teams alongside some of the brightest people in your field. * **An exceptional opportunity for growth.** We go to great lengths to hire individuals of outstanding potential—then, our priority is to put them in the ideal position to thrive. Spooners in their 20s lead products worth hundreds of millions of dollars. And if you’ve got what it takes, you’ll soon be playing an essential role in major projects, too. * **Competitive pay and access to equity in the company.** Typically, we offer individuals at the start of their career an annual salary of £85,797 in London and €66,065 elsewhere in Europe. For a candidate that we assess as possessing considerable relevant experience, the salary on offer tends to be between £112,189 and £250,512 in London, and €107,837 and €188,848 elsewhere in Europe. Compensation varies by location and expected impact, and grows rapidly as you gain experience and translate it into greater contributions. For individuals who demonstrate exceptional capability, we may offer compensation that extends beyond the usual ranges to reflect their higher expected impact. If you're offered a permanent contract, you'll also be able receive some of your pay in company equity at a discounted price, thus participating in the value creation we achieve together. If relocating to Italy, you may enjoy a 50% tax cut. * **All. These. Benefits.** Flexible hours, remote working, unlimited backing for learning and training, top\\-of\\-the\\-market health insurance, a rich relocation package, generous parental support, and a yearly retreat to a stunning location. We help each Spooner set up the conditions to do their best work. * **A flexible start date and part\\-time options.** You don't need to wait until graduation to apply. We offer flexible start dates and the possibility to begin part\\-time, transitioning to full\\-time as you complete your degree. Many Spooners joined before graduating and progressively took on greater responsibility, with arrangements that allowed them to do so without compromising their education. **Commitment \\& contract** Permanent or fixed\\-term. Full\\-time. **Location** Milan (Italy), London (UK), Madrid (Spain), Warsaw (Poland) or remote in selected countries. **The selection process** In our screening process, we prioritize verifiable signals of excellence, regardless of seniority. There are no preferential paths beyond what your application demonstrates, and we evaluate every candidate through the same process. Some people hold back because they feel they lack experience or have an “imperfect” CV. If you like the role and believe you could excel over time, don’t self\\-reject. All applications go through our careers page, which is the only way to be considered. If you pass our screening, you’ll be asked to complete one or more tests. They are challenging, may involve unfamiliar problems, and can take several hours. We set the bar high and won’t extend an offer until we’re confident we’ve found the right candidate. This is why a job may remain open for months or be reposted several times. We consider all applicants for employment and provide reasonable accommodations for individuals with disabilities—please let us know through this form. **Before you apply** If you’ve applied before but didn't receive an offer, we recommend waiting at least one year before applying again. Bending Spoons is a demanding environment. We’re extremely ambitious and we hold ourselves—and one another—to a high standard. While this tends to lead to extraordinary learning, achievement, and career growth, it also requires significant commitment. To help you ramp up quickly and set yourself up for success, we recommend spending your first few months working from our Milan office, regardless of your long\\-term work location. It’s the best way to rapidly absorb our company culture and build trust with your new teammates. We’ll support you with generous travel and accommodation assistance. After that, you’re welcome to work from our offices in Milan or London, or remotely from approved countries—depending on what we agree at the offer stage. If the role speaks to you and you’re excited to give your best, we’d love to hear from you. Apply now—we can’t wait to meet you.","Software Development","https://www.linkedin.com/company/evernote","https://media.licdn.com/dms/image/v2/D560BAQGk3qx9haTRfg/company-logo_100_100/B56Zm6J5ZvKIAQ-/0/1759764781194/evernote_logo?e=2147483647&v=beta&t=jf5u4QTwLAJKfVodaYITpf6Lfzm3QOsRtugQgXct5Yg","","","","","","","","","","","","Trapani","linkedin","https://www.linkedin.com/jobs/view/4424062341","","","",90,"9428e31ff5f90b43c9223a92010f4f324c9ea2a4",False,"","Trapani","other","C",True,False,False,18.0,18.0,0.0,0.0,0.0,0.0,30.0,20.0,0.0,68.0,68.0,"C","ZONA TRAPANI | excel, pec","excel, pec, stage","new",""
"li-4424059405","linkedin","https://www.linkedin.com/jobs/view/4424059405","","Graduate software engineer","WeTransfer","","2026-06-03","fulltime","","","","","",True,"entry level","Engineering and Information Technology","","","WeTransfer helps millions of users share ideas and collaborate seamlessly. Now part of Bending Spoons, it plays a key role in a portfolio of outstanding digital businesses united by a shared focus on innovation and operational excellence. By applying through the WeTransfer brand, you’ll be stepping into the wider Bending Spoons team. You may work directly on WeTransfer or contribute to one of our other leading products. Either way, you’ll be part of a high\\-performing, collaborative environment where you can make a real impact. At Bending Spoons, we’re striving to build one of the all\\-time great companies. A company that serves a huge number of customers. A company where team members grow to their full potential. A company that functions at unparalleled levels of effectiveness and efficiency. A company that creates value for shareowners at an extraordinary rate. And a company that does so while adhering to high ethical standards. In pursuit of this objective, we acquire and improve digital businesses, not to sell on, but to own and operate for the long term. The transformations we make are often deep—designed to speed up innovation, benefit customers, and strengthen business performance. Here, hierarchy is minimal and teams are small and talent\\-dense. We operate established products with the ambition, agility, and urgency of a startup. Across the company, we integrate AI deeply into how we work so that human judgment and machine intelligence reinforce each other. For a talented, driven, and collaborative individual, working at Bending Spoons is an opportunity to learn, make an impact, and progress their career at an exceptionally high rate. That’s our promise to such a candidate. **A few examples of your responsibilities** * **Build stuff that matters.** Take real ownership from idea to production, creating systems used by millions and evolving them into products at scale. * **Amplify your impact with AI.** Integrate the most powerful AI tools directly into your development workflow—design, implementation, testing, and documentation—to move faster while maintaining high standards for correctness, reliability, and maintainability. * **Master your toolkit.** Work across diverse stacks with end\\-to\\-end ownership, choosing the right technologies for each challenge. From monoliths to microservices, gRPC to REST, Kubernetes to Docker, Python to Rust—you’ll apply technologies thoughtfully, focusing on depth and purpose rather than trends. * **Simplify relentlessly.** Question every layer of complexity. Improve architectures, pipelines, and codebases to build systems that are simpler, more scalable, and easier to maintain. **What we look for** * **Reasoning ability.** Given the necessary knowledge, you can solve complex problems. You think from first principles, and structure your ideas sharply. You resist the influence of biases. You identify and take care of the details that matter. * **Drive.** You’re extremely ambitious in everything you do—and your initiative, effort, and tenacity match the intensity of your ambition. You feel deeply responsible for your work. You hold yourself to a high—and rising—bar. * **Team spirit.** You give generously and without the expectation of receiving in return. You support the best idea, not your idea. You're always happy to get your hands dirty to help your team. You’re reliable, honest, and transparent. * **Proficiency in English.** You read, write, and speak proficiently in English. **What we offer** * **Incredibly talented, entrepreneurial teams.** You’ll work in small, result\\-oriented, autonomous teams alongside some of the brightest people in your field. * **An exceptional opportunity for growth.** We go to great lengths to hire individuals of outstanding potential—then, our priority is to put them in the ideal position to thrive. Spooners in their 20s lead products worth hundreds of millions of dollars. And if you’ve got what it takes, you’ll soon be playing an essential role in major projects, too. * **Competitive pay and access to equity in the company.** Typically, we offer individuals at the start of their career an annual salary of £85,797 in London and €66,065 elsewhere in Europe. For a candidate that we assess as possessing considerable relevant experience, the salary on offer tends to be between £112,189 and £250,512 in London, and €107,837 and €188,848 elsewhere in Europe. Compensation varies by location and expected impact, and grows rapidly as you gain experience and translate it into greater contributions. For individuals who demonstrate exceptional capability, we may offer compensation that extends beyond the usual ranges to reflect their higher expected impact. If you're offered a permanent contract, you'll also be able receive some of your pay in company equity at a discounted price, thus participating in the value creation we achieve together. If relocating to Italy, you may enjoy a 50% tax cut. * **All. These. Benefits.** Flexible hours, remote working, unlimited backing for learning and training, top\\-of\\-the\\-market health insurance, a rich relocation package, generous parental support, and a yearly retreat to a stunning location. We help each Spooner set up the conditions to do their best work. * **A flexible start date and part\\-time options.** You don't need to wait until graduation to apply. We offer flexible start dates and the possibility to begin part\\-time, transitioning to full\\-time as you complete your degree. Many Spooners joined before graduating and progressively took on greater responsibility, with arrangements that allowed them to do so without compromising their education. **Commitment \\& contract** Permanent or fixed\\-term. Full\\-time. **Location** Milan (Italy), London (UK), Madrid (Spain), Warsaw (Poland) or remote in selected countries. **The selection process** In our screening process, we prioritize verifiable signals of excellence, regardless of seniority. There are no preferential paths beyond what your application demonstrates, and we evaluate every candidate through the same process. Some people hold back because they feel they lack experience or have an “imperfect” CV. If you like the role and believe you could excel over time, don’t self\\-reject. All applications go through our careers page, which is the only way to be considered. If you pass our screening, you’ll be asked to complete one or more tests. They are challenging, may involve unfamiliar problems, and can take several hours. We set the bar high and won’t extend an offer until we’re confident we’ve found the right candidate. This is why a job may remain open for months or be reposted several times. We consider all applicants for employment and provide reasonable accommodations for individuals with disabilities—please let us know through this form. **Before you apply** If you’ve applied before but didn't receive an offer, we recommend waiting at least one year before applying again. Bending Spoons is a demanding environment. We’re extremely ambitious and we hold ourselves—and one another—to a high standard. While this tends to lead to extraordinary learning, achievement, and career growth, it also requires significant commitment. To help you ramp up quickly and set yourself up for success, we recommend spending your first few months working from our Milan office, regardless of your long\\-term work location. It’s the best way to rapidly absorb our company culture and build trust with your new teammates. We’ll support you with generous travel and accommodation assistance. After that, you’re welcome to work from our offices in Milan or London, or remotely from approved countries—depending on what we agree at the offer stage. If the role speaks to you and you’re excited to give your best, we’d love to hear from you. Apply now—we can’t wait to meet you.","Software Development","https://nl.linkedin.com/company/wetransfer","https://media.licdn.com/dms/image/v2/C560BAQFbe4YqCm4SnQ/company-logo_100_100/company-logo_100_100/0/1631382042317?e=2147483647&v=beta&t=yoX_JzvkhObsqFVuWF85-Nlz2S4uefQcJyEP4zOaSWs","","","","","","","","","","","","Trapani","linkedin","https://www.linkedin.com/jobs/view/4424059405","","","",90,"d2a47b8e51dd8beccd39a0ae3ebb4c2932cf2021",False,"","Trapani","other","C",True,False,False,18.0,18.0,0.0,0.0,0.0,0.0,30.0,20.0,0.0,68.0,68.0,"C","ZONA TRAPANI | excel, pec","excel, pec, stage","new",""
"li-4422869396","linkedin","https://www.linkedin.com/jobs/view/4422869396","","Talent strategist","Bending Spoons","","2026-06-01","fulltime","","","","","",True,"entry level","Human Resources","","","At Bending Spoons, we’re striving to build one of the all\\-time great companies. A company that serves a huge number of customers. A company where team members grow to their full potential. A company that functions at unparalleled levels of effectiveness and efficiency. A company that creates value for shareowners at an extraordinary rate. And a company that does so while adhering to high ethical standards. In pursuit of this objective, we acquire and improve digital businesses, not to sell on, but to own and operate for the long term. The transformations we make are often deep—designed to speed up innovation, benefit customers, and strengthen business performance. Here, hierarchy is minimal and teams are small and talent\\-dense. We operate established products with the ambition, agility, and urgency of a startup. Across the company, we integrate AI deeply into how we work so that human judgment and machine intelligence reinforce each other. For a talented, driven, and collaborative individual, working at Bending Spoons is an opportunity to learn, make an impact, and progress their career at an exceptionally high rate. That’s our promise to such a candidate. **A few examples of your responsibilities** * **Shape our talent strategy.** Define and improve how we hire, navigate the trade\\-offs that determine where effort and investment create the most value, and ensure that hiring remains a competitive advantage for Bending Spoons. * **Continuously experiment and improve.** Challenge assumptions, run rigorous experiments, and use evidence to identify better ways to attract, assess, and hire outstanding people. * **Own hiring end\\-to\\-end.** Run the full recruiting loop—from sourcing to final decision—using AI and modern tooling to accelerate the process while applying human judgment where it matters most. * **Find exceptional talent.** Proactively identify and engage top candidates across multiple channels, combining outreach, data, and new technologies to surface the strongest people. * **Build high\\-signal evaluations.** Design and run structured assessments—tests, interviews, and other evaluation methods—that produce clear signal and support confident hiring decisions. **What we look for** * **Reasoning ability.** Given the necessary knowledge, you can solve complex problems. You think from first principles, and structure your ideas sharply. You resist the influence of biases. You identify and take care of the details that matter. * **Drive.** You’re extremely ambitious in everything you do—and your initiative, effort, and tenacity match the intensity of your ambition. You feel deeply responsible for your work. You hold yourself to a high—and rising—bar. * **Team spirit.** You give generously and without the expectation of receiving in return. You support the best idea, not your idea. You're always happy to get your hands dirty to help your team. You’re reliable, honest, and transparent. * **Proficiency in English.** You read, write, and speak proficiently in English. **What we offer** * **Incredibly talented, entrepreneurial teams.** You’ll work in small, result\\-oriented, autonomous teams alongside some of the brightest people in your field. * **An exceptional opportunity for growth.** We go to great lengths to hire individuals of outstanding potential—then, our priority is to put them in the ideal position to thrive. Spooners in their 20s lead products worth hundreds of millions of dollars. And if you’ve got what it takes, you’ll soon be playing an essential role in major projects, too. * **Competitive pay and access to equity in the company.** Typically, we offer individuals at the start of their career an annual salary of £56,345 in London and €54,346 elsewhere in Europe. For a candidate that we assess as possessing considerable relevant experience, the salary on offer tends to be between £68,579 and £151,436 in London, and €66,065 and €145,430 elsewhere in Europe. Compensation varies by location and expected impact, and grows rapidly as you gain experience and translate it into greater contributions. For individuals who demonstrate exceptional capability, we may offer compensation that extends beyond the usual ranges to reflect their higher expected impact. If you're offered a permanent contract, you'll also be able receive some of your pay in company equity at a discounted price, thus participating in the value creation we achieve together. If relocating to Italy, you may enjoy a 50% tax cut. * **All. These. Benefits.** Flexible hours, remote working, unlimited backing for learning and training, top\\-of\\-the\\-market health insurance, a rich relocation package, generous parental support, and a yearly retreat to a stunning location. We help each Spooner set up the conditions to do their best work. **Commitment \\& contract** Permanent or fixed\\-term. Full\\-time or part\\-time. **Location** Milan (Italy), London (UK), Madrid (Spain), Warsaw (Poland) or remote in selected countries. **The selection process** In our screening process, we prioritize verifiable signals of excellence, regardless of seniority. There are no preferential paths beyond what your application demonstrates, and we evaluate every candidate through the same process. Some people hold back because they feel they lack experience or have an “imperfect” CV. If you like the role and believe you could excel over time, don’t self\\-reject. All applications go through our careers page, which is the only way to be considered. If you pass our screening, you’ll be asked to complete one or more tests. They are challenging, may involve unfamiliar problems, and can take several hours. We set the bar high and won’t extend an offer until we’re confident we’ve found the right candidate. This is why a job may remain open for months or be reposted several times. We consider all applicants for employment and provide reasonable accommodations for individuals with disabilities—please let us know through this form. **Before you apply** If you’ve applied before but didn't receive an offer, we recommend waiting at least one year before applying again. Bending Spoons is a demanding environment. We’re extremely ambitious and we hold ourselves—and one another—to a high standard. While this tends to lead to extraordinary learning, achievement, and career growth, it also requires significant commitment. To help you ramp up quickly and set yourself up for success, we recommend spending your first few months working from our Milan office, regardless of your long\\-term work location. It’s the best way to rapidly absorb our company culture and build trust with your new teammates. We’ll support you with generous travel and accommodation assistance. After that, you’re welcome to work from our offices in Milan or London, or remotely from approved countries—depending on what we agree at the offer stage. If the role speaks to you and you’re excited to give your best, we’d love to hear from you. Apply now—we can’t wait to meet you.","Software Development","https://it.linkedin.com/company/bendingspoons","https://media.licdn.com/dms/image/v2/D4E0BAQHDn0lajf8A3g/company-logo_100_100/B4EZx1lwm7IEAQ-/0/1771499359405/bendingspoons_logo?e=2147483647&v=beta&t=9N6kR4clNsmlT3LFjnaBwqZZU8AK0QgcrhkqdyN2w7U","","","","","","","","","","","","Trapani","linkedin","https://www.linkedin.com/jobs/view/4422869396","","","",90,"c4f26f8fc7b24d5e2dbc6df48155eb841014ce90",False,"","Trapani","other","C",True,False,False,18.0,18.0,0.0,0.0,0.0,0.0,30.0,20.0,0.0,68.0,68.0,"C","ZONA TRAPANI | excel, pec","excel, pec, stage","new",""
"li-4411899414","linkedin","https://www.linkedin.com/jobs/view/4411899414","","Corporate Paralegal - Midnight Foundation","Input Output Group","","2026-05-29","fulltime","","","","","",True,"entry level","Legal","","","**Summary** Midnight Foundation (""Midnight"") is seeking a skilled Corporate Paralegal. The candidate will support an in\\-house legal team and will be responsible for various administrative activities. Candidates must be highly self\\-motivated, organised, process\\-oriented and have strong follow up skills. This position requires someone with a strong background in assisting with corporate governance, corporate transactions, and legal operations. You will work across practice areas within the Legal Team and other support functions to enable the efficient and effective delivery of legal services to our business and partners. You will develop strong relationships with internal constituents and stakeholders including Finance, Business Development, Technology, and Operations. **Responsibilities** * Draft, review and amend contracts as appropriate (e.g. non disclosure agreements and event contracts) and other legal documents under the supervision of the Legal Team * Organise and manage the Legal Team's templates and help develop and manage playbooks * Draft corporate documents and support overseeing corporate housekeeping for Midnight's entities, including assisting with corporate formations, maintenance and management * Ensure necessary corporate filings are completed accurately and on time * Maintain contract files and records within Midnight's contract and document management systems, liaising as appropriate with other internal stakeholders and third parties * Manage KYC and KYB processes and update the Legal Team's task management systems * Assist with due diligence, including reviewing corporate records, contracts, summarising findings, and preparing reports for the Legal team and coordinating with external parties and members of other teams to gather necessary information and ensure alignment and compliance with plans * Track deadlines and key milestones for various projects, and proactively provide timely updates to relevant parties * Conduct legal research * Provide litigation support * Assist in taking meeting minutes * Provide regular and proactive status updates to internal stakeholders on contracts, projects, and other legal matters * Assist with other requests or requirements to meet the business needs **Requirements** **Education / Experience** * Bachelor's degree * 2\\-3\\+ years of paralegal or legal secretary experience strongly preferred, including in an in\\-house or law firm environment * Highly organised and process\\-oriented * Self\\-motivated and eager to own and execute projects * Proficient in business applications such as Google Suite, Microsoft Office, DocuSign, Notion, ClickUp, document management systems, contract management systems, and legal enterprise software desired but not all essential * Experience developing and implementing forms, processes, and policies * Excellent analytical, problem\\-solving, and communication skills, including proactive communications and responsiveness * Discretion in dealing with highly sensitive information * Able to thrive in a fast\\-paced environment and successfully manage multiple deadlines while working with limited supervision * Work well under pressure * Able to work independently while also being a team player and able to work collaboratively * Comfortable working with colleagues in various time zones around the world * Support and handle a variety of ad hoc projects as they arise **Benefits** **Benefits** **Location** Midnight is a fully distributed organisation, and therefore, this is a remote position. Due to team distribution, we are only looking for someone in the United Kingdom or Europe for this role. **All Colleagues** * Flexible schedule * Laptop reimbursement * New starter package to buy hardware essentials (headphones, monitor, etc.) * Learning \\& Development Opportunities * Competitive PTO and Sick Leave plan At Midnight, we value diversity and always treat all employees and job applicants based on merit, qualifications, competence, and talent. We do not discriminate on the basis of race, religion, colour, national origin, gender, sexual orientation, age, marital status, veteran status, or disability status.","Non-profit Organizations and Primary and Secondary Education","https://sg.linkedin.com/company/input-output-group","https://media.licdn.com/dms/image/v2/D560BAQGODtvGLtdIpw/company-logo_100_100/B56ZrqDHB.MIAQ-/0/1764863275416/input_output_group_logo?e=2147483647&v=beta&t=6ePPy-b88cb3DlyMdiuAirxyDKEFLaNPd_TlTlnPKj8","","","","","","","","","","","","Palermo","linkedin","https://www.linkedin.com/jobs/view/4411899414","","","",90,"3dcfe4fea35bf4a82d7cd388ece2ac8064bbecc6",False,"","Palermo","amministrazione_contabilita","B",False,False,False,38.0,38.0,0.0,0.0,0.0,0.0,10.0,20.0,0.0,68.0,68.0,"C","erp, iva","erp, iva, excel","new",""
"li-4424437909","linkedin","https://www.linkedin.com/jobs/view/4424437909","","Graduate data scientist","Bending Spoons","","","fulltime","","","","","",True,"entry level","Engineering and Analyst","","","At Bending Spoons, we’re striving to build one of the all\\-time great companies. A company that serves a huge number of customers. A company where team members grow to their full potential. A company that functions at unparalleled levels of effectiveness and efficiency. A company that creates value for shareowners at an extraordinary rate. And a company that does so while adhering to high ethical standards. In pursuit of this objective, we acquire and improve digital businesses, not to sell on, but to own and operate for the long term. The transformations we make are often deep—designed to speed up innovation, benefit customers, and strengthen business performance. Here, hierarchy is minimal and teams are small and talent\\-dense. We operate established products with the ambition, agility, and urgency of a startup. Across the company, we integrate AI deeply into how we work so that human judgment and machine intelligence reinforce each other. For a talented, driven, and collaborative individual, working at Bending Spoons is an opportunity to learn, make an impact, and progress their career at an exceptionally high rate. That’s our promise to such a candidate. **A few examples of your responsibilities** * **Design and improve data pipelines.** Contribute to the design and evolution of data systems—ensuring data is accurate, reliable, and efficiently processed across diverse tech stacks. * **Ensure data correctness and scalability.** Work closely with software engineers to validate data, define metrics, and improve the robustness of reporting and analytics systems. * **Develop internal data products and tooling.** Help build scalable solutions (e.g., reporting engines, forecasting tools) used by product teams across the company. * **Support platform\\-wide decision\\-making.** Partner with multiple teams to provide the analytical and modeling backbone for business planning and performance tracking. * **Leverage AI to accelerate work and uncover insights.** Use AI tools to move faster, surface ideas and opportunities, and study competing products and trends. **What we look for** * **Reasoning ability.** Given the necessary knowledge, you can solve complex problems. You think from first principles, and structure your ideas sharply. You resist the influence of biases. You identify and take care of the details that matter. * **Drive.** You’re extremely ambitious in everything you do—and your initiative, effort, and tenacity match the intensity of your ambition. You feel deeply responsible for your work. You hold yourself to a high—and rising—bar. * **Team spirit.** You give generously and without the expectation of receiving in return. You support the best idea, not your idea. You're always happy to get your hands dirty to help your team. You’re reliable, honest, and transparent. * **Proficiency in English.** You read, write, and speak proficiently in English. **What we offer** * **Incredibly talented, entrepreneurial teams.** You’ll work in small, result\\-oriented, autonomous teams alongside some of the brightest people in your field. * **An exceptional opportunity for growth.** We go to great lengths to hire individuals of outstanding potential—then, our priority is to put them in the ideal position to thrive. Spooners in their 20s lead products worth hundreds of millions of dollars. And if you’ve got what it takes, you’ll soon be playing an essential role in major projects, too. * **Competitive pay and access to equity in the company.** Typically, we offer individuals at the start of their career an annual salary of £85,797 in London and €66,065 elsewhere in Europe. For a candidate that we assess as possessing considerable relevant experience, the salary on offer tends to be between £112,189 and £250,512 in London, and €107,837 and €188,848 elsewhere in Europe. Compensation varies by location and expected impact, and grows rapidly as you gain experience and translate it into greater contributions. For individuals who demonstrate exceptional capability, we may offer compensation that extends beyond the usual ranges to reflect their higher expected impact. If you're offered a permanent contract, you'll also be able receive some of your pay in company equity at a discounted price, thus participating in the value creation we achieve together. If relocating to Italy, you may enjoy a 50% tax cut. * **All. These. Benefits.** Flexible hours, remote working, unlimited backing for learning and training, top\\-of\\-the\\-market health insurance, a rich relocation package, generous parental support, and a yearly retreat to a stunning location. We help each Spooner set up the conditions to do their best work. **Commitment \\& contract** Permanent or fixed\\-term. Full\\-time or part\\-time. **Location** Milan (Italy), London (UK), Madrid (Spain), Warsaw (Poland) or remote in selected countries. **The selection process** In our screening process, we prioritize verifiable signals of excellence, regardless of seniority. There are no preferential paths beyond what your application demonstrates, and we evaluate every candidate through the same process. Some people hold back because they feel they lack experience or have an “imperfect” CV. If you like the role and believe you could excel over time, don’t self\\-reject. All applications go through our careers page, which is the only way to be considered. If you pass our screening, you’ll be asked to complete one or more tests. They are challenging, may involve unfamiliar problems, and can take several hours. We set the bar high and won’t extend an offer until we’re confident we’ve found the right candidate. This is why a job may remain open for months or be reposted several times. We consider all applicants for employment and provide reasonable accommodations for individuals with disabilities—please let us know through this form. **Before you apply** If you’ve applied before but didn't receive an offer, we recommend waiting at least one year before applying again. Bending Spoons is a demanding environment. We’re extremely ambitious and we hold ourselves—and one another—to a high standard. While this tends to lead to extraordinary learning, achievement, and career growth, it also requires significant commitment. To help you ramp up quickly and set yourself up for success, we recommend spending your first few months working from our Milan office, regardless of your long\\-term work location. It’s the best way to rapidly absorb our company culture and build trust with your new teammates. We’ll support you with generous travel and accommodation assistance. After that, you’re welcome to work from our offices in Milan or London, or remotely from approved countries—depending on what we agree at the offer stage. If the role speaks to you and you’re excited to give your best, we’d love to hear from you. Apply now—we can’t wait to meet you.","Software Development","https://it.linkedin.com/company/bendingspoons","https://media.licdn.com/dms/image/v2/D4E0BAQHDn0lajf8A3g/company-logo_100_100/B4EZx1lwm7IEAQ-/0/1771499359405/bendingspoons_logo?e=2147483647&v=beta&t=9N6kR4clNsmlT3LFjnaBwqZZU8AK0QgcrhkqdyN2w7U","","","","","","","","","","","","Trapani","linkedin","https://www.linkedin.com/jobs/view/4424437909","","","",90,"a8bc52a3c36fda4ba1b3c09f3e6234728bf18a87",False,"","Trapani","other","C",True,False,False,18.0,18.0,0.0,0.0,0.0,0.0,30.0,20.0,0.0,68.0,68.0,"C","ZONA TRAPANI | excel, pec","excel, pec, stage","new",""
"li-4421136863","linkedin","https://www.linkedin.com/jobs/view/4421136863","","Addett* Vendite (CX Team Member)","Foot Locker","Palermo, Sicily, Italy","","fulltime","","","","","",False,"entry level","Management and Manufacturing","","","Panoramica I/Le nostr\\* Stripers sono il cuore pulsante della nostra attività! Per essere un\\* CX Team Member di Foot Locker devi essere appassionat\\* di servizio al cliente e di creare un'esperienza eccezionale all’interno del negozio. Contribuirai a mantenere un'atmosfera energica che favorisce connessioni profonde e durature con i nostri clienti e le comunità di cui fanno parte, sia in negozio che online. Avrai bisogno di energia, sicurezza in te stess\\* e una passione autentica per il lavoro di squadra, il servizio e, ovviamente, le sneakers! Responsabilità **Come Membro Del Team CX Di Foot Locker, Dovrai** * Mantenere un ambiente energico. * Mantenere il magazzino pulito e ordinato. * Offrire un'esperienza al cliente eccezionale che favorisca la fidelizzazione. * Superare le aspettative nella gestione dei resi e dei processi di checkout. * Contribuire all'implementazione delle linee guida di visual merchandising per migliorare gli standard e l'efficacia commerciale. * Rimpiazzare abbigliamento e accessori durante la giornata. * Aiutare a controllare la riduzione dell'inventario. * Contribuire agli obiettivi giornalieri del team. * Conoscere bene la nostra gamma di prodotti. * Lavorare bene come parte di un team in un ambiente frenetico. Qualifiche **Hai** * Idealmente un po' di esperienza in un lavoro a contatto con il pubblico. * Passione per un eccellente servizio al cliente. * Ottime capacità interpersonali. * Una buona conoscenza dell’italiano e dell'inglese. * Voglia di imparare. **Sei** * Energic\\*, sicur\\* di te e dinamic\\*. * Appassionat\\* di creare connessioni con i clienti. * Motivat\\* a offrire un'esperienza al cliente di livello eccellente. * Un\\* giocatore/trice di squadra che contribuisce a creare un ambiente inclusivo. * Appassionat\\* di moda e sneakers. * Dovrai stare in piedi per la maggior parte del tuo turno, oltre a inginocchiarti, chinarti, usare e salire sulle scale, raggiungere, tirare e sollevare pesi tra i 2 e i 14 chili. * È richiesto lavorare di sera, nei fine settimana e durante le festività. * Di tanto in tanto sarà necessario viaggiare. * Il livello di rumore nel negozio sarà generalmente basso. Benefici * Retribuzione apartire da: 9,98 € all'ora * Sconto dipendenti tra il 30% e il 50% * WellHub \\- Opzioni di benessere quotidiano per i dipendenti * Premi per il riconoscimento dell'anzianità di servizio * Programma di benessere finanziario * Convenzioni aziendali \\- Sconti locali * CCNL di riferimento: Commercio (Terziario, distribuzione e servizi)","Retail","https://www.linkedin.com/company/footlocker","https://media.licdn.com/dms/image/v2/D560BAQGUiLE_XZMMWQ/company-logo_100_100/company-logo_100_100/0/1735840764520/footlocker_logo?e=2147483647&v=beta&t=ozb94rlRaKiTSsDdjy_Wbigv8DrKtIR7E0UqbjR1ASw","","","","","","","","","","","","Trapani","linkedin","https://www.linkedin.com/jobs/view/4421136863","","","",90,"5241b7bbe63da68524e8a94c4fad1b099c071579",False,"","Trapani","amministrazione_contabilita","C",True,False,False,38.0,38.0,0.0,0.0,0.0,0.0,30.0,0.0,0.0,68.0,68.0,"C","ZONA TRAPANI | erp, iva","erp, iva, inventario","new",""
"li-4422977057","linkedin","https://www.linkedin.com/jobs/view/4422977057","","ADDETTI VENDITA ALCOTT CATANIA (C.C. CENTRO SICILIA)","ALCOTT","Catania, Sicily, Italy","2026-06-03","parttime","","","","","",False,"entry level","Sales","","","**Sogni di poter lavorare per un'azienda fashion retail in piena espansione? Questo è il ruolo giusto che fa per te!** **ALCOTT** è un brand dinamico, sempre attento ai trend del momento, che vuole porsi come la soluzione migliore per chi cerca di esprimere la propria identità, il proprio stile, attraverso l’abbigliamento. La mission del brand è da sempre offrire ai propri clienti capi di abbigliamento di tendenza con il massimo rapporto qualità\\-prezzo, si è evoluta da molti anni ormai andando a includere anche il valore della sostenibilità. **Posizione** Ricerchiamo per lo store di **ALCOTT DI CATANIA (C.C. CENTRO SICILIA)** un/una **ADDETTO/A VENDITA.** Desideriamo entrare in contatto con risorse che abbiano maturato almeno 6 mesi in contesti aziendali strutturati del mondo dell' abbigliamento , con buone capacità organizzative, predisposizione naturale per la vendita assistita e per i rapporti interpersonali. Completano il profilo una buona conoscenza della lingua inglese, dimestichezza nell’utilizzo del Pacchetto Office, nonché componenti attitudinali come flessibilità, disponibilità e motivazione. **Requisiti:** Le principali mansioni saranno: · vendita e supporto ai clienti nei loro acquisti; · fidelizzare il cliente al brand ed esserne i primi ambassador · Eseguire, in accordo con le policy aziendali le attività operative del negozio con diligenza e professionalità · Conoscere obiettivi di vendita e KPI dello store nonché individuali · collaborazione produttiva con tutto il team · accoglienza, soddisfazione e fidelizzazione del cliente · riassortimento e organizzazione delle aree vendite e magazzino; **Perché unirti al nostro team?** **Gli addetti vendita sono fondamentali per il successo dei nostri store.** I clienti sono i protagonisti, e sarai tu la prima persona ad accoglierli e guidarli nel loro percorso di acquisto. In **ALCOTT** troverai un’azienda solida e strutturata, un ambiente dinamico e fortemente orientato al risultato. I talenti interni sono la nostra più grande risorsa e siamo orgogliosi di offrire programmi di promozione e opportunità di crescita. La maggior parte dei ns manager sono risorse cresciute professionalmente in azienda nel corso degli anni. **Garantiamo i seguenti benefit:** \\-Sconto dipendenti in tutti i nostri store a marchio Gutteridge ed Alcott \\-Piano incentivante mensile promosso attraverso un contest mensile Livello e retribuzione della proposta contrattuale saranno commisurate in base all’esperienza con pacchetti retributivi assolutamente competitivi rispetto al mercato dei più grandi brand del settore fashion retail. Incremento Ral e inquadramento rispetto a profili in linea che hanno motivazione e stimolo a cambiare brand e approdare in Alcott! **Tipi di retribuzione supplementare:** · Maggiorazione lavoro festivo e domenicale · Quattordicesima · Tredicesima **Ti stiamo aspettando, unisciti al nostro team!**","Retail and Retail Apparel and Fashion","https://it.linkedin.com/company/alcott1953","https://media.licdn.com/dms/image/v2/D4D0BAQG7rdrbJPe9sA/company-logo_100_100/company-logo_100_100/0/1711190466287?e=2147483647&v=beta&t=qh7Ui-VLnvNPBwL2HJi0_sAxtTFQyGDqD71FVpRpC98","","","","","","","","","","","","Sicilia","linkedin","https://www.linkedin.com/jobs/view/4422977057","","","",90,"cfd718943fa7dd022cf5ec73954b45dcbebafcd3",False,"","Sicilia","amministrazione_contabilita","C",True,False,False,51.0,51.0,0.0,0.0,0.0,0.0,15.0,0.0,0.0,66.0,66.0,"C","erp, iva","erp, iva, acquisti, pacchetto office, addetto","new",""
"li-4411456752","linkedin","https://www.linkedin.com/jobs/view/4411456752","","ADDETTI VENDITA ALCOTT MILAZZO CC PARCO COROLLA","ALCOTT","Milazzo, Sicily, Italy","2026-06-03","parttime","","","","","",False,"entry level","Sales","","","**Sogni di poter lavorare per un'azienda fashion retail in piena espansione? Questo è il ruolo giusto che fa per te!** **ALCOTT** è un brand dinamico, sempre attento ai trend del momento, che vuole porsi come la soluzione migliore per chi cerca di esprimere la propria identità, il proprio stile, attraverso l’abbigliamento. La mission del brand è da sempre offrire ai propri clienti capi di abbigliamento di tendenza con il massimo rapporto qualità\\-prezzo, si è evoluta da molti anni ormai andando a includere anche il valore della sostenibilità. **Posizione** Ricerchiamo per lo store di **ALCOTT DI MILAZZO (C.C. PARCO COROLLA)** un/una **ADDETTO/A VENDITA.** Desideriamo entrare in contatto con risorse che abbiano maturato almeno 6 mesi in contesti aziendali strutturati del mondo dell' abbigliamento , con buone capacità organizzative, predisposizione naturale per la vendita assistita e per i rapporti interpersonali. Completano il profilo una buona conoscenza della lingua inglese, dimestichezza nell’utilizzo del Pacchetto Office, nonché componenti attitudinali come flessibilità, disponibilità e motivazione. **Requisiti:** Le principali mansioni saranno: · vendita e supporto ai clienti nei loro acquisti; · fidelizzare il cliente al brand ed esserne i primi ambassador · Eseguire, in accordo con le policy aziendali le attività operative del negozio con diligenza e professionalità · Conoscere obiettivi di vendita e KPI dello store nonché individuali · collaborazione produttiva con tutto il team · accoglienza, soddisfazione e fidelizzazione del cliente · riassortimento e organizzazione delle aree vendite e magazzino; **Perché unirti al nostro team?** **Gli addetti vendita sono fondamentali per il successo dei nostri store.** I clienti sono i protagonisti, e sarai tu la prima persona ad accoglierli e guidarli nel loro percorso di acquisto. In **ALCOTT** troverai un’azienda solida e strutturata, un ambiente dinamico e fortemente orientato al risultato. I talenti interni sono la nostra più grande risorsa e siamo orgogliosi di offrire programmi di promozione e opportunità di crescita. La maggior parte dei ns manager sono risorse cresciute professionalmente in azienda nel corso degli anni. **Garantiamo i seguenti benefit:** \\-Sconto dipendenti in tutti i nostri store a marchio Gutteridge ed Alcott \\-Piano incentivante mensile promosso attraverso un contest mensile Livello e retribuzione della proposta contrattuale saranno commisurate in base all’esperienza con pacchetti retributivi assolutamente competitivi rispetto al mercato dei più grandi brand del settore fashion retail. Incremento Ral e inquadramento rispetto a profili in linea che hanno motivazione e stimolo a cambiare brand e approdare in Alcott! **Tipi di retribuzione supplementare:** · Maggiorazione lavoro festivo e domenicale · Quattordicesima · Tredicesima **Ti stiamo aspettando, unisciti al nostro team!**","Retail and Retail Apparel and Fashion","https://it.linkedin.com/company/alcott1953","https://media.licdn.com/dms/image/v2/D4D0BAQG7rdrbJPe9sA/company-logo_100_100/company-logo_100_100/0/1711190466287?e=2147483647&v=beta&t=qh7Ui-VLnvNPBwL2HJi0_sAxtTFQyGDqD71FVpRpC98","","","","","","","","","","","","Sicilia","linkedin","https://www.linkedin.com/jobs/view/4411456752","","","",90,"11da2484580cc5de1b3c5e6bf633be65ec8ee2e7",False,"","Sicilia","amministrazione_contabilita","C",True,False,False,51.0,51.0,0.0,0.0,0.0,0.0,15.0,0.0,0.0,66.0,66.0,"C","erp, iva","erp, iva, acquisti, pacchetto office, addetto","new",""
"in-6dcd1e7cda63a16b","indeed","https://pennyitalia.intervieweb.it/annunci.php?l=addettoa-alla-vendita-appartenente-alle-categorie-protette-provincia-di-trapani-tp-10041&lang=it&d=indeed","https://pennyitalia.intervieweb.it/annunci.php?l=addettoa-alla-vendita-appartenente-alle-categorie-protette-provincia-di-trapani-tp-10041&lang=it&d=indeed","ADDETTO/A ALLA VENDITA (appartenente alle categorie protette) - PROVINCIA DI TRAPANI (TP)","PENNY ITALIA","Trapani, SIC, IT","2026-06-05","","","","","","",False,"","","","","Hai voglia di metterti in gioco e contribuire con energia e professionalità? Per i nostri punti vendita della **PROVINCIA DI TRAPANI**, siamo alla ricerca di Addetti/e alla Vendita appartenenti alle categorie protette, pronti a fare la differenza ogni giorno. **Posizione:** -------------- **Cosa farai:** --------------- * Ti occuperai del rifornimento dei banchi e dell’esposizione della merce secondo gli standard aziendali * Garantirai ordine e pulizia del negozio * Offrirai supporto e assistenza ai clienti, contribuendo a un’esperienza d’acquisto positiva **Requisiti:** -------------- **Chi cerchiamo:** ------------------ Persone motivate, collaborative e con una forte attitudine al lavoro di squadra. Essere iscritti alle liste del collocamento mirato è un requisito indispensabile. **Perché scegliere noi:** ------------------------- Entrerai in una realtà solida e strutturata, dove la tua crescita professionale è valorizzata. Un ambiente dinamico e stimolante, dove ogni giorno puoi fare la differenza! Unisciti a noi e porta il tuo entusiasmo nel cuore del nostro negozio!","","https://it.indeed.com/cmp/Penny-Italia","","","","","","","","","","","","","Trapani","indeed","https://pennyitalia.intervieweb.it/annunci.php?l=addettoa-alla-vendita-appartenente-alle-categorie-protette-provincia-di-trapani-tp-10041&lang=it&d=indeed","","","",80,"c25e254a2b7e13d826a39f912fdda2b7bb598edf",False,"","Trapani","amministrazione_contabilita","C",False,False,False,25.0,25.0,0.0,0.0,0.0,0.0,40.0,0.0,0.0,65.0,65.0,"C","ZONA TRAPANI | iva, addetto","iva, addetto, provincia","new",""
"li-4419699855","linkedin","https://www.linkedin.com/jobs/view/4419699855","","Scrum Master","Experis Italia","","2026-06-03","fulltime","","","","","",False,"associate","Information Technology","","","**Scrum Master Middle – Ambito Energy \\& Utilities \\| Experis** Per ampliamento dei team Experis, siamo alla ricerca di uno/a **Scrum Master Middle** da inserire su progettualità in ambito **Energy \\& Utilities** , con focus su contesti **Agile Transformation** e **Big Data** . * **Attività:** Supporterai team operativi nella gestione quotidiana delle attività in metodologia Agile * Faciliterai cerimonie Scrum (daily, sprint planning, review, retrospective) * Lavorerai a stretto contatto con team tecnici, favorendo collaborazione ed efficienza * Contribuirai al percorso di **Agile Transformation** del cliente * Aiuterai a rimuovere impedimenti e migliorare i processi operativi Il ruolo è fortemente **pratico e operativo** , con coinvolgimento diretto sui team (minor esposizione su governance). * **Requisiti** Esperienza come **Scrum Master (livello middle)** * Background tecnico (es. **sviluppo software** ) preferibile * Buona conoscenza delle metodologie **Agile/Scrum** * Esperienza in contesti strutturati o in evoluzione Agile * Attitudine operativa e orientamento al lavoro con team tecnici * **Contest** oCliente finale: settore **Energy \\& Utilitie** * sProgetti in ambito **Big Dat** * aAmbiente dinamico e in evoluzion * **e Sede di lavoroFull remo** te, co **n trasferte occasiona** * **li Offert** a: accesso a corsi di formazione soft skills e tecnica; convenzioni welfare, progetti enterprise ad alto contenuto tecnologico, career coaching e piano di sviluppo professionale personalizzatoRAL fino **a 35\\.00** 0 €, commisurata all’esperie nzaNOTE LEGA LI:Experis e le altre Società di ManpowerGroup garantiscono (ai sensi del D.Lgs 198/2006, D.Lgs.215/2003 e D.Lgs.216/2003\\) pari opportunità di accesso al lavoro a tutt\\* i/le candidat\\* e sono impegnate nel favorire il rispetto delle diversità e l’inclusione sul posto di lavo ro.Il servizio è gratuito. I/Le candidat\\* sono invitati a leggere l'informativa Priv acy disponibile su www.experis.it Aut. Min. Prot. N. 1116 \\- SG \\- del 26/11/04\\. Il titolare della registrazione e/o candidatura dichiara di essere a conoscenza delle sanzioni penali previste in caso di dichiarazioni mendaci ai sensi e per gli effetti dell’art.46 del D.P.R. 445/20 00\\.","Energy Technology and Services for Renewable Energy","https://it.linkedin.com/company/experis-italia","https://media.licdn.com/dms/image/v2/D4E0BAQFxLP1XZYQPsQ/company-logo_100_100/B4EZ5y9mMZLAAI-/0/1780045210636/experis_italia_logo?e=2147483647&v=beta&t=2Ji77jmeAimbz_saB64xietA1VNb-IfHbIHrcAAei98","","","","","","","","","","","","Trapani","linkedin","https://www.linkedin.com/jobs/view/4419699855","","","",90,"eba8a269bba090647d01a17ebaab1a5148fa80dd",False,"","Trapani","amministrazione_contabilita","C",False,False,False,35.0,35.0,0.0,0.0,0.0,0.0,30.0,0.0,0.0,65.0,65.0,"C","ZONA TRAPANI | erp, iva","erp, iva, pec","new",""
"li-4424069946","linkedin","https://www.linkedin.com/jobs/view/4424069946","","Creatore Video & IA – iGaming","AKRO DIGITAL","","2026-06-03","fulltime","","","","","",False,"entry level","","","","📍 Da remoto (Europa / Asia), con la possibilità di lavorare dai nostri uffici in Thailandia **CHI SIAMO** Un'azienda di media online, presente su mercati competitivi e multilingue. **CHI CERCHIAMO** Una persona che sappia creare video iGaming dall'inizio alla fine. Operativo fin dal primo giorno. **COSA VOGLIAMO CHE TU SAPPIA FARE** • Creare video dall'inizio alla fine, dal concept al prodotto finito • Esperienza iGaming, dimostrata con risultati concreti (canali, video, numeri) • Bonus: far crescere e gestire un canale • Bonus: creare sistemi con l'IA per produrre video su larga scala (orchestrazione, automazione) **CHI SEI** • Creativo, con un occhio attento a ciò che funziona • Rigoroso, con un'attenzione estrema al dettaglio • Aperto al confronto, capace di seguire una direzione e di adattare il tuo lavoro di conseguenza • Parli inglese abbastanza bene da comunicare con il team **DOVE PUÒ PORTARE** Assumere la responsabilità dell'intera strategia video dell'azienda e gestire un team. **PROCESSO DI SELEZIONE** Primo colloquio, test tecnico pratico, colloquio finale. **COME CANDIDARSI** Inviaci il tuo CV e una lettera di presentazione, entrambi in inglese. Nella lettera, dimostra la tua esperienza con informazioni concrete e risultati, e includi i link ai video o ai canali su cui hai lavorato.","Technology, Information and Internet","https://www.linkedin.com/company/akro-digital","https://media.licdn.com/dms/image/v2/D560BAQGuknckiiXaGQ/company-logo_100_100/B56ZtpvyZsJoAQ-/0/1767005693959?e=2147483647&v=beta&t=wzlx04DxcxLMEZOsOaIG5_NloOTnr8fIgIFNgWQ_PVI","","","","","","","","","","","","Trapani","linkedin","https://www.linkedin.com/jobs/view/4424069946","","","",90,"d897d0222fb248dcb2a3664116053f492312c638",False,"","Trapani","other","C",True,False,False,15.0,15.0,0.0,0.0,0.0,0.0,30.0,20.0,0.0,65.0,65.0,"C","ZONA TRAPANI | sap","sap","new",""
"li-4423948419","linkedin","https://www.linkedin.com/jobs/view/4423948419","","Technical Writer","Nozomi Networks","","2026-06-02","fulltime","","","","","",False,"mid-senior level","Marketing, Public Relations, and Writing/Editing","","","Now is an amazing time to join Nozomi Networks as we build the future of OT and IoT cybersecurity. We defend some of the world’s largest organizations and critical infrastructure in more than 68 countries and we’re just getting started. Our AI\\-powered cybersecurity platform secures operational technology (OT) and Internet of Things (IoT) infrastructures for enterprises and government entities across energy, manufacturing, transportation, resources, and critical infrastructure. Nozomi Networks is the leader of industrial cybersecurity. Whether our clients need fast product enhancements, onsite engineering support, or rapid deployment across continents, we deliver. We accelerate digital transformation by providing exceptional network visibility, threat detection and operational insight for OT and IoT environments. **In this role you will:** * Plan and create new product\\-focused technical content for administrators, end\\-users, and internal employees by collaborating with Nozomi’s cross\\-functional group of subject\\-matter experts, including Engineering, Product, Support, and Solution Engineering teams. * Help drive strategy to develop, write, and maintain technical content, including procedures, conceptual prose, reference material, tables, and images. * Maintain and revise documents mirroring the evolution of Nozomi’s products – Vantage, CMC, and Guardian * Partner closely with subject matter experts to ensure that the product documentation is intuitive, simple to maintain, and of the highest quality. * Engage with Nozomi Support and customers to understand the Nozomi product experience. Advocate for users by providing UX and feature design input and feedback **Requirements:** * Skills and abilities comparable to 5\\+ years in technical publications as a primary contributor creating product documentation for enterprise software solutions * Familiarity with oXygen XML Author, Dita XML, and Git * Working knowledge of topic\\-based authoring Working knowledge of multi\\-channel publishing and responsive web content * Proven track record of delivering high\\-quality technical content within deadlines and with minimal editorial support * Ability to build rapport with stakeholders across Product, Engineering, Support, and Solutions Engineering teams * Exemplary communication skills (both spoken and written) and interpersonal skills that facilitate information\\-gathering tasks * Fluency in written and spoken English * Ability to create consensus among differing perspectives * Demonstrable experience of using AI‑enabled tools as part of day‑to‑day work activities to improve efficiency, quality, or decision‑making. * Ability to work effectively with AI‑assisted tools while applying sound professional judgement and accountability for outputs. Nice to have * Experience in the field of OT/IoT/IT cybersecurity * Experience with issue\\-tracking software such as YouTrack, Jira, or similar * Bachelor’s degree, or its equivalent, in a related field such as Computer Engineering, Computer Science, English, or Literature **Who we are and what we stand for:** Nozomi Networks is the leader in OT and IoT Cybersecurity. We protect the world's critical infrastructure, industrial and government organizations from cyber threats by providing exceptional network visibility, threat detection and operational insight. We’re always innovating and we hire the best at what they do to ensure our customers always have access to fast product enhancements, exceptional engineering support and rapid deployment across continents. If you like a challenge, and value integrity and customer success, we invite you to help Nozomi Networks build the future of OT and IoT cybersecurity. Diversity, Inclusion and Belonging are part of our core beliefs, at Nozomi Networks. Diversity of thought, background and culture broadens our knowledge of the world and helps us learn, grow, and gain new perspectives. What makes us all different is what makes us powerful. **Our Global Benefits** All of our benefits are customized to the country you are based in, naturally we want to get the best out of our Nozomiers, so we provide the best benefits packages, such as: * Health \\& Wellness * Financial * Work\\-Life Balance * Unparalleled Flexible Time\\-Off **Need to know information** Successful candidates will be subjected to background verification checks. *Be cautious of unsolicited messages, fake email addresses, requests for money and unclear job descriptions. Report suspicious activity to authorities. Our open job opportunities and descriptions are posted on Nozomi Networks' career page. If in any doubt please apply for opportunities on our careers website here.* *If you would like to know more about our Privacy Policy, please click here. Any questions about how we process personal information, or if you would like help exercising your privacy rights please contact us using the email provided within the Privacy Policy.*","Computer and Network Security","https://www.linkedin.com/company/nozomi-networks-sa","https://media.licdn.com/dms/image/v2/C560BAQEv4flKPS1slw/company-logo_100_100/company-logo_100_100/0/1630664608588/nozomi_networks_sa_logo?e=2147483647&v=beta&t=2Y8pD5yKmXKfPiiOOBQ0QwHiSCyj6wf1x_aEuWZhLa4","","","","","","","","","","","","Trapani","linkedin","https://www.linkedin.com/jobs/view/4423948419","","","",90,"2b4f9e36998d8664e3550d665cb70b49da4b3356",False,"","Trapani","amministrazione_contabilita","C",True,False,False,35.0,35.0,0.0,0.0,0.0,0.0,30.0,0.0,0.0,65.0,65.0,"C","ZONA TRAPANI | erp, iva","erp, iva, pec","new",""
"li-4423234843","linkedin","https://www.linkedin.com/jobs/view/4423234843","","Marketing","BeFocus.bnb","","2026-06-01","fulltime","","","","","",False,"entry level","Marketing and Sales","","","🚀 **Cerchiamo Media Buyer – 100% Remoto** Sei un/a marketer a 360° capace di creare contenuti e lanciare campagne che convertono? Siamo alla ricerca di due persona brillanti da inserire nel nostro Team Marketing in forte crescita, motivate a dedicarsi al progetto aziendale e desiderose di crescere sia a livello personale sia professionale. **Cosa farai:** ✅ Sviluppo e gestione di campagne Meta Ads (copy \\+ strategia \\+ consulenza) ✅ Creazione di video brevi per ads con CapCut **Requisiti:** 👉 Esperienza, anche base, con Meta Ads 👉 Buona conoscenza di CapCut e Meta Ads 👉 Capacità di lavorare in autonomia e gestire più task 👉 Creatività, precisione e orientamento alla crescita del brand **Cosa offriamo:** 💼 Full time – 100% remoto 📈 Percorso di crescita: dalla gestione operativa a consulenze 1:1 ⚡ Ambiente stimolante fondato su trasparenza, etica e sviluppo professionale 🚀 Vuoi entrare a far parte di un’azienda che innova davvero nel marketing? **Candidati ora!** ﻿ (ci trovi come @befocus.bnb su instagram)","Marketing Services","https://www.linkedin.com/company/befocusconsulting","https://media.licdn.com/dms/image/v2/C4D0BAQE_KxM2ezZppg/company-logo_100_100/company-logo_100_100/0/1676885755019?e=2147483647&v=beta&t=Db-_P13Yh_O7xRJcQLtea1vlblEHCiKh7dLbSgOotJk","","","","","","","","","","","","Trapani","linkedin","https://www.linkedin.com/jobs/view/4423234843","","","",90,"2225fca37ef4ca20dfa070b29fb2cff38e6ea7bc",False,"","Trapani","amministrazione_contabilita","C",False,False,False,15.0,15.0,0.0,0.0,0.0,0.0,30.0,20.0,0.0,65.0,65.0,"C","ZONA TRAPANI | iva","iva","new",""
"li-4422009949","linkedin","https://www.linkedin.com/jobs/view/4422009949","","Agente di vendita / Procacciatore clienti","Alpha Air srl","Palermo, Sicily, Italy","2026-05-29","fulltime","","","","","",False,"entry level","Sales and Business Development","","","**Agente di vendita / Procacciatore clienti – Settore Aria Compressa** Siamo un’azienda specializzata nella vendita e assistenza di compressori d’aria, partner Ceccato e operante anche su sistemi multimarca, e siamo alla ricerca di una figura femminile dinamica da inserire nel nostro team commerciale. 📍 **Zona di lavoro:** Disponibilità a operare su tutto il territorio siciliano in particolare nelle zone di: Palermo, Trapani, Agrigento, Caltanissetta. **Cosa farai:** * Ricerca, Sviluppo e gestione di nuovi clienti nel territorio * Promozione dei nostri servizi di vendita e assistenza compressori * Consulenza commerciale mirata alle esigenze del cliente * Costruzione di relazioni professionali solide e durature **Chi cerchiamo:** * Ottime capacità comunicative e dialettiche * Padronanza della lingua italiana * Attitudine commerciale e orientamento agli obiettivi * Serietà, intraprendenza e spirito di iniziativa * Spiccata capacità relazionale ed empatia nella gestione del cliente * Residenza in provincia di Palermo o zone limitrofe * Disponibilità alla mobilità su tutto il territorio siciliano **Requisiti fondamentali:** * Automunito/a * Patente B **Cosa offriamo:** * Formazione iniziale e affiancamento * Concrete opportunità di crescita professionale * Sistema di bonus e incentivi legati ai risultati * Ambiente di lavoro dinamico e stimolante Se hai una forte attitudine commerciale, ti piace lavorare a contatto con le persone e vuoi costruire un percorso professionale solido, inviaci la tua candidatura! 📩 **Candidati ora e inizia a crescere con noi!**","Commercial and Industrial Machinery Maintenance","https://it.linkedin.com/company/alpha-air-srl","https://media.licdn.com/dms/image/v2/D4D0BAQH98DmjtjmILg/company-logo_100_100/company-logo_100_100/0/1689576295543?e=2147483647&v=beta&t=j72JlE0qh7BXp53_L8PZN--Lmgv8_ODNmsXkA4U0zXc","","","","","","","","","","","","Trapani","linkedin","https://www.linkedin.com/jobs/view/4422009949","","","",90,"c3c581a637c724027c4fa918c804d7d81c7f778a",False,"","Trapani","amministrazione_contabilita","C",False,False,False,25.0,25.0,0.0,0.0,0.0,0.0,40.0,0.0,0.0,65.0,65.0,"C","ZONA TRAPANI | iva, pec","iva, pec, provincia","new",""
"li-4417654281","linkedin","https://www.linkedin.com/jobs/view/4417654281","","n. 1 incarico di ricerca, ai sensi dell’art. 22-ter della legge 240/2010, della durata di n. 12 mesi TUTOR prof. Francesco Paolo Marra- Codice Concorso: I-RIC 12-2026","Dipartimento della Funzione Pubblica","Palermo, Sicily, Italy","","fulltime","","","","","",False,"internship","Design, Art/Creative, and Information Technology","","","le attività di ricerca riguarderanno l’analisi della risposta agronomica delle cultivar minori alle pratiche applicate negli oliveti oggetto di studio (potatura, gestione del suolo concimazione e irrigazione). Sarà inoltre valutato l’effetto delle pratiche agronomiche sull’attitudine alla trasformazione, con particolare attenzione alla consistenza della polpa, alla crescita della drupa e all’uniformità del colore. Le attività comprenderanno anche il monitoraggio in campo dei parametri legati alla trasformabilità, quali l’evoluzione del colore, l’andamento della maturazione, la struttura del mesocarpo e l’integrità della drupa. I dati agronomici saranno raccolti e interpretati in relazione ai diversi stili di produzione maggiormente diffusi in Sicilia (Castelvetrano, Sivigliano e Greco), al fine di valutare come le condizioni di coltivazione influenzino la performance in trasformazione. Infine, i risultati contribuiranno alla definizione di scelte agronomiche orientate al miglioramento della qualità delle drupe destinate alla trasformazione, tenendo conto dell’attitudine varietale, del contenuto in zuccheri fermentescibili, nonché delle dimensioni e del colore della drupa. Lo studio e la valorizzazione di cultivar minori per la produzione di olive damensa in Italia saranno svolti nell’ottica del rispetto del principio DNSH e a tutela e potenziamento della biodiversità vegetale, quindi dei criteri ambientali come da Reg. eu 852/2020","Government Administration","https://it.linkedin.com/company/dipartimento-della-funzione-pubblica","https://media.licdn.com/dms/image/v2/C560BAQG5QIElEtTCEQ/company-logo_100_100/company-logo_100_100/0/1630668295801?e=2147483647&v=beta&t=IkzXXOWWmAELx9PGdzAbxfBReoZmmvttzIrdOOFovgQ","","","","","","","","","","","","Trapani","linkedin","https://www.linkedin.com/jobs/view/4417654281","","","",90,"18d13338aa56314b1f95b6cc1e50da86630d89fe",False,"","Trapani","amministrazione_contabilita","C",False,False,False,35.0,35.0,0.0,0.0,0.0,0.0,30.0,0.0,0.0,65.0,65.0,"C","ZONA TRAPANI | erp, iva","erp, iva, concorso","new",""
"li-4424247105","linkedin","https://www.linkedin.com/jobs/view/4424247105","","Accountant","Bending Spoons","","2026-06-03","fulltime","","","","","",True,"mid-senior level","Accounting/Auditing","","","At Bending Spoons, we’re striving to build one of the all\\-time great companies. A company that serves a huge number of customers. A company where team members grow to their full potential. A company that functions at unparalleled levels of effectiveness and efficiency. A company that creates value for shareowners at an extraordinary rate. And a company that does so while adhering to high ethical standards. In pursuit of this objective, we acquire and improve digital businesses, not to sell on, but to own and operate for the long term. The transformations we make are often deep—designed to speed up innovation, benefit customers, and strengthen business performance. Here, hierarchy is minimal and teams are small and talent\\-dense. We operate established products with the ambition, agility, and urgency of a startup. Across the company, we integrate AI deeply into how we work so that human judgment and machine intelligence reinforce each other. For a talented, driven, and collaborative individual, working at Bending Spoons is an opportunity to learn, make an impact, and progress their career at an exceptionally high rate. That’s our promise to such a candidate. We close on acquisitions, restructure entities, and consolidate financials across jurisdictions—all at a pace that would break most finance teams. We need someone who finds that exciting, not exhausting. This role is for an accountant who wants to work at the core of a fast\\-moving, multi\\-entity business—closing the books across jurisdictions, ensuring reconciliations are robust and defensible, and contribute to a finance function that can support a business growing through constant change. We’re looking for someone who holds a high bar for accuracy, and who is equally motivated to eliminate manual work wherever judgment isn’t required. If you take pride in precision, reliability, and building processes that can scale with the business, you’ll thrive here. **A few examples of your responsibilities** * **Technical accounting at real depth.** Prepare and own financial statements under US GAAP, with IFRS alignment where required. Exercise judgment on revenue recognition, consolidation, and intercompany flows—in a context where the reporting framework evolves constantly as we acquire and integrate new businesses. * **Integration and accounting consistency.** Support the integration of newly acquired businesses into our financial infrastructure, aligning accounting treatments, reporting structures, and closing processes across the group. Ensure consistency without losing sight of local complexity and practical constraints. * **Controls, compliance, and audits.** Design and reinforce internal controls that protect the quality of our financial records. Support internal and external audits with well\\-prepared documentation, clear explanations, and the kind of underlying discipline that makes audits smoother because the work is already sound. * **Process improvement and automation.** Identify opportunities to streamline accounting workflows—reconciliations, accruals, intercompany flows—and partner with the broader finance team to automate them. Build processes that scale with the business and let the team focus on work that actually requires judgment. **What we look for** * **Reasoning ability.** Given the necessary knowledge, you can solve complex problems. You think from first principles, and structure your ideas sharply. You resist the influence of biases. You identify and take care of the details that matter. * **Drive.** You’re extremely ambitious in everything you do—and your initiative, effort, and tenacity match the intensity of your ambition. You feel deeply responsible for your work. You hold yourself to a high—and rising—bar. * **Team spirit.** You give generously and without the expectation of receiving in return. You support the best idea, not your idea. You're always happy to get your hands dirty to help your team. You’re reliable, honest, and transparent. * **Proficiency in English.** You read, write, and speak proficiently in English. **What we offer** * **Incredibly talented, entrepreneurial teams.** You’ll work in small, result\\-oriented, autonomous teams alongside some of the brightest people in your field. * **An exceptional opportunity for growth.** We go to great lengths to hire individuals of outstanding potential—then, our priority is to put them in the ideal position to thrive. Spooners in their 20s lead products worth hundreds of millions of dollars. And if you’ve got what it takes, you’ll soon be playing an essential role in major projects, too. * **Competitive pay and access to equity in the company.** Typically, we offer individuals at the start of their career an annual salary of £85,797 in London and €66,065 elsewhere in Europe. For a candidate that we assess as possessing considerable relevant experience, the salary on offer tends to be between £112,189 and £250,512 in London, and €107,837 and €188,848 elsewhere in Europe. Compensation varies by location and expected impact, and grows rapidly as you gain experience and translate it into greater contributions. For individuals who demonstrate exceptional capability, we may offer compensation that extends beyond the usual ranges to reflect their higher expected impact. If you're offered a permanent contract, you'll also be able receive some of your pay in company equity at a discounted price, thus participating in the value creation we achieve together. If relocating to Italy, you may enjoy a 50% tax cut. * **All. These. Benefits.** Flexible hours, remote working, unlimited backing for learning and training, top\\-of\\-the\\-market health insurance, a rich relocation package, generous parental support, and a yearly retreat to a stunning location. We help each Spooner set up the conditions to do their best work. **Commitment \\& contract** Permanent or fixed\\-term. Full\\-time. **Location** Milan (Italy), London (UK), Madrid (Spain), Warsaw (Poland) or remote in selected countries. **The selection process** In our screening process, we prioritize verifiable signals of excellence, regardless of seniority. There are no preferential paths beyond what your application demonstrates, and we evaluate every candidate through the same process. Some people hold back because they feel they lack experience or have an “imperfect” CV. If you like the role and believe you could excel over time, don’t self\\-reject. All applications go through our careers page, which is the only way to be considered. If you pass our screening, you’ll be asked to complete one or more tests. They are challenging, may involve unfamiliar problems, and can take several hours. We set the bar high and won’t extend an offer until we’re confident we’ve found the right candidate. This is why a job may remain open for months or be reposted several times. We consider all applicants for employment and provide reasonable accommodations for individuals with disabilities—please let us know through this form. **Before you apply** If you’ve applied before but didn't receive an offer, we recommend waiting at least one year before applying again. Bending Spoons is a demanding environment. We’re extremely ambitious and we hold ourselves—and one another—to a high standard. While this tends to lead to extraordinary learning, achievement, and career growth, it also requires significant commitment. To help you ramp up quickly and set yourself up for success, we recommend spending your first few months working from our Milan office, regardless of your long\\-term work location. It’s the best way to rapidly absorb our company culture and build trust with your new teammates. We’ll support you with generous travel and accommodation assistance. After that, you’re welcome to work from our offices in Milan or London, or remotely from approved countries—depending on what we agree at the offer stage. If the role speaks to you and you’re excited to give your best, we’d love to hear from you. Apply now—we can’t wait to meet you.","Software Development","https://it.linkedin.com/company/bendingspoons","https://media.licdn.com/dms/image/v2/D4E0BAQHDn0lajf8A3g/company-logo_100_100/B4EZx1lwm7IEAQ-/0/1771499359405/bendingspoons_logo?e=2147483647&v=beta&t=9N6kR4clNsmlT3LFjnaBwqZZU8AK0QgcrhkqdyN2w7U","","","","","","","","","","","","Palermo","linkedin","https://www.linkedin.com/jobs/view/4424247105","","","",90,"9aef7172d21bc7c1b00a77df57b1ccf00e033ab3",False,"","Palermo","amministrazione_contabilita","C",True,False,False,33.0,33.0,0.0,0.0,0.0,0.0,10.0,20.0,0.0,63.0,63.0,"C","iva, excel","iva, excel, pec, stage","new",""
"li-4419608073","linkedin","https://www.linkedin.com/jobs/view/4419608073","","Sales Representative","Stanley Black & Decker, Inc.","Sicily, Italy","2026-06-02","fulltime","","","","","",False,"associate","Sales, Marketing, and Business Development","","","**Titolo posizione** : Sales Representative **Canale:** Tradizionale/ Professionale **Zona:** Sicilia Ovest \\- Palermo \\- Trapani \\- Agrigento **Tipologia contrattuale:** Tempo indeterminato **Non costruiamo solo il mondo, costruiamo anche tecnologia innovativa.** Entrare a far parte del team **Stanley Black \\& Decker** significa lavorare in un ambiente innovativo, guidato dalla tecnologia e altamente collaborativo, supportato da oltre 58\\.000 professionisti in 60 Paesi in tutto il mondo. Qui avrai l’opportunità unica di influenzare alcuni dei marchi più iconici al mondo, tra cui **DEWALT, CRAFTSMAN, MAC TOOLS e Black \\+ Decker.** Le tue idee e soluzioni possono raggiungere milioni di clienti, mentre lavoriamo insieme per scrivere il prossimo capitolo della nostra storia. Vieni a costruire con noi e porta la tua carriera a nuovi livelli. **Il Ruolo :** L’obiettivo del **Sales Representative – Canale Tradizionale** è sviluppare le vendite e costruire relazioni di lungo termine e fidelizzazione con i clienti nell’area della regione **Sicilia.** La figura garantisce l’implementazione delle strategie commerciali definite dall’azienda per i marchi **DeWalt, Expert, Facom** , assicurando la corretta disponibilità dei prodotti, il loro posizionamento, la promozione e la gestione dei prezzi. Tutto ciò al fine di favorire una crescita costante del fatturato annuale e della redditività complessiva dell’azienda. **La Persona:** Ami imparare, crescere e ricevere riconoscimento per i tuoi preziosi contributi. Le tue responsabilità principali: * Vendita di prodotti mirati alle esigenze specifiche dei clienti del mercato professionale. * Implementazione dei piani vendita e delle attività promozionali, garantendo il corretto posizionamento dei prodotti. * Sviluppo del portafoglio clienti e identificazione di nuovi partner commerciali. * Monitoraggio della soddisfazione dei clienti e gestione efficace dei processi di pre\\-vendita e post\\-vendita. * Raccolta e analisi di informazioni di mercato, partecipazione ad eventi commerciali e mantenimento di una comunicazione ottimale con il top management e il servizio clienti. **I Dettagli:** Riceverai uno stipendio competitivo e un ottimo pacchetto di benefit, che include: * Benefici completi per la salute e il benessere * Piani di risparmio per la pensione * Opportunità di sviluppo professionale * Sconti sugli utensili Stanley Black \\& Decker e altri programmi partner **E Ancora:** Vogliamo che la nostra azienda sia un luogo in cui desideri essere e restare. Far parte del nostro team significa che potrai: * **Crescere** : Entrare a far parte di una realtà globale con oltre 20 marchi, dove potrai sviluppare le tue competenze lungo diversi percorsi di carriera. * **Imparare:** Avere accesso a una vasta gamma di risorse formative, incluso il nostro portale digitale per l’apprendimento. * **Sentirti parte:** Vivere in un ambiente di lavoro straordinario, dove regnano il rispetto reciproco e una grande valorizzazione di prospettive ed esperienze diverse. * **Restituire:** Aiutarci a continuare a generare cambiamenti positivi a livello locale e globale attraverso il volontariato, il sostegno alla comunità e pratiche aziendali sostenibili. Per quanto abbiamo già raggiunto, il nostro percorso è appena iniziato. Ed è qui che entri in gioco tu. Unisciti a noi!","Manufacturing and Construction","https://www.linkedin.com/company/stanley-black-decker-inc","https://media.licdn.com/dms/image/v2/C4D0BAQE5ahBMliaRVw/company-logo_100_100/company-logo_100_100/0/1631339258852?e=2147483647&v=beta&t=A4chC-egpdkGE-n1Cwtt-iSqQvLlo2VXofaJ5_dfXE8","","","","","","","","","","","","Sicilia","linkedin","https://www.linkedin.com/jobs/view/4419608073","","","",90,"f6a5c835325628843ecc3426fa0336b01ec5efb6",False,"","Sicilia","amministrazione_contabilita","C",False,False,False,38.0,38.0,0.0,0.0,0.0,0.0,25.0,0.0,0.0,63.0,63.0,"C","iva, servizio clienti","iva, servizio clienti, pec, regione, tempo indeterminato","new",""
"li-4423890578","linkedin","https://www.linkedin.com/jobs/view/4423890578","","Product Owner","Huspy","","2026-06-02","fulltime","","","","","",True,"associate","Product Management and Marketing","","","**The Story So Far: We’re Building a Global Brand in Real Estate** Huspy is one of the leading property technology companies in EMEA. Launched in 2020, we now operate in multiple cities across the UAE and Spain, expanding into Saudi Arabia and 3 more European markets by 2026\\. Today, we own the largest portion of the UAE mortgage market and are one of the fastest\\-growing players in every European city we’ve entered. We’ve raised over $140 million (Series A and Series B) from the world’s top investors, including Sequoia Capital, Founders Fund and Balderton Capital, to reshape the homebuying journey through powerful technology and agent\\-first tools. We’ve built a SuperApp that empowers real estate agents and mortgage brokers, bringing cutting‑edge technology to one of the world’s most traditional industries. We’re transforming how property transactions happen — faster, smarter, and better for everyone. We’re not slowing down. The question is: will you be part of what’s next? **The Main Event: What You’ll Drive, Build, and Own** * Own your product: From idea to launch and beyond, ensuring it meets business goals and delivers value. * Lead your team: Set clear goals, success metrics, and a roadmap aligned with Huspy's mission. * Collaborate closely: Work daily with Design, Engineering, Marketing, Legal, and Strategy teams to bring your product vision to life. * Drive results: Use data, market research, and company strategy to prioritize impactful initiatives that drive growth. * Be a problem solver: Tackle new challenges across various domains to keep improving our product and processes. **The Perfect Match: What It Takes to Succeed at Huspy** * 2\\+ years of experience at a high\\-growth tech company or in finance\\-related fields (proptech, payments, crypto, insurance, etc.) * 2\\+ years of proven success leading consumer\\-facing products * 1\\+ year managing cross\\-functional teams (Product Owners at Huspy directly manage Engineering, Operations, and Design) * Excellent communication skills, both written and verbal * A strong eye for UX/UI and understanding of design best practices * We don’t expect you to code, but you should feel comfortable discussing deep technical topics with engineering teams and the platform users. * Strong analytical skills with a solid business sense to prioritize tasks based on impact and return on investment (ROI) * Experience in driving product vision, and clearly communicating with leadership, customers, and partners * A hands\\-on attitude: you take initiative and are ready to tackle major projects directly. * Ability to deliver results in ambiguous situations and thrive in a fast\\-paced environment **Work Setup:** Hybrid in Dubai or Madrid, remote anywhere in the EU. Or we offer relocation support to Dubai or Madrid, if preferred. By submitting this application, I agree that my personal data will be collected, processed, and retained by the company solely for the purposes of managing and assessing my candidacy.","Real Estate","https://ae.linkedin.com/company/huspy","https://media.licdn.com/dms/image/v2/D4E0BAQFiO4-bojZAXQ/company-logo_100_100/company-logo_100_100/0/1721305108903/huspy_logo?e=2147483647&v=beta&t=J3Gtw4BcJLfHBzyjL4CIh6UiSTI-0KdZHnLsDXHtW1U","","","","","","","","","","","","Trapani","linkedin","https://www.linkedin.com/jobs/view/4423890578","","","",90,"0b27fea1e688f344d6cb2ceda5af0ca452574980",False,"","Trapani","other","C",False,False,False,13.0,13.0,0.0,0.0,0.0,0.0,30.0,20.0,0.0,63.0,63.0,"C","ZONA TRAPANI | excel, pec","excel, pec","new",""
"","www.its-sicilia.it","https://www.its-sicilia.it/","","Fondazione ITS Sicilia","🎓 Formazione Gratuita Finanziata","Sicilia","2026-06-05","","","","","","","","","","","","Corsi ITS post-diploma gratuiti con borse di studio (durata 2 anni)","","","","","","","","","","","","","","","Sicilia","opportunita_giovani","https://www.its-sicilia.it/","In Sede","formazione","🎓 Formazione Gratuita Finanziata",50,"e05d275d9cc4b0a2c7d29ccb6ed43fbfe0cc3e49",False,"","Sicilia","other","C",False,False,False,0.0,0.0,45.0,0.0,0.0,0.0,15.0,0.0,0.0,60.0,60.0,"C","","","new",""
"li-4413482609","linkedin","https://www.linkedin.com/jobs/view/4413482609","","Assistant Store Manager Fiorella Rubino","Miroglio Group","Palermo, Sicily, Italy","2026-06-03","fulltime","","","","","",False,"mid-senior level","Sales and Business Development","","","**FIORELLA RUBINO** è un brand di abbigliamento curvy del Gruppo Miroglio che celebra la libertà di esprimersi con autenticità attraverso ciò che si indossa. Inclusività, libertà e valorizzazione dell’unicità femminile sono i valori che guidano ogni collezione. Ispirato al concetto di , Fiorella Rubino propone capi versatili pensati per ogni momento della giornata e per ogni personalità, offrendo un’esperienza di stile che fa sentire ogni donna accolta, libera di essere sé stessa e, soprattutto, perfetta così com’è. **La tua opportunità:** Entrerai a far parte del team Fiorella Rubino e di un’avventura imprenditoriale che ti permetterà di contribuire attivamente alla crescita del brand, promuovendo un’eccellente customer experience attraverso un elevato livello di ingaggio e coinvolgimento del team. **La tua missione:** * Promuovere la migliore customer experience, assicurando che tutte le fasi del percorso di acquisto vengano presidiate. * Favorire un elevato livello di ingaggio e coinvolgimento della cliente. * Guidare, motivare e formare il team di store. * Gestire efficacemente il post\\-vendita, consolidando la relazione con la cliente e la sua fidelizzazione. * Implementare azioni utili ad assicurare il raggiungimento degli obiettivi di fatturato, monitorando costantemente i KPI. **Potrai essere dei nostri se:** * Hai maturato un’esperienza di 2/3 anni nel ruolo di Assistant Store Manager o referente. * Hai un approccio fortemente “data driven”. * Hai una visione “customer centric”. * Hai un forte mindset imprenditoriale e l’ambizione a contribuire alla crescita del brand e dell’azienda. * Hai un forte orientamento al risultato. * Hai buone capacità comunicative e organizzative. * Hai spiccate doti relazionali e di team working. **Ecco cosa ti offriremo:** Una grande occasione per contribuire in prima persona allo sviluppo dello store e per permettere all’azienda di raggiungere e coinvolgere le clienti. Un periodo di onboarding specifico per ruolo in cui riceverai formazione sul nostro business, sui nostri processi e tools. Percorsi di formazione sia individuali che di gruppo (e\\-learning e aula) con l’obiettivo di creare valore riconoscendo e allenando le potenzialità e le competenze. Percorso di obiettivi e feedback orientato alla crescita delle persone. *Crediamo nel valore delle persone e della diversità in tutte le sue forme. Guardiamo al talento, non alle etichette, e accogliamo con rispetto chiunque voglia mettersi in gioco, garantendo pari opportunità indipendentemente da genere, età, identità o background. Se hai bisogno di supporto durante il processo di selezione, siamo a tua disposizione.*","Retail Apparel and Fashion","https://it.linkedin.com/company/miroglio","https://media.licdn.com/dms/image/v2/C4E0BAQGGWb0GPoxvrw/company-logo_100_100/company-logo_100_100/0/1630589446219/miroglio_logo?e=2147483647&v=beta&t=AwpxisVxj3fLSbLgtfuJBoH-3G8W35W-YNJwDw36_dA","","","","","","","","","","","","Trapani","linkedin","https://www.linkedin.com/jobs/view/4413482609","","","",90,"f04faef6f0dd8199ee4171319d5a5faee66205e2",False,"","Trapani","amministrazione_contabilita","C",False,False,False,20.0,20.0,10.0,0.0,0.0,0.0,30.0,0.0,0.0,60.0,60.0,"C","ZONA TRAPANI | iva, pec","iva, pec","new",""
"in-3b53e42e330a5033","indeed","http://it.indeed.com/job/social-media-manager-e-content-creator-3b53e42e330a5033","http://it.indeed.com/job/social-media-manager-e-content-creator-3b53e42e330a5033","Social Media Manager e Content Creator","Talk Communication","Sant'Agata li Battiati, SIC, IT","2026-06-01","parttime","","","","","",True,"","","","","Talk Communication è alla ricerca di una figura addetta alla gestione della clientela in portfolio e Creazione di Contenuti Le mansioni da svolgere nei primi periodi saranno nello specifico: \\- calendario e palinsesto editoriale \\- Sviluppo e creazione contenuti Offriamo una formazione avanzata sul campo, occasione perfetta se vuoi fare pratica per acquisire esperienza nel mondo del lavoro digitale. Il profilo ideale è una figura che abbia la passione per i Social e che abbia avuto anche una minima esperienza diretta con aziende in questo campo. Quello che conta per noi è la creatività, l'attenzione ai dettagli, la voglia di imparare e di mettersi in gioco. La figura ideale è avvantaggiata se ha avuto un'esperienza (anche minima) in almeno uno di questi campi: \\- Grafica \\- Social Media Marketing \\- Progetti TikTok \\- Laureandi in Marketing e Comunicazione. Residente a Catania o paesi etnei. NO COLLABORAZIONI CON FREELANCE O DA REMOTO. Se ti riconosci in questo profilo, inviaci il tuo portfolio e raccontaci di te! Contratto di lavoro: Part\\-time, Tempo determinato Durata contratto: 6 mesi Retribuzione: €503,13 \\- €1\\.808,26 al mese Benefit: * Orario flessibile * Supporto allo sviluppo professionale Sede di lavoro: Di persona","","https://it.indeed.com/cmp/Talk-Communication-1","","","","","","","","","","","","","Sicilia","indeed","http://it.indeed.com/job/social-media-manager-e-content-creator-3b53e42e330a5033","","","",80,"c0b7ea623fdac612f4ec9c2a6278f716decb8d78",False,"","Sicilia","ecommerce_web_social","C",False,False,False,25.0,25.0,0.0,0.0,0.0,0.0,15.0,20.0,0.0,60.0,60.0,"C","social media, pec","social media, pec, content creator","new",""
"li-4227613931","linkedin","https://www.linkedin.com/jobs/view/4227613931","","Stage Sales Assistant - Palermo C.C. ""Forum""","JD Sports Fashion","Palermo, Sicily, Italy","2026-06-04","fulltime","","","","","",False,"entry level","Sales and Business Development","","","JD Sports Fashion, fondata nel 1981 con un unico negozio nel nord\\-ovest dell’Inghilterra, è ora uno dei principali retailer Multi\\-Canale della moda sportiva e outdoor in UK ed Europa. Il gruppo ha oltre 2\\.400 negozi, è orientato a diverse fasce di vendita al dettaglio, ed è orgoglioso di offrire ai propri clienti gli ultimi prodotti delle migliori marche. DESCRIZIONE DEL RUOLO Come parte del Team JD acquisirai le competenze necessarie ad assicurare il miglior servizio possibile ai nostri clienti. MANSIONI Customer Service: * Assiste il cliente in tutte le fasi della vendita, dalla scelta all’acquisto del prodotto, assicurandosi che i target siano raggiunti; * Fornisce alternative e massimizzare le vendite sfruttando anche i canali digitali che l’azienda offre garantendo la massima soddisfazione del cliente; Visual Merchandising: * Assiste al costante mantenimento degli standard sul piano vendita; * Verifica lo stock presente in piano vendita, sostituendolo quando necessario, al fine di garantire che l’intera gamma di taglie sia presente. REQUISITI * Preferibile anche breve esperienza in attività di contatto con il pubblico al di fuori dell’ambito Retail. * Ottime doti di comunicazione e gestione del cliente. **Benefits** * Rimborso spese mensile. * Possibilita’ di crescita interna. Ti chiediamo di inserire nel CV l'autorizzazione al trattamento dei tuoi dati personali ai sensi del Regolamento UE n. 679/2016 e della legislazione italiana vigente. Il presente annuncio è rivolto ad entrambi i sessi, ai sensi delle leggi 903/77 e 125/91 e a persone di tutte le età e tutte le nazionalità, ai sensi dei decreti legislativi 215/03 e 216/03\\. Il gran numero di candidature che la nostra azienda attrae, richiede attenta analisi. Se non ricevi un nostro contatto entro le prime due settimane successive alla candidatura, ti preghiamo di ritenerti libero/a di valutare altre opportunita’ o tenere monitorata la nostra Career Page e seguire la nostra pagina Linkedin per rimanere aggiornato su ogni opportunità. Grazie per il tuo interesse in JD Sports!","Retail","https://uk.linkedin.com/company/jd-sports-fashion-plc","https://media.licdn.com/dms/image/v2/D4D0BAQGYjCqdR974nA/company-logo_100_100/B4DZYWKoG5HsAU-/0/1744128607254/jd_sports_fashion_plc_logo?e=2147483647&v=beta&t=fkj24a3GZ48duUlcQnNwqnuPraopE3actbMw0sSghQs","","","","","","","","","","","","Trapani","linkedin","https://www.linkedin.com/jobs/view/4227613931","","","",90,"5a8ffc4b69f71c4ef01406480a87136f7ba248ba",False,"","Trapani","amministrazione_contabilita","C",False,False,False,28.0,28.0,0.0,0.0,0.0,0.0,30.0,0.0,0.0,58.0,58.0,"D","ZONA TRAPANI | iva, customer service","iva, customer service, stage","new",""
"li-4423419279","linkedin","https://www.linkedin.com/jobs/view/4423419279","","Senior Market Manager, Luxe","Airbnb","","2026-06-02","fulltime","","","","","",False,"mid-senior level","Sales and Business Development","","","Airbnb was born in 2007 when two hosts welcomed three guests to their San Francisco home, and has since grown to over 5 million hosts who have welcomed over 2 billion guest arrivals in almost every country across the globe. Every day, hosts offer unique stays and experiences that make it possible for guests to connect with communities in a more authentic way. ****The Difference You Will Make:**** As a Luxe Senior Market Manager, you will drive supply growth for Airbnb Luxe in your assigned geographies — acquiring new listings and cultivating host relationships that define Luxe. You will serve as the on\\-the\\-ground market expert, combining deep knowledge of luxury real estate and travel landscape with a consultative, relationship\\-first approach to acquisition and account management. You will work with Luxe Guest Services, Content \\& Quality, and cross\\-functional teams to ensure every home meets Airbnb Luxe's standards. This role is equally focused on strategic growth and day\\-to\\-day excellence \\- you'll be equally comfortable prospecting net\\-new hosts, conducting business reviews, and rolling up your sleeves to solve host challenges. ****A Typical Day:**** **Supply Acquisition \\& Pipeline Development** * Lead net\\-new host and listing acquisition in assigned markets, moving qualified leads through the funnel to meet and exceed quarterly supply goals * Prospect and identify high\\-quality homes through external research, networking, and partnerships with luxury real estate professionals, property managers, and operators * Qualify incoming leads and deliver fully vetted hosts and listings to the onboarding team with clear handoff documentation * Compellingly articulate Airbnb Luxe's value proposition across all formats — phone, email, in\\-person — tailored to the luxury audience **Market Development \\& Launches** * Own new market launches end\\-to\\-end, including lead generation, host recruitment, coordination with Home Quality and Guest Services, and post\\-launch performance monitoring * Develop a nuanced understanding of your markets: desirable neighborhoods, architectural styles, design aesthetics, pricing trends, seasonality, and the competitive landscape * Build and maintain localized pitches that resonate with luxury homeowners and real estate professionals in your region **Host Account Management \\& Optimization** * Manage a portfolio of Luxe hosts, serving as their primary point of contact and trusted advisor * Conduct regular business reviews and optimization calls to uncover challenges, identify growth opportunities, and provide data\\-driven recommendations * Support onboarding of new listings for assigned hosts, ensuring a seamless experience * Design and deploy strategies to manage and optimize long\\-tail hosts across your markets * Improve listing bookability through performance analysis and targeted host education **Cross\\-Functional Collaboration \\& Escalations** * Act as the primary liaison between assigned hosts and internal teams (Guest Services, Content \\& Quality, Product, Policy) for escalated issues and strategic initiatives * Serve as an effective ""air traffic controller"" — routing host requests to the right internal resources while maintaining direct host accessibility * Cascade host feedback to relevant stakeholders to inform product and policy decisions * Educate hosts on significant product updates, policy changes, and platform best practices ****Experience**** **Your Expertise:** * 8\\+ years of relevant experience in sales, account management, business development, or strategic partnerships — ideally within luxury travel, hospitality, or real estate * Demonstrated track record of hitting or exceeding acquisition and/or revenue targets in a fast\\-paced, metrics\\-driven environment * Experience working cross\\-functionally across teams to influence change and drive results * Familiarity with CRM tools and the ability to maintain rigorous pipeline hygiene and reporting ****Skills \\& Competencies**** * Strong executive presence with the ability to build credibility and influence senior decision\\-makers both internally and within the luxury industry * Excellent negotiation skills and the ability to close complex, high\\-value partnerships * Sharp market instincts — you can quickly assess a neighborhood, identify a trend, and translate that into actionable strategy * Exceptional written and verbal communication skills; able to craft compelling pitches and maintain polished host\\-facing correspondence * Highly organized with the ability to manage multiple priorities, projects, and stakeholder relationships simultaneously * Comfortable operating with ambiguity and adapting quickly in an ever\\-evolving environment **Mindset** * Deep alignment with Airbnb's mission and a passion for the luxury travel and homes space * A consultative, relationship\\-first approach — you build trust before you close deals * Proactive, solutions\\-oriented, and self\\-directed; you don't wait for problems to escalate * Collaborative by nature — you understand that success in this role is a team sport **Location Specific Requirements:** *This role is based out of European Ski (France, Italy, Switzerland, Austria, Germany) overseeing European ski destinations. It requires up to 50% travel to markets across European ski, as well as occasional team off\\-sites.* *English and French or Italian proficiency required. Additional languages (French/Italian/German) nice to have* ****Our Commitment To Inclusion \\& Belonging:**** Airbnb is committed to working with the broadest talent pool possible. We believe diverse ideas foster innovation and engagement, and allow us to attract creatively\\-led people, and to develop the best products, services and solutions. All qualified individuals are encouraged to apply. ****How We'll Take Care Of You:**** Our job titles may span more than one career level. The actual base pay is dependent upon many factors, such as: training, transferable skills, work experience, business needs and market demands. The base pay range shown below is annualized, is subject to change and may be modified in the future. This role may also be eligible for bonus, equity, benefits, and Employee Travel Credits. France Annual Pay Range €74\\.000—€92\\.000 EUR ****How We'll Take Care Of You:**** Our job titles may span more than one career level. The actual base pay is dependent upon many factors, such as: training, transferable skills, work experience, business needs and market demands. The base pay range shown below is annualized, is subject to change and may be modified in the future. This role may also be eligible for bonus, equity, benefits, and Employee Travel Credits. Italy Annual Pay Range €65\\.000—€80\\.000 EUR","Software Development","https://www.linkedin.com/company/airbnb","https://media.licdn.com/dms/image/v2/C560BAQFhfl32crIGIw/company-logo_100_100/company-logo_100_100/0/1630637496980/airbnb_logo?e=2147483647&v=beta&t=idNQqoBZi6dZq6iG78J5GTOsNV_ltJf7ITo7zYZ6VWg","","","","","","","","","","","","Sicilia","linkedin","https://www.linkedin.com/jobs/view/4423419279","","","",90,"7fe7f0eb19c02ca634f88596e303451ffaa9355b",False,"","Sicilia","amministrazione_contabilita","C",True,False,False,43.0,43.0,0.0,0.0,0.0,0.0,15.0,0.0,0.0,58.0,58.0,"D","crm, iva","crm, iva, excel, pec","new",""
"li-4407607228","linkedin","https://www.linkedin.com/jobs/view/4407607228","","Product Support Specialist, Joint Replacement (Sicily and South Italy)","Stryker","Palermo, Sicily, Italy","2026-06-02","fulltime","","","","","",False,"associate","Sales","","","**Location:** Southern Italy (Mainly Sicily) **Type:** Field\\-based **Travel:** 80% **The Job’s Mission** At Stryker, we’re looking for a Product Support Specialist to join our Joint Replacement division, supporting both traditional and robotic\\-assisted (Mako) procedures. This is a hands\\-on, field\\-based clinical role where you will work directly in the operating room, supporting surgeons and healthcare professionals to deliver best\\-in\\-class outcomes. You will play a key role in ensuring procedural excellence, driving adoption of advanced technologies, and supporting the growth of our business in Southern Italy, with a strong focus on Sicily. **Joint Replacement Portfolio** : https://www.stryker.com/us/en/portfolios/orthopaedics/joint\\-replacement.html **What You Will Do** * Provide on\\-site clinical support in the operating room during joint replacement procedures (manual and Mako robotic\\-assisted) * Deliver product training to surgeons, theatre staff, and broader healthcare professionals * Support and grow relationships with existing and new customers, ensuring a high level of service * Partner closely with the sales team and Regional Sales Manager to execute local strategy * Manage consignment stock and theatre inventory, ensuring accurate tracking and availability * Lead and support product evaluations, trials, and clinical events * Organize and deliver training sessions, workshops, and product demonstrations * Act as a trusted advisor, communicating product value and clinical application effectively * Monitor customer needs and collaborate with sales to identify new business opportunities * Maintain a structured approach to your territory through daily, weekly, and monthly planning **Minimum Requirements** * Bachelor’s degree in a scientific, medical, or technical field * At least 4\\+ years of experience in healthcare * Experience in orthopaedics * Fluent Italian (C2\\) and strong English (minimum B2\\) * Willingness to travel extensively, including frequent flights **Preferred Experience** * Experience with orthopaedic implants or joint replacement * Previous exposure to operating room dynamics * Experience in regulated environments (e.g., tenders) * Commercial mindset or prior exposure to sales environments **What Makes You Successful In This Role** * Strong interpersonal and relationship\\-building skills, especially with clinical stakeholders * Ability to navigate complex environments like operating theatres with confidence * Adaptability and resilience in a fast\\-paced, field\\-based role * Hands\\-on, practical mindset with a focus on execution * Ability to align with strategy while managing day\\-to\\-day autonomy **Training \\& Development** * Structured onboarding including product training * Opportunity to become a certified Mako specialist * International training exposure * Continuous development within a global MedTech leader **What We Offer** * Competitive salary and performance\\-based bonus structure * Company car with fuel card * Strong career development opportunities (local and international) * Collaborative and high\\-performing team environment **Why Join Stryker** Stryker is one of the world’s leading medical technology companies, impacting over 150 million patients each year. We combine innovation, technology, and people to improve healthcare outcomes globally. Stryker is a global leader in medical technologies and, together with its customers, is driven to make healthcare better. The company offers innovative products and services in MedSurg, Neurotechnology, Orthopaedics and Spine that help improve patient and healthcare outcomes. Alongside its customers around the world, Stryker impacts more than 150 million patients annually.","Appliances, Electrical, and Electronics Manufacturing, Industrial Machinery Manufacturing, and Medical Equipment Manufacturing","https://www.linkedin.com/company/stryker","https://media.licdn.com/dms/image/v2/C4E0BAQHa7kowBO7CeQ/company-logo_100_100/company-logo_100_100/0/1631319537543?e=2147483647&v=beta&t=ACgjUcaJK0JmvbVK4mQyK3L-Z2sQzj_vOh_jh3UJaEw","","","","","","","","","","","","Trapani","linkedin","https://www.linkedin.com/jobs/view/4407607228","","","",90,"a7094b55258a9af54595a688beea3d3ecaaa32a8",False,"","Trapani","other","C",True,False,False,28.0,28.0,0.0,0.0,0.0,0.0,30.0,0.0,0.0,58.0,58.0,"D","ZONA TRAPANI | erp, excel","erp, excel, pec","new",""
"li-4414349915","linkedin","https://www.linkedin.com/jobs/view/4414349915","","Consulente assicurativo","Albanese Francesco - Broker di Assicurazioni","","2026-06-01","fulltime","","","","","",False,"mid-senior level","Sales and Business Development","","","**Descrizione del ruolo** Cerchiamo un consulente assicurativo con partita iva, iscritto nella sezione E del Rui IVASS ed un portafoglio clienti autorevole, il ramo auto deve essere al massimo 30% del portafoglio totale. In questo ruolo full time da remoto, ti occuperai di analizzare le esigenze dei clienti e proporre soluzioni assicurative personalizzate. Sarai responsabile della gestione e dello sviluppo del portafoglio clienti, garantendo un servizio di qualità attraverso consulenze mirate e assistenza costante. Collaborerai con il team per individuare le migliori strategie di copertura e protezione, mantenendo un approccio customer\\-centric. **Qualifiche** * Competenze in ambito Assicurativo per l'analisi di rischi e la proposta di soluzioni mirate. * Esperienza in Consulenza e Servizio Clienti, con una spiccata attenzione alle esigenze dei clienti e alla costruzione di relazioni durature. * Abilità di Comunicazione eccellenti, necessarie per trasmettere informazioni in modo chiaro e convincente e instaurare fiducia con i clienti. * Ulteriori qualifiche utili includono capacità di problem\\-solving, gestione del tempo e orientamento al risultato. * Possesso iscrizione RUI IVASS sezione E * Possesso patente di guida A e/o B per motocicli ed automobili. * Possesso di spiccate abilità comunicative, improntate sulla trasparenza e competenza, no venditori. * Commissioni fino al 50% della remunerazione del broker. * Necessario possedere attestazione aggiornata corsi di formazione ivass, visura camerale aggiornata al massimo ultimi 6 mesi, casellario giudiziale e carichi pendenti od autodichiarazione.","Insurance Agencies and Brokerages","https://it.linkedin.com/company/albanese-francesco-broker-di-assicurazioni","https://media.licdn.com/dms/image/v2/D4D0BAQF7yTwJZq3JNA/company-logo_100_100/B4DZpuEGHMKIAY-/0/1762783160172?e=2147483647&v=beta&t=LZR7j-uq4Jn9hLoBqb92SKw4NU-QVBInI8xyfAKtsQE","","","","","","","","","","","","Sicilia","linkedin","https://www.linkedin.com/jobs/view/4414349915","","","",90,"e4cc202b8347a75676144a0cce68eb9c5b0c4fb9",False,"","Sicilia","amministrazione_contabilita","C",False,False,False,23.0,23.0,0.0,0.0,0.0,0.0,15.0,20.0,0.0,58.0,58.0,"D","iva, servizio clienti","iva, servizio clienti","new",""
"li-4420992026","linkedin","https://www.linkedin.com/jobs/view/4420992026","","Consulenti Corporate - Palermo","Bpower energia S.p.A.","Palermo, Sicily, Italy","2026-05-29","fulltime","","","","","",False,"entry level","Administrative","","","BPower Energia per potenziamento della rete commerciale Segmento Corporate, ricerca Consulenti Energetici sul territorio della regione Sicilia. **Il candidato dovrà occuparsi di:** * Sviluppo commerciale sul territorio di competenza * Raggiungimento degli obiettivi personali e di gruppo * Fidelizzazione del portafoglio clienti acquisito **Cosa offriamo:** ✅Mandato diretto ✅Piano provvigionale, tra i più competitivi del settore ✅Fisso mensile e auto aziendale a target concordati ✅Ricorrenti sul portafoglio clienti e gettoni su rinnovi annuali ✅Premi al raggiungimento dei target individuali e di gruppo ✅Possibilità di crescita in ruoli di coordinamento e management **Cosa chiediamo:** * Portafoglio clienti dimostrabile * Capacità di gestione del cliente e orientamento ai risultati * Conoscenza del pacchetto Office e dimestichezza con strumenti digitali * Esperienza nel settore Energia clienti B2B Invia la tua candidatura e inizia il tuo percorso con un’azienda che investe nelle persone e nelle relazioni.","Electric Power Generation","https://it.linkedin.com/company/be-power-italia","https://media.licdn.com/dms/image/v2/D4D0BAQEpTj76k979XQ/company-logo_100_100/B4DZ1SLoo6KoAQ-/0/1775200275739/be_power_italia_logo?e=2147483647&v=beta&t=a4cabQj0nmlVF6A7l1Q1mDoDdTV9GDFi8Dmnf9GRJ88","","","","","","","","","","","","Trapani","linkedin","https://www.linkedin.com/jobs/view/4420992026","","","",90,"f9cdb49d399a52fa2dfcef1cda8017ebe468b823",False,"","Trapani","other","B",False,False,False,28.0,28.0,0.0,0.0,0.0,0.0,30.0,0.0,0.0,58.0,58.0,"D","ZONA TRAPANI | b2b, pacchetto office","b2b, pacchetto office, regione","new",""
"in-01e74342d850b4ba","indeed","https://careers.mypos.com/jobs/7822918-field-sales-executive","https://careers.mypos.com/jobs/7822918-field-sales-executive","Field Sales Executive","myPOS","Messina, SIC, IT","2026-05-29","","","","","","",True,"","","","","At myPOS, we’re all about helping businesses grow and get paid. We make payments simple, smart, and accessible for everyone, but we’re more than just payment solutions \\- myPOS is a partner in growth. From free multicurrency accounts to powerful e\\-commerce tools, we’re here to support business owners of all sizes and everyone out there who dreams of starting their own business. As we are expanding our team, we’re looking for a **Field Sales Executive** to help us make a real difference in the Fintech industry. Ready to join us and shape the future of payments? Let’s make it happen! **About the role:** As a Field Sales Executive, you will be the face of myPOS within your territory, working closely with local businesses and helping them discover smarter, simpler ways to manage their payments. This is a field\\-based role where you’ll spend most of your time meeting merchants in person, understanding their day\\-to\\-day challenges, and recommending solutions that genuinely add value to their business. You’ll have the autonomy to plan your territory, build relationships, and grow your pipeline, while being supported by a collaborative team behind you. If you enjoy meeting people, building trust quickly, and turning conversations into long\\-term partnerships, this role offers the freedom and ownership to make a real impact. **What you’ll do:** * Proactively identify and approach new business opportunities within the territory of Venice * Meet merchants face\\-to\\-face to understand their needs and present tailored myPOS solutions * Deliver clear, practical product demonstrations and guide clients through the benefits step by step * Manage the full sales cycle, from first contact to negotiation and closing * Build and maintain strong, long\\-term relationships with your clients to ensure satisfaction and growth * Plan your schedule and territory independently to prioritize high\\-potential opportunities * Represent myPOS professionally at local events, trade fairs, and within the wider business community **This role is perfect for you if you have:** * 2\\-5\\+ years of experience in B2B or field sales, with a successful track record * Confidence approaching new businesses and starting conversations with decision makers in person * A consultative mindset and genuine curiosity about understanding each client’s needs before offering solutions * The ability to build trust quickly and create long\\-term relationships * The independence and organization to manage your own schedule, territory, and priorities effectively * A valid driver’s license and willingness to travel regularly within your region * Fluency in Italian and English * Experience in fintech, payments, telecom, or relevant environments (a plus, not a must) **Why you should join myPOS:** * Vibrant international team operating in hi\\-tech environment * Annual salary reviews, promotions and performance bonuses * myPOS Academy for upskilling and training * Unlimited access to courses on LinkedIn Learning * Annual individual training and development budget * Refer a friend bonus as we know that working with friends is fun * Teambuilding, social activities and networks on a multi\\-national level **What we offer:** * **Excellent compensation package (base salary \\+ uncapped commission)** * 25 days annual paid leave * Health Insurance * Meal Vouchers * Travel cost reimbursement **Who we are:** Since 2014 we’ve been all about making payments easier and more accessible for businesses of all shapes and sizes. Whether you’re at the counter, selling online, or on the move, we’ve got businesses covered with smart, accessible and affordable solutions that keep things easy. Our mission? It’s simple. Help businesses get paid by taking advantage of modern tech and innovative ideas, so payment challenges are a thing of the past. **Pro tip:** Take it easy about meeting every requirement \\- this job description is just that, a job description! Even if you don’t tick every box, want you to apply anyway! This is your chance to grow, learn, and build your career with us. We value potential over perfection, and we are all about mutual growth! *myPOS is committed to providing equal employment opportunities. All qualified candidates will be considered for employment without discrimination based on age, ancestry, colour, marital status, national origin, physical or mental disability, medical condition, veteran status, race, religion, sex, sexual orientation, gender identity or expression, or any other characteristic protected by applicable laws, regulations, and ordinances.* *Your application will be confidentially reviewed in line with the General Data Protection Regulation (GDPR). Personal information will be used solely for the job application and will be stored for a period needed by the application process. Only short\\-listed candidates will be contacted. Good luck!* Locations Messina Remote status Hybrid","","https://it.indeed.com/cmp/Mypos-3","https://d2q79iu7y748jz.cloudfront.net/s/_squarelogo/256x256/780280551250c60fad5aac0895093d43","","","Decline to state","Decline to state","We make payments simple, smart, and accessible for everyone, but we’re more than just payment solutions—myPOS is a partner in growth.  ","","","","","","","Sicilia","indeed","https://careers.mypos.com/jobs/7822918-field-sales-executive","","","",80,"ca033291ad2282ae939367883f7c4432cc207015",False,"","Sicilia","other","C",True,False,False,23.0,23.0,0.0,0.0,0.0,0.0,15.0,20.0,0.0,58.0,58.0,"D","b2b, excel","b2b, excel","new",""
"in-2a576efcafe10116","indeed","https://careers.mypos.com/jobs/7822903-field-sales-executive","https://careers.mypos.com/jobs/7822903-field-sales-executive","Field Sales Executive","myPOS","Catania, SIC, IT","2026-05-29","","","","","","",True,"","","","","At myPOS, we’re all about helping businesses grow and get paid. We make payments simple, smart, and accessible for everyone, but we’re more than just payment solutions \\- myPOS is a partner in growth. From free multicurrency accounts to powerful e\\-commerce tools, we’re here to support business owners of all sizes and everyone out there who dreams of starting their own business. As we are expanding our team, we’re looking for a **Field Sales Executive** to help us make a real difference in the Fintech industry. Ready to join us and shape the future of payments? Let’s make it happen! **About the role:** As a Field Sales Executive, you will be the face of myPOS within your territory, working closely with local businesses and helping them discover smarter, simpler ways to manage their payments. This is a field\\-based role where you’ll spend most of your time meeting merchants in person, understanding their day\\-to\\-day challenges, and recommending solutions that genuinely add value to their business. You’ll have the autonomy to plan your territory, build relationships, and grow your pipeline, while being supported by a collaborative team behind you. If you enjoy meeting people, building trust quickly, and turning conversations into long\\-term partnerships, this role offers the freedom and ownership to make a real impact. **What you’ll do:** * Proactively identify and approach new business opportunities within the territory of Venice * Meet merchants face\\-to\\-face to understand their needs and present tailored myPOS solutions * Deliver clear, practical product demonstrations and guide clients through the benefits step by step * Manage the full sales cycle, from first contact to negotiation and closing * Build and maintain strong, long\\-term relationships with your clients to ensure satisfaction and growth * Plan your schedule and territory independently to prioritize high\\-potential opportunities * Represent myPOS professionally at local events, trade fairs, and within the wider business community **This role is perfect for you if you have:** * 2\\-5\\+ years of experience in B2B or field sales, with a successful track record * Confidence approaching new businesses and starting conversations with decision makers in person * A consultative mindset and genuine curiosity about understanding each client’s needs before offering solutions * The ability to build trust quickly and create long\\-term relationships * The independence and organization to manage your own schedule, territory, and priorities effectively * A valid driver’s license and willingness to travel regularly within your region * Fluency in Italian and English * Experience in fintech, payments, telecom, or relevant environments (a plus, not a must) **Why you should join myPOS:** * Vibrant international team operating in hi\\-tech environment * Annual salary reviews, promotions and performance bonuses * myPOS Academy for upskilling and training * Unlimited access to courses on LinkedIn Learning * Annual individual training and development budget * Refer a friend bonus as we know that working with friends is fun * Teambuilding, social activities and networks on a multi\\-national level **What we offer:** * **Excellent compensation package (base salary \\+ uncapped commission)** * 25 days annual paid leave * Health Insurance * Meal Vouchers * Travel cost reimbursement **Who we are:** Since 2014 we’ve been all about making payments easier and more accessible for businesses of all shapes and sizes. Whether you’re at the counter, selling online, or on the move, we’ve got businesses covered with smart, accessible and affordable solutions that keep things easy. Our mission? It’s simple. Help businesses get paid by taking advantage of modern tech and innovative ideas, so payment challenges are a thing of the past. **Pro tip:** Take it easy about meeting every requirement \\- this job description is just that, a job description! Even if you don’t tick every box, want you to apply anyway! This is your chance to grow, learn, and build your career with us. We value potential over perfection, and we are all about mutual growth! *myPOS is committed to providing equal employment opportunities. All qualified candidates will be considered for employment without discrimination based on age, ancestry, colour, marital status, national origin, physical or mental disability, medical condition, veteran status, race, religion, sex, sexual orientation, gender identity or expression, or any other characteristic protected by applicable laws, regulations, and ordinances.* *Your application will be confidentially reviewed in line with the General Data Protection Regulation (GDPR). Personal information will be used solely for the job application and will be stored for a period needed by the application process. Only short\\-listed candidates will be contacted. Good luck!* Locations Catania Remote status Hybrid","","https://it.indeed.com/cmp/Mypos-3","https://d2q79iu7y748jz.cloudfront.net/s/_squarelogo/256x256/780280551250c60fad5aac0895093d43","","","Decline to state","Decline to state","We make payments simple, smart, and accessible for everyone, but we’re more than just payment solutions—myPOS is a partner in growth.  ","","","","","","","Sicilia","indeed","https://careers.mypos.com/jobs/7822903-field-sales-executive","","","",80,"e772f29e1f37685c0481729f5c31361c16238803",False,"","Sicilia","other","C",True,False,False,23.0,23.0,0.0,0.0,0.0,0.0,15.0,20.0,0.0,58.0,58.0,"D","b2b, excel","b2b, excel","new",""
"","subito.it","https://www.subito.it/annunci-italia/vendita/offerte-lavoro/?q=call+center+da+casa","","www. subito . it › annunci-italia › vendita Subito.it Call center da casa - Offerte di lavoro","Subito.it","Trapani","2026-06-05","","","","","","","","","","","","Subito.it Fallback | Query: customer service","","","","","","","","","","","","","","","Trapani","subito_fallback","https://www.subito.it/annunci-italia/vendita/offerte-lavoro/?q=call+center+da+casa","","","",50,"345809449ac509d5a71171c480be31afb43e1797",False,"","Trapani","customer_service_call_center","C",False,False,False,16.0,16.0,0.0,0.0,0.0,0.0,40.0,0.0,0.0,56.0,56.0,"D","ZONA TRAPANI | call center, customer service","call center, customer service","new",""
"","subito.it","https://www.subito.it/annunci-italia/vendita/offerte-lavoro/?q=lavoro+assistenza+clienti+da+casa","","www. subito . it › annunci-italia › vendita Subito.it Lavoro assistenza clienti da casa - Offerte di lavoro","Subito.it","Trapani","2026-06-05","","","","","","","","","","","","Subito.it Fallback | Query: customer service","","","","","","","","","","","","","","","Trapani","subito_fallback","https://www.subito.it/annunci-italia/vendita/offerte-lavoro/?q=lavoro+assistenza+clienti+da+casa","","","",50,"2aaad5dda95c4f6c1ffc4e93d9a82fdd9473e507",False,"","Trapani","customer_service_call_center","C",False,False,False,16.0,16.0,0.0,0.0,0.0,0.0,40.0,0.0,0.0,56.0,56.0,"D","ZONA TRAPANI | customer service, assistenza clienti","customer service, assistenza clienti","new",""
"","subito.it","https://www.subito.it/annunci-italia/vendita/offerte-lavoro/?q=back+office+commerciale+estero","","www. subito . it › annunci-italia › vendita Subito.it Back office commerciale estero - Offerte di lavoro","Subito.it","Trapani","2026-06-05","","","","","","","","","","","","Subito.it Fallback | Query: back office","","","","","","","","","","","","","","","Trapani","subito_fallback","https://www.subito.it/annunci-italia/vendita/offerte-lavoro/?q=back+office+commerciale+estero","","","",50,"fb718924242023eaf142ac3d2c8127e6497b2c40",False,"","Trapani","back_office_segreteria","C",False,False,False,15.0,15.0,0.0,0.0,0.0,0.0,40.0,0.0,0.0,55.0,55.0,"D","ZONA TRAPANI | back office","back office","new",""
"","subito.it","https://www.subito.it/annunci-italia/vendita/offerte-lavoro/?q=agente+di+commercio","","www. subito . it › annunci-italia › vendita Subito.it Agente di commercio - Offerte di lavoro","Subito.it","Trapani","2026-06-05","","","","","","","","","","","","Subito.it Fallback | Query: back office","","","","","","","","","","","","","","","Trapani","subito_fallback","https://www.subito.it/annunci-italia/vendita/offerte-lavoro/?q=agente+di+commercio","","","",50,"47dfbcd7e0b7f2420dbee6e6d37491bda5750cb4",False,"","Trapani","back_office_segreteria","C",False,False,False,15.0,15.0,0.0,0.0,0.0,0.0,40.0,0.0,0.0,55.0,55.0,"D","ZONA TRAPANI | back office","back office","new",""
"","subito.it","https://www.subito.it/annunci-sicilia/vendita/offerte-lavoro/palermo/?q=impiegata","","www. subito . it › annunci-sicilia › vendita Subito.it Impiegata - Offerte di lavoro a Palermo e provincia","Subito.it","Italia","2026-06-05","","","","","","","","","","","","Subito.it Fallback | Query: contabilità","","","","","","","","","","","","","","","Sicilia","subito_fallback","https://www.subito.it/annunci-sicilia/vendita/offerte-lavoro/palermo/?q=impiegata","","","",50,"52f706c37b520201ac2d81577122a446c36fada2",False,"","Sicilia","amministrazione_contabilita","C",False,False,False,20.0,20.0,0.0,20.0,0.0,0.0,15.0,0.0,0.0,55.0,55.0,"D","contabilità, provincia","contabilità, provincia","new",""
"","subito.it","https://www.subito.it/annunci-italia/vendita/offerte-lavoro/?q=lavoro+temporaneo","","www. subito . it › annunci-italia › vendita Subito.it Lavoro temporaneo - Offerte di lavoro","Subito.it","Trapani","2026-06-05","","","","","","","","","","","","Subito.it Fallback | Query: back office","","","","","","","","","","","","","","","Trapani","subito_fallback","https://www.subito.it/annunci-italia/vendita/offerte-lavoro/?q=lavoro+temporaneo","","","",50,"2a80a9ef320a0b3d91bcf5e566fb487a209fb7de",False,"","Trapani","back_office_segreteria","C",False,False,False,15.0,15.0,0.0,0.0,0.0,0.0,40.0,0.0,0.0,55.0,55.0,"D","ZONA TRAPANI | back office","back office","new",""
"","subito.it","https://www.subito.it/annunci-sicilia/vendita/lavoro/catania/","","www. subito . it › annunci-sicilia › vendita Annunci Lavoro e servizi Catania e provincia - Lavoro e Servizi...","Subito.it","Italia","2026-06-05","","","","","","","","","","","","Subito.it Fallback | Query: remoto back office","","","","","","","","","","","","","","","Sicilia","subito_fallback","https://www.subito.it/annunci-sicilia/vendita/lavoro/catania/","","","",50,"1fe1e0da9938594fa90d1ec23c614a195c453538",False,"","Sicilia","back_office_segreteria","C",False,False,False,20.0,20.0,0.0,0.0,0.0,0.0,15.0,20.0,0.0,55.0,55.0,"D","back office, provincia","back office, provincia","new",""
"","subito.it","https://www.subito.it/annunci-italia/vendita/offerte-lavoro/?q=back+office","","www. subito . it › vendita › offerte- lavoro Subito.it Back office - Offerte di lavoro","Subito.it","Trapani","2026-06-05","","","","","","","","","","","","Subito.it Fallback | Query: back office","","","","","","","","","","","","","","","Trapani","subito_fallback","https://www.subito.it/annunci-italia/vendita/offerte-lavoro/?q=back+office","","","",50,"6acc8c90f6e72ae8202da92c93fc0832da05d82b",False,"","Trapani","back_office_segreteria","C",False,False,False,15.0,15.0,0.0,0.0,0.0,0.0,40.0,0.0,0.0,55.0,55.0,"D","ZONA TRAPANI | back office","back office","new",""
"","subito.it","https://www.subito.it/annunci-italia/vendita/offerte-lavoro/?q=area+manager","","www. subito . it › annunci-italia › vendita Subito.it Area manager - Offerte di lavoro","Subito.it","Trapani","2026-06-05","","","","","","","","","","","","Subito.it Fallback | Query: back office","","","","","","","","","","","","","","","Trapani","subito_fallback","https://www.subito.it/annunci-italia/vendita/offerte-lavoro/?q=area+manager","","","",50,"76f5b1a2b22c4d6eecf8ff490e56d3cb8c2d5542",False,"","Trapani","back_office_segreteria","C",False,False,False,15.0,15.0,0.0,0.0,0.0,0.0,40.0,0.0,0.0,55.0,55.0,"D","ZONA TRAPANI | back office","back office","new",""
"li-4420704706","linkedin","https://www.linkedin.com/jobs/view/4420704706","","Equity Research Intern","Wall Street Oasis","","2026-06-04","internship","","","","","",True,"internship","Finance and Sales","","","**About Us** Wall Street Oasis is the largest community focused on careers in finance, with over 1 million registered members and 20 million annual visits. The platform offers valuable resources, insights, and networking opportunities for finance professionals and aspiring candidates. **About the Internship** Are you a student passionate about the stock market, company analysis, or investment strategies? Do you want to build skills that top employers in equity research and investment banking are looking for? Join us as an **Equity Research Intern** – a role designed specifically to help **college students and recent graduates** build real skills, produce tangible work, and prepare for high\\-stakes roles in the finance industry. **What You’ll Do** * Assist in building robust equity research reports on public companies * Analyze financial statements and valuation metrics (P/E, EV/EBITDA, DCF, etc.) * Track company earnings, press releases, and industry trends * Receive structured feedback to sharpen your financial analysis and modeling skills. **Who Should Apply?** This is ideal for: * Undergraduate students in Finance, Economics, Accounting, or related fields * Recent graduates preparing for finance interviews * Students seeking real experience to stand out on LinkedIn and job applications * Curious learners who want to explore careers in equity research, investment banking, or other finance careers. **What You’ll Gain** * Real\\-world project experience * Equity research report samples for your portfolio * Weekly mentor sessions \\+ resume/interview prep * Remote work flexibility **Additional Details** * **Location:** Remote (Must be based in Italy) * **Duration:** 6–8 weeks, part\\-time (flexible with class schedules) * **Compensation:** Unpaid, but includes **certificate \\&** **referral letter** **Ready to research like a pro?** Take your first step toward Wall Street — apply now and unlock your future in finance.","Financial Services, Investment Management, and Investment Banking","https://www.linkedin.com/company/wall-street-oasis","https://media.licdn.com/dms/image/v2/C560BAQGWrq4BV9TQaw/company-logo_100_100/company-logo_100_100/0/1630585274867/wall_street_oasis_logo?e=2147483647&v=beta&t=lrWK9G4yBm0ExHlc-lPd9LJj7GcLYO-YOHo2Ik0VeJI","","","","","","","","","","","","Trapani","linkedin","https://www.linkedin.com/jobs/view/4420704706","","","",90,"df67935797479ecce8c2f692b93e5ecdae4a943e",False,"","Trapani","other","C",False,False,False,5.0,5.0,0.0,0.0,0.0,0.0,30.0,20.0,0.0,55.0,55.0,"D","ZONA TRAPANI | pec","pec","new",""
"li-4404276594","linkedin","https://www.linkedin.com/jobs/view/4404276594","","Commerciale - Genova FTC (12 months)","Deliveroo","","2026-06-03","fulltime","","","","","",False,"mid-senior level","Sales and Business Development","","","Business Development Manager Join us in our mission to transform the way people shop and eat, where impact, innovation, and growth drives everything we do. Our Commercial team sits at the centre of Deliveroo’s marketplace—shaping how we serve restaurants, grocers, and new verticals worldwide. From negotiating key partnerships to unlocking new revenue streams and crafting data\\-led growth strategies, we take on big challenges that move the business forward. If you thrive in fast\\-paced, commercial environments and want to influence the future of a global brand—this is the team for you. We’re looking for a **Business Development Manager** to join our **Genova** team. In this role, you’ll help us build new relationships with Genova's most premium and regarded restaurants and stores, acting as a founding member of our regional growth efforts. Get to know our Commercial team — what drives us, how we work, and what you can expect. What You’ll Be Doing You’ll be joining the **Regional Sales** team, reporting to the Sales Lead. You will be a critical driver of our expansion in Italy, focusing on high\\-end partnerships and providing a world\\-class onboarding experience for new merchants. **Here’s What Your Day\\-to\\-day Might Look Like** * Strategic Prospecting: Map, prospect, pitch, and close new restaurants across Genova, acting as an area expert who knows the local food scene and upcoming trends inside out. * Consultative Selling: Communicate with restaurant owners through physical visits, calls, and social media to demonstrate the value of Deliveroo’s technology and help them overcome any barriers to joining. * Onboarding Support: Guide partners through the joining process, ensuring they have the best possible experience as they transition onto the platform. * Relationship Building: Attend restaurant and food meet\\-ups to stay connected with the local culinary community and identify new opportunities. * Market Expertise: Use your industry knowledge to demonstrate how our products solve real\\-world challenges for premium partners. What You’ll Need to Thrive Our ideal candidate will bring strong expertise in some of these areas and curiosity to grow in others: * Sales Experience: Significant experience in targeting new business with a ""hunter"" mindset and a drive to close deals. * Negotiation Skills: A proven ability to navigate commercial discussions and structure successful partnerships. * Strong Communication: Confidence dealing with premium partners face\\-to\\-face, over the phone, and via email. * Tenacity: A resilient and motivated approach to working in a fast\\-moving, entrepreneurial environment. * Industry Knowledge: A strong understanding of the restaurant industry is a significant plus. Why Join Us? At Deliveroo, you’ll do work that matters, solving real\\-world problems in a three\\-sided marketplace that’s constantly evolving. We’re Food Lovers, Problem Solvers, Community Builders And More, Brought Together By a Shared Drive To Make Things Better. Working Here You Can Expect To 🔧 **Make a visible impact every day** Your work directly improves experiences for customers, partners and riders. 🌱 **Learn fast in an entrepreneurial environment** Work close to the market with autonomy, pace and real responsibility. 🧠 **Build a career, not just a role** Stretch yourself, develop new skills and grow as the business evolves. 🌎 **Deliver together in an inclusive culture** Collaborative, values\\-driven teams that support how you work best. We aim to create a fair process that lets your skills shine—our interview typically includes 3\\-4 stages. Find more about how we hire here. Our Global Structure Deliveroo is now part of DoorDash, bringing together teams with even greater reach, scale, and ambition. Depending on your role, you may collaborate with teammates, systems, and leaders across DoorDash and Wolt. Together, we’re unlocking new possibilities as one global team. Diversity, Equity and Inclusion At Deliveroo, we know that a great workplace reflects the world around us and that true diversity and inclusion make us stronger, more creative, and better at what we do. We’re committed to fostering an environment where everyone can do their best work and feel they belong. We believe in equality of opportunity and welcome candidates from all backgrounds regardless of age, gender, ethnicity, disability, sexual orientation, gender identity, socio\\-economic background, religion, or belief. If you have a disability or long\\-term health condition and need support to apply for one of our roles, or require any reasonable adjustments during the recruitment process, you’ll have the opportunity to let us know once you’ve submitted your application. We’ll share details on how to request support so we can ensure you have a fair and equitable experience. If you’re excited about making a real impact in a fast\\-moving marketplace and growing your career alongside ambitious, supportive teams, we’d love to hear from you!","Software Development","https://uk.linkedin.com/company/deliveroo","https://media.licdn.com/dms/image/v2/C4E0BAQHIgRVMCL9wqA/company-logo_100_100/company-logo_100_100/0/1663666898712/deliveroo_logo?e=2147483647&v=beta&t=a9MiPZBgnG_hop6Qf46J9es7tX2FsB_f6L0vT3YOC3o","","","","","","","","","","","","Sicilia","linkedin","https://www.linkedin.com/jobs/view/4404276594","","","",90,"86c967568165d19684f5e26bf8a3ae269fa73926",False,"","Sicilia","amministrazione_contabilita","C",False,False,False,40.0,40.0,0.0,0.0,0.0,0.0,15.0,0.0,0.0,55.0,55.0,"D","iva, social media","iva, social media, pec, stage","new",""
"li-4404285343","linkedin","https://www.linkedin.com/jobs/view/4404285343","","Business Development Manager - Genova FTC (12 months)","Deliveroo","","2026-06-03","fulltime","","","","","",False,"entry level","Business Development and Sales","","","Business Development Manager Join us in our mission to transform the way people shop and eat, where impact, innovation, and growth drives everything we do. Our Commercial team sits at the centre of Deliveroo’s marketplace—shaping how we serve restaurants, grocers, and new verticals worldwide. From negotiating key partnerships to unlocking new revenue streams and crafting data\\-led growth strategies, we take on big challenges that move the business forward. If you thrive in fast\\-paced, commercial environments and want to influence the future of a global brand—this is the team for you. We’re looking for a **Business Development Manager** to join our **Genova** team. In this role, you’ll help us build new relationships with Genova 's most premium and regarded restaurants and stores, acting as a founding member of our regional growth efforts. Get to know our Commercial team — what drives us, how we work, and what you can expect. What You’ll Be Doing You’ll be joining the **Regional Sales** team, reporting to the Sales Lead. You will be a critical driver of our expansion in Italy, focusing on high\\-end partnerships and providing a world\\-class onboarding experience for new merchants. **Here’s What Your Day\\-to\\-day Might Look Like** * Strategic Prospecting: Map, prospect, pitch, and close new restaurants across Genova, acting as an area expert who knows the local food scene and upcoming trends inside out. * Consultative Selling: Communicate with restaurant owners through physical visits, calls, and social media to demonstrate the value of Deliveroo’s technology and help them overcome any barriers to joining. * Onboarding Support: Guide partners through the joining process, ensuring they have the best possible experience as they transition onto the platform. * Relationship Building: Attend restaurant and food meet\\-ups to stay connected with the local culinary community and identify new opportunities. * Market Expertise: Use your industry knowledge to demonstrate how our products solve real\\-world challenges for premium partners. What You’ll Need to Thrive Our ideal candidate will bring strong expertise in some of these areas and curiosity to grow in others: * Sales Experience: Significant experience in targeting new business with a ""hunter"" mindset and a drive to close deals. * Negotiation Skills: A proven ability to navigate commercial discussions and structure successful partnerships. * Strong Communication: Confidence dealing with premium partners face\\-to\\-face, over the phone, and via email. * Tenacity: A resilient and motivated approach to working in a fast\\-moving, entrepreneurial environment. * Industry Knowledge: A strong understanding of the restaurant industry is a significant plus. Why Join Us? At Deliveroo, you’ll do work that matters, solving real\\-world problems in a three\\-sided marketplace that’s constantly evolving. We’re Food Lovers, Problem Solvers, Community Builders And More, Brought Together By a Shared Drive To Make Things Better. Working Here You Can Expect To 🔧 **Make a visible impact every day** Your work directly improves experiences for customers, partners and riders. 🌱 **Learn fast in an entrepreneurial environment** Work close to the market with autonomy, pace and real responsibility. 🧠 **Build a career, not just a role** Stretch yourself, develop new skills and grow as the business evolves. 🌎 **Deliver together in an inclusive culture** Collaborative, values\\-driven teams that support how you work best. We aim to create a fair process that lets your skills shine—our interview typically includes 3\\-4 stages. Find more about how we hire here. Our Global Structure Deliveroo is now part of DoorDash, bringing together teams with even greater reach, scale, and ambition. Depending on your role, you may collaborate with teammates, systems, and leaders across DoorDash and Wolt. Together, we’re unlocking new possibilities as one global team. Diversity, Equity and Inclusion At Deliveroo, we know that a great workplace reflects the world around us and that true diversity and inclusion make us stronger, more creative, and better at what we do. We’re committed to fostering an environment where everyone can do their best work and feel they belong. We believe in equality of opportunity and welcome candidates from all backgrounds regardless of age, gender, ethnicity, disability, sexual orientation, gender identity, socio\\-economic background, religion, or belief. If you have a disability or long\\-term health condition and need support to apply for one of our roles, or require any reasonable adjustments during the recruitment process, you’ll have the opportunity to let us know once you’ve submitted your application. We’ll share details on how to request support so we can ensure you have a fair and equitable experience. If you’re excited about making a real impact in a fast\\-moving marketplace and growing your career alongside ambitious, supportive teams, we’d love to hear from you!","Software Development","https://uk.linkedin.com/company/deliveroo","https://media.licdn.com/dms/image/v2/C4E0BAQHIgRVMCL9wqA/company-logo_100_100/company-logo_100_100/0/1663666898712/deliveroo_logo?e=2147483647&v=beta&t=a9MiPZBgnG_hop6Qf46J9es7tX2FsB_f6L0vT3YOC3o","","","","","","","","","","","","Sicilia","linkedin","https://www.linkedin.com/jobs/view/4404285343","","","",90,"bfc55ee979b28495acc61292818c9e593fd66bde",False,"","Sicilia","amministrazione_contabilita","C",False,False,False,40.0,40.0,0.0,0.0,0.0,0.0,15.0,0.0,0.0,55.0,55.0,"D","iva, social media","iva, social media, pec, stage","new",""
"li-4358223804","linkedin","https://www.linkedin.com/jobs/view/4358223804","","Product Manager - Campaign Management Platform","Shopfully","","","fulltime","","","","","",True,"associate","Product Management and Marketing","","","**We are the platform turning browsing into shopping** . We connect 200 million shoppers with deals they love while boosting local sales for hundreds of top retailers and brands. We help consumers save time and money while making smart shopping decisions, and we support retailers and brands in engaging customers from online research to in\\-store purchases. In 2024, Shopfully joined forces with the North American company Flipp, creating a global leader in the sector. Together, we reach 400 million households and serve over 1,000 top retailers and brands across 27 markets, including Europe, Canada, the USA, Latin America, and Australia. Ready to **spark** your growth with us? **WHO WE LOOK FOR 🦄** Are you ready to make an impact by leading valuable products and fostering winning collaboration across teams? We are looking for a Product Manager with hands\\-on experience in advertising and media technology, ideally from ad tech, retail media, or campaign operations backgrounds. You understand the end\\-to\\-end campaign lifecycle, targeting, delivery, and reporting, and are comfortable translating complex media requirements into actionable product features. Familiarity with Google, Meta, or programmatic platforms is highly valued. **WHAT YOU WILL DO 🏄** * Own the backlog and roadmap for the Campaign Management Platform, ensuring priorities align with business and media goals. * Translate business and media requirements into clear product features and detailed specifications. * Collaborate closely with Engineering to ensure timely and high\\-quality delivery of product initiatives. * Work with Data teams to define metrics, track performance, and continuously improve the platform. * Align with stakeholders across Sales, Media Operations, and external partners to gather feedback and ensure the platform meets user needs. **WHAT YOU WILL NEED 🪄** * 2–4\\+ years Product Management experience * Experience working on commercial digital products * Exposure to advertising, campaign management, or media platforms * Strong analytical mindset * Strong stakeholder management **NICE TO HAVE 🎆** * Ad tech or retail media experience * Knowledge of Google / Meta / programmatic ecosystems * Experience working with campaign delivery systems or marketing platforms * Experience integrating external platforms via APIs 👉 At our company, we value diversity and actively encourage it — we believe a variety of perspectives and backgrounds makes us stronger. We focus on potential rather than on having a “perfect” CV. If this role excites you and you believe you could grow into it — even if you don’t tick every single box in the requirements — we’d love to hear from you! **SALARY RANGE ⚖️ :** €30\\.000 \\- €50\\.000 per year **LOCATION 🌐** While we have an office in Milan, you can benefit from our flexible hybrid model (full\\-remote available in Europe), empowering you to work where you're most effective. Shopfully and Flipp, a leading Canadian company, are part of the same group: you’ll be hired in Europe while working directly within Flipp’s organization, in a fast\\-paced, innovative environment. Since you’ll be collaborating with colleagues across different time zones, a bit of schedule flexibility will help you stay connected with our amazing teams in Canada! If you’re excited about joining a dynamic, international team, working on cutting\\-edge projects and expanding your career globally, we’d love to hear from you! **WHAT YOU WILL FIND AT SHOPFULLY 🤗** 🌎 An opportunity to thrive in a rapidly scaling multinational company 🕶️ A vibrant, informal, and inclusive work environment 🧠 We champion autonomy, flexibility, and a hybrid work model, empowering you to own your work 📚 Access to learning opportunities and regular feedback sessions 🍓 Enjoy our central, modern offices featuring fresh snacks, coffee (including vegan options!), and ergonomic setups 🎉 Engage in meaningful team events: offsites, happy hours, company parties and celebrations that unite us beyond daily tasks 💻We provide all the necessary equipment for you to work effectively and set up your workspace, wherever you are 🧰 Benefit from additional country\\-specific advantages based on local contracts and practices **WHO WE ARE 💜** We’re a team of 450 people (and counting!), from 30 different nationalities. We’re on a mission to innovate, and we believe the key to that is seeing the world through a variety of perspectives. That’s why building a more diverse team, as well as bringing in even more talent, is so important for us. **TO FEEL AT HOME 🛋️ IN SHOPFULLY YOU NEED 🎯** * Progress Over Perfection: We move forward. Always. In a fast\\-moving world, speed with purpose beats certainty without action. Momentum matters—not for its own sake, but because it drives results. * Clarity Through Transparency: We bring each other along. We work in teams, not silos. Transparency gives context, and context enables action. That means we share decisions early, publish work in progress, and document outcomes so others can learn, move faster, and build better. * Learn Loudly: We grow by doing and by daring. Big bets unlock big breakthroughs. But real innovation demands risk, and risk always carries the possibility of failure. That’s not a flaw. It’s the price of ambition. * Challenge with Empathy: We speak up, even when it’s hard—because candor shows care, and leads to better outcomes. Listening deeply is how we grow. Disagreeing openly is how we build trust. * Always Build Better: We are builders—of products, systems, and ideas. But more than that, we are builders of better. Better has no finish line. It’s a mindset. *If you choose to apply for this specific job position and submit your application, which may include personal data such as your identifying details, contact information, curriculum vitae, cover letter, professional qualifications, and/or employment history, please be informed that your data may be shared with our Affiliates\\*, including Offerista Group GmbH and Flipp Operations Inc. The aforementioned entities will act as joint controllers for the limited purpose of intra\\-group sharing related to the evaluation of candidates’ applications. This means that your data may be processed by the Affiliate to assess your application and, if deemed suitable, to contact you regarding potential employment opportunities. However, please note that from the moment an Affiliate initiates direct contact with you and engages in any further processing of your personal data beyond the initial intra\\-group sharing for evaluation purposes, such Affiliate shall act as an independent data controller. In such cases, the processing of your personal data will be subject to the specific privacy policies that can be found here.* *Affiliates shall mean any entity that directly or indirectly controls, is controlled by or is under common control with ShopFully SpA and its Affiliates’ subsidiaries, meaning any entity which is directly or indirectly controlled by the Affiliates.*","Software Development","https://it.linkedin.com/company/shopfully","https://media.licdn.com/dms/image/v2/D4D0BAQF0j78iFEURCw/company-logo_100_100/B4DZUduPWJHwAQ-/0/1739960416095/shopfully_logo?e=2147483647&v=beta&t=d6hmI2_qvyu4KxMtdqzCtPYtjMrANv9qKcG_B81CvCg","","","","","","","","","","","","Sicilia","linkedin","https://www.linkedin.com/jobs/view/4358223804","","","",90,"eb2a294fd42e566154a8345e20cf4e1ccc67c5cb",False,"","Sicilia","amministrazione_contabilita","C",False,False,False,20.0,20.0,0.0,0.0,0.0,0.0,15.0,20.0,0.0,55.0,55.0,"D","iva, pec","iva, pec","new",""
"li-4424570110","linkedin","https://www.linkedin.com/jobs/view/4424570110","","Venditrice lavoro da remoto - fitness femminile","CB Coaching","","","fulltime","","","","","",False,"entry level","Sales and Business Development","","","**CB Coaching cerca nuove specialiste Commerciali da inserire nel team sales.** CB Coaching, azienda leader in Italia nel settore del fitness femminile, è alla ricerca di nuove commerciali. Cerchiamo sales full\\-time da inserire stabilmente per gestire appuntamenti con lead già qualificate, calde e prenotate a calendario (no ricerca clienti, no chiamate a freddo). COSA TI OFFRIAMO * Lavoro 100% da remoto * Lead calde e profilate * Appuntamenti già fissati in agenda (no telemarketing, no porta a porta) * Puntualità e precisione nei pagamenti * Lavoro in team e ambiente positivo * Rapida crescita e formazione interna continua COSA RICERCHIAMO * Disponibilità full\\-time * Voglia di imparare, lavorare sodo e crescere velocemente * Preferibile esperienza/formazione pregressa nella vendita * PC e connessione wifi stabile Per inviare la tua candidatura, clicca sul link qui sotto e compila il modulo: https://forms.gle/ujSTrsLDKz1F6Px89 *(se il link non risulta cliccabile, copialo e incollalo nel browser oppure clicca qua sull'annuncio)*","Wellness and Fitness Services","https://it.linkedin.com/company/cb-coaching","https://media.licdn.com/dms/image/v2/D4D0BAQG4NUINXqfFng/company-logo_100_100/company-logo_100_100/0/1712386075217/cb_coaching_logo?e=2147483647&v=beta&t=NjM3gEFRKvmfDhk4aFz6q_KflPXEQaxsI7mzDsPd_tQ","","","","","","","","","","","","Trapani","linkedin","https://www.linkedin.com/jobs/view/4424570110","","","",90,"27f4cc212ab20063179791caad8afeaef723ee00",False,"","Trapani","other","C",False,False,False,5.0,5.0,0.0,0.0,0.0,0.0,30.0,20.0,0.0,55.0,55.0,"D","ZONA TRAPANI | pec","pec","new",""
"","odcectrapani.it","https://www.odcectrapani.it/index.php?option=com_content&view=article&id=103&Itemid=80","https://www.odcectrapani.it/index.php?option=com_content&view=article&id=103&Itemid=80","www. odcectrapani . it › index Tirocinio","Ordine Commercialisti Trapani","Trapani","2026-06-05","","","","","","","","","","","","ODCEC Trapani | query: lavoro praticante","","","","","","","","","","","","","","","Trapani","company_site","https://www.odcectrapani.it/index.php?option=com_content&view=article&id=103&Itemid=80","","","",150,"204e68c9953a46f7c31053833f5811f29e3b184a",False,"","Trapani","other","A",False,False,False,13.0,13.0,0.0,0.0,0.0,0.0,40.0,0.0,0.0,53.0,53.0,"D","ZONA TRAPANI | praticante, tirocinio","praticante, tirocinio","new",""
"","subito.it","https://www.subito.it/offerte-lavoro/addetto-a-produzione-padova-649223984.htm","","www. subito . it › offerte- lavoro › addetto-a-produzione-padova Subito - eurofirms - ADDETTO/A PRODUZIONE - Offerte di lavoro In...","Subito.it","Trapani","2026-06-05","","","","","","","","","","","","Subito.it Fallback | Query: customer service","","","","","","","","","","","","","","","Trapani","subito_fallback","https://www.subito.it/offerte-lavoro/addetto-a-produzione-padova-649223984.htm","","","",50,"466d10ede8a4ec4a84956b3906f2979562de78ed",False,"","Trapani","customer_service_call_center","C",False,False,False,13.0,13.0,0.0,0.0,0.0,0.0,40.0,0.0,0.0,53.0,53.0,"D","ZONA TRAPANI | customer service, addetto","customer service, addetto","new",""
"li-4418382648","linkedin","https://www.linkedin.com/jobs/view/4418382648","","Tirocinio ufficio amministrativo","Sion srl","Gela, Sicily, Italy","2026-05-31","parttime","","","","","",False,"entry level","Administrative","","","**Descrizione del ruolo** Aperte le posizioni per stage/tirocini di neolaureati in economia aziendale.","Construction","https://it.linkedin.com/company/sion-srl","https://media.licdn.com/dms/image/v2/D4D0BAQElbSGDmLYPoQ/company-logo_100_100/B4DZudrZ0YJkAQ-/0/1767876960741?e=2147483647&v=beta&t=vgGxCp_NMfqlaEayn1n3IcHQ4NQ_ekLJ2tNgqpYdzhY","","","","","","","","","","","","Sicilia","linkedin","https://www.linkedin.com/jobs/view/4418382648","","","",90,"505deaf3a4518069e77a8e9cbd1a439ed8296f60",False,"","Sicilia","amministrazione_generale","C",False,False,False,18.0,18.0,0.0,20.0,0.0,0.0,15.0,0.0,0.0,53.0,53.0,"D","amministrativo, tirocinio","amministrativo, tirocinio, stage","new",""
"li-4421382007","linkedin","https://www.linkedin.com/jobs/view/4421382007","","Sales Stylist - Stage","Levi Strauss & Co.","Agira, Sicily, Italy","2026-05-30","fulltime","","","","","",False,"not applicable","Sales and Business Development","","","In qualità di Sales Stylist in Levi Strauss \\& Co., avrete l'opportunità di lavorare in un ambiente in cui si esaltano il cambiamento e le idee. Sarete il legame fondamentale tra i nostri prodotti e i clienti, offrendo un livello di assistenza e servizio clienti molto avanzato. **Parti Fondamentali Del Ruolo** * Offrire il più alto livello di assistenza ai clienti grazie al lavoro di squadra e ai valori del nostro marchio * Offrire un servizio personalizzato straordinario e assicurarsi che il cliente sia al primo posto * Supportare il team di Store Management nel raggiungimento degli obiettivi di vendita individuali e di negozio * Assistere nelle consegne e nell'organizzazione del magazzino * Essere ambasciatore del marchio **Il Nostro Candidato Ideale** * Appassionato del marchio e dei nostri valori * Orientato al consumatore e capace di offrire un ottimo servizio al cliente **Entrando a far parte di LS\\&Co., avrete diritto ad alcuni benefit straordinari, ad una retribuzione competitiva e all'opportunità di lavorare per un marchio iconico.** Oltre a lavorare per un marchio molto apprezzato in un ambiente di lavoro fantastico, avrete anche l'opportunità di sviluppare le competenze necessarie per crescere professionalmente presso Levi Strauss \\& Co. Quindi, se siete un amante di tutte ciò che ha a che fare con il denim e pensate che questo ruolo sia adatto a voi, presentate la vostra candidatura oggi stesso! **LOCATION** Agira, Italy **FULL TIME/PART TIME** Full time **Current LS\\&Co Employees, apply via your Workday account.**","Retail Apparel and Fashion, Design Services, and Retail","https://www.linkedin.com/company/levi-strauss-&-co-","https://media.licdn.com/dms/image/v2/C560BAQHhKsgcS5WuWg/company-logo_100_100/company-logo_100_100/0/1630640167746/levi_strauss__co__logo?e=2147483647&v=beta&t=cdyR1yvgVKl3sM3GXpVjl0NtdGFZvIuBqi0TXTzViKM","","","","","","","","","","","","Sicilia","linkedin","https://www.linkedin.com/jobs/view/4421382007","","","",90,"2e53573278de015266482e98fe2c5faa930c4bb4",False,"","Sicilia","amministrazione_contabilita","C",False,False,False,28.0,28.0,0.0,0.0,0.0,0.0,15.0,10.0,0.0,53.0,53.0,"D","iva, servizio clienti","iva, servizio clienti, stage","new",""
"li-4422050316","linkedin","https://www.linkedin.com/jobs/view/4422050316","","Field Sales Executive","myPOS","Palermo, Sicily, Italy","2026-05-29","fulltime","","","","","",False,"mid-senior level","Sales and Business Development","","","At myPOS, we’re all about helping businesses grow and get paid. We make payments simple, smart, and accessible for everyone, but we’re more than just payment solutions \\- myPOS is a partner in growth. From free multicurrency accounts to powerful e\\-commerce tools, we’re here to support business owners of all sizes and everyone out there who dreams of starting their own business. As we are expanding our team, we’re looking for a **Field Sales Executive** to help us make a real difference in the Fintech industry. Ready to join us and shape the future of payments? Let’s make it happen! **About the role:** As a Field Sales Executive, you will be the face of myPOS within your territory, working closely with local businesses and helping them discover smarter, simpler ways to manage their payments. This is a field\\-based role where you’ll spend most of your time meeting merchants in person, understanding their day\\-to\\-day challenges, and recommending solutions that genuinely add value to their business. You’ll have the autonomy to plan your territory, build relationships, and grow your pipeline, while being supported by a collaborative team behind you. If you enjoy meeting people, building trust quickly, and turning conversations into long\\-term partnerships, this role offers the freedom and ownership to make a real impact. **What you’ll do:** * Proactively identify and approach new business opportunities within the territory of Venice * Meet merchants face\\-to\\-face to understand their needs and present tailored myPOS solutions * Deliver clear, practical product demonstrations and guide clients through the benefits step by step * Manage the full sales cycle, from first contact to negotiation and closing * Build and maintain strong, long\\-term relationships with your clients to ensure satisfaction and growth * Plan your schedule and territory independently to prioritize high\\-potential opportunities * Represent myPOS professionally at local events, trade fairs, and within the wider business community **This role is perfect for you if you have:** * 2\\-5\\+ years of experience in B2B or field sales, with a successful track record * Confidence approaching new businesses and starting conversations with decision makers in person * A consultative mindset and genuine curiosity about understanding each client’s needs before offering solutions * The ability to build trust quickly and create long\\-term relationships * The independence and organization to manage your own schedule, territory, and priorities effectively * A valid driver’s license and willingness to travel regularly within your region * Fluency in Italian and English * Experience in fintech, payments, telecom, or relevant environments (a plus, not a must) **Why you should join myPOS:** * Vibrant international team operating in hi\\-tech environment * Annual salary reviews, promotions and performance bonuses * myPOS Academy for upskilling and training * Unlimited access to courses on LinkedIn Learning * Annual individual training and development budget * Refer a friend bonus as we know that working with friends is fun * Teambuilding, social activities and networks on a multi\\-national level **What we offer:** * Excellent compensation package (base salary \\+ uncapped commission) * 25 days annual paid leave * Health Insurance * Meal Vouchers * Travel cost reimbursement **Who we are:** Since 2014 we’ve been all about making payments easier and more accessible for businesses of all shapes and sizes. Whether you’re at the counter, selling online, or on the move, we’ve got businesses covered with smart, accessible and affordable solutions that keep things easy. Our mission? It’s simple. Help businesses get paid by taking advantage of modern tech and innovative ideas, so payment challenges are a thing of the past. **Pro tip:** Take it easy about meeting every requirement \\- this job description is just that, a job description! Even if you don’t tick every box, want you to apply anyway! This is your chance to grow, learn, and build your career with us. We value potential over perfection, and we are all about mutual growth! **Apply by filling in the form below and send your CV in English!** *myPOS is committed to providing equal employment opportunities. All qualified candidates will be considered for employment without discrimination based on age, ancestry, colour, marital status, national origin, physical or mental disability, medical condition, veteran status, race, religion, sex, sexual orientation, gender identity or expression, or any other characteristic protected by applicable laws, regulations, and ordinances.* *Your application will be confidentially reviewed in line with the General Data Protection Regulation (GDPR). Personal information will be used solely for the job application and will be stored for a period needed by the application process. Only short\\-listed candidates will be contacted. Good luck!*","Financial Services","https://uk.linkedin.com/company/mypos-official","https://media.licdn.com/dms/image/v2/D4D0BAQHZuZ_WQUUUJw/company-logo_100_100/company-logo_100_100/0/1702652524233/mypos_official_logo?e=2147483647&v=beta&t=s5u-e76kIoPbmM3t__75-AH1scUVncg-LjDCELtnEws","","","","","","","","","","","","Trapani","linkedin","https://www.linkedin.com/jobs/view/4422050316","","","",90,"dc9ab94bedf4b82270d35f335de2652ec9716c4f",False,"","Trapani","other","C",True,False,False,23.0,23.0,0.0,0.0,0.0,0.0,30.0,0.0,0.0,53.0,53.0,"D","ZONA TRAPANI | b2b, excel","b2b, excel","new",""
"li-4227615772","linkedin","https://www.linkedin.com/jobs/view/4227615772","","Sales Assistant (Full Time) - Palermo C.C. ""Forum""","JD Sports Fashion","Palermo, Sicily, Italy","","fulltime","","","","","",False,"entry level","Sales and Business Development","","","JD Sports Fashion, fondata nel 1981 con un unico negozio nel nord\\-ovest dell’Inghilterra, è ora uno dei principali retailer Multi\\-Canale della moda sportiva e outdoor in UK ed Europa. Il gruppo ha oltre 2\\.400 negozi, è orientato a diverse fasce di vendita al dettaglio, ed è orgoglioso di offrire ai propri clienti gli ultimi prodotti delle migliori marche. DESCRIZIONE DEL RUOLO Come membro del Team JD sarai responsabile di assicurare il miglior servizio possibile ai clienti ogni volta che visiteranno il negozio. Assisterai il cliente al fine di massimizzare la produttivita' dello store, superando i tuoi target di vendita e utilizzando i dispositivi presenti in negozio. MANSIONI Customer Service: * Assiste il cliente in tutte le fasi della vendita, dalla scelta all’acquisto del prodotto, assicurandosi che i target siano raggiunti; * Fornisce alternative e massimizzare le vendite sfruttando anche i canali digitali che l’azienda offre garantendo la massima soddisfazione del cliente; Visual Merchandising: * Assiste al costante mantenimento degli standard sul piano vendita, occupandosi se necessario, della pulizia degli spazi. * Verifica lo stock presente in piano vendita, sostituendolo quando necessario, al fine di garantire che l’intera gamma di taglie sia presente. REQUISITI * Esperienza nel settore Retail preferibile; * Ottime doti di comunicazione e gestione del cliente; * Predisposizione al lavoro in team e buon livello di attenzione al dettaglio. **Benefits** * Progressione di carriera * Esperienza in un contesto giovane, dinamico ed internazionale in forte espansione * Programma di assistenza ai dipendenti * Accesso al portale di convenzioni aziendali * Sconto sui prodotti Ti chiediamo di inserire nel CV l'autorizzazione al trattamento dei tuoi dati personali ai sensi del Regolamento UE n. 679/2016 e della legislazione italiana vigente. Il presente annuncio è rivolto ad entrambi i sessi, ai sensi delle leggi 903/77 e 125/91 e a persone di tutte le età e tutte le nazionalità, ai sensi dei decreti legislativi 215/03 e 216/03\\. Il gran numero di candidature che la nostra azienda attrae, richiede attenta analisi. Se non ricevi un nostro contatto entro le prime due settimane successive alla candidatura, ti preghiamo di ritenerti libero/a di valutare altre opportunita’ o tenere monitorata la nostra Career Page e seguire la nostra pagina Linkedin per rimanere aggiornato su ogni opportunità. Grazie per il tuo interesse in JD Sports!","Retail","https://uk.linkedin.com/company/jd-sports-fashion-plc","https://media.licdn.com/dms/image/v2/D4D0BAQGYjCqdR974nA/company-logo_100_100/B4DZYWKoG5HsAU-/0/1744128607254/jd_sports_fashion_plc_logo?e=2147483647&v=beta&t=fkj24a3GZ48duUlcQnNwqnuPraopE3actbMw0sSghQs","","","","","","","","","","","","Trapani","linkedin","https://www.linkedin.com/jobs/view/4227615772","","","",90,"de039ac1f090174136cfaded1f52a2e9327b8274",False,"","Trapani","amministrazione_contabilita","C",False,False,False,23.0,23.0,0.0,0.0,0.0,0.0,30.0,0.0,0.0,53.0,53.0,"D","ZONA TRAPANI | iva, customer service","iva, customer service","new",""
"","subito.it","https://www.subito.it/annunci-sicilia/vendita/cerco-lavoro/palermo/palermo/","","www. subito . it › annunci-sicilia › vendita Annunci Candidati in cerca di lavoro Palermo - Trova lavoro...","Subito.it","Italia","2026-06-05","","","","","","","","","","","","Subito.it Fallback | Query: remoto back office","","","","","","","","","","","","","","","Sicilia","subito_fallback","https://www.subito.it/annunci-sicilia/vendita/cerco-lavoro/palermo/palermo/","","","",50,"fe9e2c0db4e8d4d72430d6a47e4edff5968fe0ac",False,"","Sicilia","back_office_segreteria","C",False,False,False,15.0,15.0,0.0,0.0,0.0,0.0,15.0,20.0,0.0,50.0,50.0,"D","back office","back office","new",""
"","subito.it","https://www.subito.it/annunci-sicilia/vendita/offerte-lavoro/","","www. subito . it › annunci-sicilia › vendita Lavoro Sicilia - Offerte e annunci Subito.it","Subito.it","Italia","2026-06-05","","","","","","","","","","","","Subito.it Fallback | Query: contabilità","","","","","","","","","","","","","","","Sicilia","subito_fallback","https://www.subito.it/annunci-sicilia/vendita/offerte-lavoro/","","","",50,"a05d399b39cc37236bc195f43c0a2ffe39223d52",False,"","Sicilia","amministrazione_contabilita","C",False,False,False,15.0,15.0,0.0,20.0,0.0,0.0,15.0,0.0,0.0,50.0,50.0,"D","contabilità","contabilità","new",""
"li-4420139875","linkedin","https://www.linkedin.com/jobs/view/4420139875","","Responsabile di rete","Cooperativa Sociale Etnos","Caltanissetta, Sicily, Italy","2026-06-03","other","","","","","",False,"director","Information Technology","","oromediterraneo2026@gmail.com","La rete, sostenuta da Fondazione CON IL SUD, aggrega realtà dell’agricoltura sociale del Sud Italia con l’obiettivo di sviluppare una filiera d’eccellenza nel settore oleario, integrando innovazione sociale, sviluppo d’impresa e valorizzazione territoriale. La figura selezionata avrà un ruolo strategico nella fase di sviluppo e consolidamento della rete. Principali responsabilità • Coordinamento strategico e operativo della rete • Supervisione dello start up e dello sviluppo d’impresa • Coordinamento delle risorse umane dell’area commerciale e amministrativa • Supporto allo sviluppo della brand identity e del piano commerciale • Attivazione di partnership, networking e relazioni strategiche • Supervisione delle attività di marketing, vendita e posizionamento dei prodotti sul mercato nazionale e internazionale Requisiti richiesti • Esperienza documentata nel management d’impresa o nella gestione di reti/consorzi • Esperienza nel settore agroalimentare, preferibilmente oleario • Conoscenza delle dinamiche di commercializzazione e sviluppo mercato • Capacità di coordinamento di gruppi multidisciplinari distribuiti su più territori • Visione strategica, autonomia organizzativa e orientamento ai risultati • Disponibilità a trasferte occasionali presso le sedi della rete: Salerno, Caserta, Matera, Palermo, Caltanissetta e Roma Cosa offriamo • Collaborazione in un progetto innovativo ad alto impatto sociale ed economico • Inserimento in una rete nazionale in forte crescita • Modalità di lavoro flessibile, prevalentemente in smart working • Inquadramento commisurato all’esperienza del profilo selezionato Modalità di candidatura Inviare CV aggiornato indicando nell’oggetto: “Candidatura Manager di Rete – MR\\_2026” all’indirizzo: oromediterraneo2026@gmail.com \\#Agroalimentare \\#AgricolturaSociale \\#FoodInnovation \\#Manager \\#BusinessDevelopment \\#ReteDiImpresa \\#OlioExtravergine \\#SocialInnovation \\#SudItalia","Civic and Social Organizations","https://it.linkedin.com/company/cooperativa-sociale-etnos","https://media.licdn.com/dms/image/v2/C560BAQFF9uv22qitzQ/company-logo_100_100/company-logo_100_100/0/1645603780194/cooperativa_sociale_etnos_logo?e=2147483647&v=beta&t=5xT8IqkSzChUDTBlDgwnv_8OKoM9ry4rkpuZW53-CwY","","","","","","","","","","","","Sicilia","linkedin","https://www.linkedin.com/jobs/view/4420139875","","","",90,"0abe74f1b2c8fb0c57f1833be97bf6e2e1e57a2b",False,"","Sicilia","amministrazione_contabilita","C",False,False,False,15.0,15.0,0.0,0.0,0.0,0.0,15.0,20.0,0.0,50.0,50.0,"D","iva","iva","new",""
"li-4422869957","linkedin","https://www.linkedin.com/jobs/view/4422869957","","STAGE ADDETTO MAGAZZINO - CAPACI","Gifrab Italia S.p.A.","Palermo, Sicily, Italy","2026-06-01","fulltime","","","","","",False,"entry level","Other","","","La figura ricercata sarà inserita all'interno di uno dei nostri poli logistici supportando efficacemente tutte le attività legate al magazzino. **Nello specifico si occuperà di:** * Supportare tutte le operazioni necessarie per il ricevimento e la spedizione dei prodotti * Supportare le attività di scarico e e disimballo, ove necessario, di pedane e i colli in arrivo * Supportare lo Stoccaggio delle merci negli scaffali determinato a seconda della codificazione e della destinazione dei prodotti * Supportare la spunta delle merci in entrata ed in uscita * Coadiuvare le attività di Etichettaggio i prodotti * Seguire e supportare l’imballaggio delle merci in uscita e curare l’etichettatura per l’identificazione di colli e pedane * Imparare ad utilizzare i carrelli elevatori, transpallet, nel rispetto delle norme di sicurezza aziendali, per carico, scarico, collocazione delle pedane e dei colli sulle scaffalature * Partecipare al conteggio fisico delle merci in occasione degli inventari **Sono richiesti:** * Essere automuniti * Padronanza nell'utilizzo degli strumenti informatici * Idoneità fisica alla mansione. * Domicilio nella provincia di Palermo. * Costituirà requisito preferenziale il possesso del “Patentino Muletto”. Il profilo del candidato/a ideale è caratterizzato, da un elevato senso di responsabilità ed affidabilità, precisione ed accuratezza, gestione del tempo, problem solving, attitudine al lavoro in team, orientamento al cliente interno, gestione dello stress ed attitudine ad operare in contesti demanding. Si offre inserimento in Stage di 6 mesi, orario Full\\-time con rimborso spese mensile. Sede di lavoro: Palermo","Apparel & Fashion","https://it.linkedin.com/company/gifrab","https://media.licdn.com/dms/image/v2/D4D0BAQF2UBtramxb2A/company-logo_100_100/company-logo_100_100/0/1701164633898/gifrab_logo?e=2147483647&v=beta&t=tp7woNYXhLuRHOU-0_iAKZD7Kca70p2vWlkB_UZzuT4","","","","","","","","","","","","Trapani","linkedin","https://www.linkedin.com/jobs/view/4422869957","","","",90,"1fa2551e73d4b22151e8474bf72842d864950f5f",False,"","Trapani","concorsi_pubblici","C",False,False,False,20.0,20.0,0.0,0.0,0.0,0.0,30.0,0.0,0.0,50.0,50.0,"D","ZONA TRAPANI | addetto, pec","addetto, pec, provincia, stage","new",""
"li-4423515276","linkedin","https://www.linkedin.com/jobs/view/4423515276","","Sales Assistant - Stage Retribuito - PALERMO CC Forum","La Casa de las Carcasas","Palermo, Sicily, Italy","","fulltime","","","","","",False,"internship","Sales and Business Development","","","Ti appassiona il mondo del Retail e cerchi un ambiente giovane, dinamico e in continua evoluzione? **La Casa de las Carcasas** ti aspetta nel nostro punto vendita all'interno del **centro commerciale Forum** di **Palermo.** **Chi siamo** **La Casa de las Carcasas** è una multinazionale nata in Spagna nel 2012, oggi presente in più di 14 paesi con oltre 1000 negozi nel mondo, di cui più di 170 in Italia. Ci distinguiamo per l’ampia varietà di accessori per smartphone e tablet, ma soprattutto per l’energia delle nostre persone, la formazione continua e le opportunità di crescita. Siamo convinti che il successo dell’azienda passi dalla crescita di ogni singolo talento ✨ **Cosa farai** In qualità di **tirocinante** entrerai a far parte di un team affiatato che ti coinvolgerà in tutte le attività quotidiane del negozio. Intraprenderai un percorso di affiancamento dove imparerai tutte le tecniche e i segreti della vendita assistita, seguendo una check\\-list strutturata che allenerà le tue competenze e ti farà esprimere il tuo potenziale commerciale. **Cerchiamo Te Se** * Non hai esperienza nel campo della vendita ma hai tanta voglia di imparare; * hai passione ed entusiasmo per il Retail e la vendita assistita; * sei una persona solare e dinamica, con voglia di mettersi in gioco; * ami lavorare in team. **Cosa Offriamo** * Tirocinio di 6 mesi finalizzato all’assunzione; * 30 ore settimanali suddivise dal lunedì alla domenica con 2 giorni di riposo (turni di circa 6 ore); * rimborso mensile di 600€; * formazione completa e affiancamento sul campo; * ambiente di lavoro giovane, dinamico e collaborativo; * concrete possibilità di carriera in una realtà in espansione; * sconto dipendenti del 30%. **Work Hard, Have Fun, Be Good To Each Other 😎** *La selezione rispetta il principio delle pari opportunità (L. 903/77\\)*","Retail","https://es.linkedin.com/company/la-casa-de-las-carcasas","https://media.licdn.com/dms/image/v2/D4E0BAQHVAgZVCykU5Q/company-logo_100_100/B4EZ4qlu9jKsAI-/0/1778830996000/la_casa_de_las_carcasas_logo?e=2147483647&v=beta&t=-UX11IPvWIqBNKhFJXHoTQFqgM08_Ef-2JdSBaAyvXM","","","","","","","","","","","","Trapani","linkedin","https://www.linkedin.com/jobs/view/4423515276","","","",90,"da29d25afefbad2052d5c47bd4404125690c2170",False,"","Trapani","other","B",False,False,False,10.0,10.0,0.0,0.0,0.0,0.0,30.0,10.0,0.0,50.0,50.0,"D","ZONA TRAPANI | tirocinio, stage","tirocinio, stage","new",""
"li-4420749111","linkedin","https://www.linkedin.com/jobs/view/4420749111","","BUSINESS ANALYST","agap2 Italia","","","fulltime","","","","","",True,"associate","Consulting and Engineering","","","**CHI SIAMO** **AGAP2** è un gruppo europeo di consulenza ingegneristica operativa facente parte del ***Gruppo MoOngy.*** Presente in **14 paesi europei** con oltre **9\\.000 dipendenti** abbiamo aperto, da circa sette anni, la prima sede italiana a Milano e, vista la continua crescita, stiamo *rafforzando e ampliando* il nostro team con persone che condividano gli stessi valori della nostra società: **AMBIZIONE, SORRISO, DINAMISMO, VOGLIA DI METTERSI IN GIOCO** , il tutto in una realtà in continua evoluzione, nella quale le *relazioni umane* sono sempre al primo posto. **IL TUO RUOLO** Per un’importante opportunità in partnership con una realtà leader nel settore assicurativo, siamo alla ricerca di un **Business Analyst** con consolidata esperienza in ambito **Insurance** , da inserire all’interno di un progetto strategico a lungo termine. La risorsa inserita avrà un ruolo chiave nell’analisi dei processi e nella raccolta dei requisiti funzionali legati al ramo Vita, collaborando con stakeholder business e team tecnici al fine di supportare l’evoluzione dei processi assicurativi e delle soluzioni applicative. L’attività potrà essere svolta prevalentemente in modalità **Full Remote** , salvo eventuali richieste di presenza presso le sedi del cliente finale situate principalmente a Milano, Roma e Torino. **Responsabilità Principali** * Analisi dei processi assicurativi in ambito Vita e raccolta dei requisiti funzionali; * Interfaccia costante con stakeholder business, utenti finali e team tecnici; * Redazione della documentazione funzionale e dei flussi di processo; * Supporto nella definizione delle soluzioni applicative e nell’analisi di impatto; * Monitoraggio delle evolutive progettuali e supporto alle fasi di test e validazione; * Collaborazione con i team di sviluppo per garantire coerenza tra requisiti e soluzioni implementate; * Identificazione di criticità operative e proposta di soluzioni migliorative; * Supporto alle attività di **governance progettuale** e avanzamento lavori. **Requisiti Richiesti** * Consolidata esperienza nel ruolo di B **usiness Analyst** in ambito assicurativo; * Ottima conoscenza dei processi ramo Vita, indipendentemente dalla piattaforma utilizzata; * Esperienza nella raccolta e formalizzazione dei requisiti funzionali; * Capacità di interfacciarsi efficacemente con stakeholder business e team IT; * Ottime capacità analitiche, organizzative e di problem solving; * Esperienza nella produzione di **documentazione funzionale** e di analisi; **Cosa offriamo?** * **Contratto a tempo indeterminato / Collaborazione P.IVA;** * Opportunità di lavorare su progetti innovativi in un settore in continua evoluzione; * Ambiente di lavoro stimolante e dinamico, con **formazione continua** ; * Retribuzione commisurata all'esperienza e pacchetto benefit aziendali. ***The world needs you*** AGAP2 è un equal opportunities employer: crediamo che tutte le forme di diversità siano fonte di arricchimento reciproco. Ci impegniamo a garantire un ambiente di lavoro inclusivo, nel quale ogni singola risorsa possa apportare un valore unico alla nostra realtà. Inoltre, teniamo fede ai nostri impegni prestando attenzione alle risorse appartenenti alle categorie protette ai sensi degli articoli 1 e 18 della Legge 68/99\\. I dati personali saranno trattati in conformità alle disposizioni contenute nel regolamento UE 2016/679\\.","IT Services and IT Consulting and Insurance","https://it.linkedin.com/company/agap2-italia","https://media.licdn.com/dms/image/v2/C4D0BAQHsnlE_DC1W7w/company-logo_100_100/company-logo_100_100/0/1630580462849?e=2147483647&v=beta&t=0Ts3EhU1R_S0KTI9sgkpmcd_laFDhq8u3ev8oM3FUxA","","","","","","","","","","","","Palermo","linkedin","https://www.linkedin.com/jobs/view/4420749111","","","",90,"3715d9f6f231923a54fabab1cdfa50c5b3326a17",False,"","Palermo","amministrazione_contabilita","C",False,False,False,20.0,20.0,0.0,0.0,0.0,0.0,10.0,20.0,0.0,50.0,50.0,"D","iva, tempo indeterminato","iva, tempo indeterminato","new",""
"li-4417633860","linkedin","https://www.linkedin.com/jobs/view/4417633860","","n. 1 incarico di ricerca, ai sensi dell’art. 22-ter della legge 240/2010, della durata di n. 12 mesi TUTOR prof. Francesco Paolo Marra- Codice Concorso: I-RIC 11-2026","Dipartimento della Funzione Pubblica","Palermo, Sicily, Italy","","fulltime","","","","","",False,"internship","Design, Art/Creative, and Information Technology","","","le attività di ricerca riguarderanno la caratterizzazione agronomica e fisico\\-chimica di cultivar minori di olive da mensa, con particolare attenzione al supporto di strategie agronomiche volte a migliorarne l’attitudine alla trasformazione. A tal fine saranno analizzati i principali parametri qualitativi delle drupe, tra cui pezzatura, grado di maturazione, rapporto polpa/nocciolo, contenuto in olio e zuccheri riducenti, insieme al monitoraggio agronomico delle piante e alla raccolta dei relativi dati fisico\\-chimici. L’elaborazione dei risultati consentirà di definire il profilo varietale e di valutarne la potenziale attitudine tecnologica. Lo studio e la valorizzazione di cultivar minori per la produzione di olive da mensa in Italia saranno svolti nell’ottica del rispetto del principio DNSH e a tutela e potenziamento della biodiversità vegetale, quindi dei criteri ambientali come da reg. eu 852/2020","Government Administration","https://it.linkedin.com/company/dipartimento-della-funzione-pubblica","https://media.licdn.com/dms/image/v2/C560BAQG5QIElEtTCEQ/company-logo_100_100/company-logo_100_100/0/1630668295801?e=2147483647&v=beta&t=IkzXXOWWmAELx9PGdzAbxfBReoZmmvttzIrdOOFovgQ","","","","","","","","","","","","Trapani","linkedin","https://www.linkedin.com/jobs/view/4417633860","","","",90,"4a3eb7163b67db020e15b4c2ee7b06dbf0431c70",False,"","Trapani","amministrazione_contabilita","C",False,False,False,20.0,20.0,0.0,0.0,0.0,0.0,30.0,0.0,0.0,50.0,50.0,"D","ZONA TRAPANI | iva, concorso","iva, concorso","new",""
"","subito.it","https://www.subito.it/annunci-italia/vendita/offerte-lavoro/?q=praticante+consulente+del+lavoro","","www. subito . it Subito.it Praticante consulente del lavoro - Offerte di lavoro","Subito.it","Trapani","2026-06-05","","","","","","","","","","","","Subito.it Fallback | Query: praticante","","","","","","","","","","","","","","","Trapani","subito_fallback","https://www.subito.it/annunci-italia/vendita/offerte-lavoro/?q=praticante+consulente+del+lavoro","","","",50,"0310c90382c226229e1129538bee0e66e0cc2448",False,"","Trapani","other","C",False,False,False,8.0,8.0,0.0,0.0,0.0,0.0,40.0,0.0,0.0,48.0,48.0,"X","ZONA TRAPANI | praticante","praticante","new",""
"","subito.it","https://www.subito.it/annunci-sicilia/vendita/offerte-lavoro/?q=amministrativo","","www. subito . it › vendita › offerte- lavoro Amministrativo in Offerte di lavoro in Sicilia - Subito.it","Subito.it","Italia","2026-06-05","","","","","","","","","","","","Subito.it Fallback | Query: impiegato amministrativo","","","","","","","","","","","","","","","Sicilia","subito_fallback","https://www.subito.it/annunci-sicilia/vendita/offerte-lavoro/?q=amministrativo","","","",50,"165327cb2196efec13865cd9a679bc15ccb951af",False,"","Sicilia","amministrazione_generale","C",False,False,False,13.0,13.0,0.0,20.0,0.0,0.0,15.0,0.0,0.0,48.0,48.0,"X","amministrativo, impiegato","amministrativo, impiegato","new",""
"","subito.it","https://www.subito.it/annunci-italia/vendita/offerte-lavoro/?q=collaborazione+studio+legale","","www. subito . it › annunci-italia › vendita Subito.it Collaborazione studio legale - Offerte di lavoro","Subito.it","Trapani","2026-06-05","","","","","","","","","","","","Subito.it Fallback | Query: praticante","","","","","","","","","","","","","","","Trapani","subito_fallback","https://www.subito.it/annunci-italia/vendita/offerte-lavoro/?q=collaborazione+studio+legale","","","",50,"d593bf0f14599c733a77308ebfa4da2b1e6983f6",False,"","Trapani","other","C",False,False,False,8.0,8.0,0.0,0.0,0.0,0.0,40.0,0.0,0.0,48.0,48.0,"X","ZONA TRAPANI | praticante","praticante","new",""
"","subito.it","https://www.subito.it/annunci-italia/vendita/offerte-lavoro/?q=commessa","","www. subito . it › annunci-italia › vendita Subito.it Commessa - Offerte di lavoro","Subito.it","Trapani","2026-06-05","","","","","","","","","","","","Subito.it Fallback | Query: customer service","","","","","","","","","","","","","","","Trapani","subito_fallback","https://www.subito.it/annunci-italia/vendita/offerte-lavoro/?q=commessa","","","",50,"8239bc085409b6874491cc047edd1eeb6a70bf57",False,"","Trapani","customer_service_call_center","C",False,False,False,8.0,8.0,0.0,0.0,0.0,0.0,40.0,0.0,0.0,48.0,48.0,"X","ZONA TRAPANI | customer service","customer service","new",""
"li-4424322542","linkedin","https://www.linkedin.com/jobs/view/4424322542","","People administration manager","Bending Spoons","","2026-06-04","fulltime","","","","","",True,"entry level","Human Resources and Administrative","","","At Bending Spoons, we’re striving to build one of the all\\-time great companies. A company that serves a huge number of customers. A company where team members grow to their full potential. A company that functions at unparalleled levels of effectiveness and efficiency. A company that creates value for shareowners at an extraordinary rate. And a company that does so while adhering to high ethical standards. In pursuit of this objective, we acquire and improve digital businesses, not to sell on, but to own and operate for the long term. The transformations we make are often deep—designed to speed up innovation, benefit customers, and strengthen business performance. Here, hierarchy is minimal and teams are small and talent\\-dense. We operate established products with the ambition, agility, and urgency of a startup. Across the company, we integrate AI deeply into how we work so that human judgment and machine intelligence reinforce each other. For a talented, driven, and collaborative individual, working at Bending Spoons is an opportunity to learn, make an impact, and progress their career at an exceptionally high rate. That’s our promise to such a candidate. We close on acquisitions, restructure legal entities, and harmonize workforces across jurisdictions—often simultaneously, and always at pace. Every business we acquire comes with its own employment framework and organizational complexities—none with a ready\\-made playbook. You’ll spend far more time navigating new challenges than following established routines, and the situations you’ll face will regularly demand judgment over process. If figuring it out as you go sounds more exciting than daunting, this is the right place for you. **A few examples of your responsibilities** * Support new office launches by coordinating the administrative workstream, conducting due diligence on local requirements, and building and maintaining the administrative blueprint. * Steer the people side of extraordinary administrative operations including new business acquisitions, internal reorganizations, legal restructuring, and share option plans. * Stay up to date with workplace international laws and regulations, ensuring compliance and effective enforcement across our organizations, also in collaboration with external consultants. * Work cross\\-functionally to develop and implement exceptional employee welfare and benefits initiatives. * Manage job offers, onboarding, and offboarding end\\-to\\-end—from negotiation and visa support to administrative updates—ensuring outstanding experiences while streamlining workflows through automation and AI\\-enabled tools. **What we look for** * **Reasoning ability.** Given the necessary knowledge, you can solve complex problems. You think from first principles, and structure your ideas sharply. You resist the influence of biases. You identify and take care of the details that matter. * **Drive.** You’re extremely ambitious in everything you do—and your initiative, effort, and tenacity match the intensity of your ambition. You feel deeply responsible for your work. You hold yourself to a high—and rising—bar. * **Team spirit.** You give generously and without the expectation of receiving in return. You support the best idea, not your idea. You're always happy to get your hands dirty to help your team. You’re reliable, honest, and transparent. * **Proficiency in English.** You read, write, and speak proficiently in English. **What we offer** * **Incredibly talented, entrepreneurial teams.** You’ll work in small, result\\-oriented, autonomous teams alongside some of the brightest people in your field. * **An exceptional opportunity for growth.** We go to great lengths to hire individuals of outstanding potential—then, our priority is to put them in the ideal position to thrive. Spooners in their 20s lead products worth hundreds of millions of dollars. And if you’ve got what it takes, you’ll soon be playing an essential role in major projects, too. * **Competitive pay and access to equity in the company.** Typically, we offer individuals at the start of their career an annual salary of £56,345 in London and €54,346 elsewhere in Europe. For a candidate that we assess as possessing considerable relevant experience, the salary on offer tends to be between £68,579 and £151,436 in London, and €66,065 and €145,430 elsewhere in Europe. Compensation varies by location and expected impact, and grows rapidly as you gain experience and translate it into greater contributions. For individuals who demonstrate exceptional capability, we may offer compensation that extends beyond the usual ranges to reflect their higher expected impact. If you're offered a permanent contract, you'll also be able receive some of your pay in company equity at a discounted price, thus participating in the value creation we achieve together. If relocating to Italy, you may enjoy a 50% tax cut. * **All. These. Benefits.** Flexible hours, remote working, unlimited backing for learning and training, top\\-of\\-the\\-market health insurance, a rich relocation package, generous parental support, and a yearly retreat to a stunning location. We help each Spooner set up the conditions to do their best work. **Commitment \\& contract** Permanent or fixed\\-term. Full\\-time. **Location** Milan (Italy), London (UK), Madrid (Spain), Warsaw (Poland) or remote in selected countries. **The selection process** In our screening process, we prioritize verifiable signals of excellence, regardless of seniority. There are no preferential paths beyond what your application demonstrates, and we evaluate every candidate through the same process. Some people hold back because they feel they lack experience or have an “imperfect” CV. If you like the role and believe you could excel over time, don’t self\\-reject. All applications go through our careers page, which is the only way to be considered. If you pass our screening, you’ll be asked to complete one or more tests. They are challenging, may involve unfamiliar problems, and can take several hours. We set the bar high and won’t extend an offer until we’re confident we’ve found the right candidate. This is why a job may remain open for months or be reposted several times. We consider all applicants for employment and provide reasonable accommodations for individuals with disabilities—please let us know through this form. **Before you apply** If you’ve applied before but didn't receive an offer, we recommend waiting at least one year before applying again. Bending Spoons is a demanding environment. We’re extremely ambitious and we hold ourselves—and one another—to a high standard. While this tends to lead to extraordinary learning, achievement, and career growth, it also requires significant commitment. To help you ramp up quickly and set yourself up for success, we recommend spending your first few months working from our Milan office, regardless of your long\\-term work location. It’s the best way to rapidly absorb our company culture and build trust with your new teammates. We’ll support you with generous travel and accommodation assistance. After that, you’re welcome to work from our offices in Milan or London, or remotely from approved countries—depending on what we agree at the offer stage. If the role speaks to you and you’re excited to give your best, we’d love to hear from you. Apply now—we can’t wait to meet you.","Software Development","https://it.linkedin.com/company/bendingspoons","https://media.licdn.com/dms/image/v2/D4E0BAQHDn0lajf8A3g/company-logo_100_100/B4EZx1lwm7IEAQ-/0/1771499359405/bendingspoons_logo?e=2147483647&v=beta&t=9N6kR4clNsmlT3LFjnaBwqZZU8AK0QgcrhkqdyN2w7U","","","","","","","","","","","","Palermo","linkedin","https://www.linkedin.com/jobs/view/4424322542","","","",90,"a67b7831e83c8cd9f29ab8bc222f2dfa15e4d50a",False,"","Palermo","other","C",True,False,False,18.0,18.0,0.0,0.0,0.0,0.0,10.0,20.0,0.0,48.0,48.0,"X","excel, pec","excel, pec, stage","new",""
"li-4423845906","linkedin","https://www.linkedin.com/jobs/view/4423845906","","Data scientist","Bending Spoons","","2026-06-02","fulltime","","","","","",True,"entry level","Engineering and Analyst","","","At Bending Spoons, we’re striving to build one of the all\\-time great companies. A company that serves a huge number of customers. A company where team members grow to their full potential. A company that functions at unparalleled levels of effectiveness and efficiency. A company that creates value for shareowners at an extraordinary rate. And a company that does so while adhering to high ethical standards. In pursuit of this objective, we acquire and improve digital businesses, not to sell on, but to own and operate for the long term. The transformations we make are often deep—designed to speed up innovation, benefit customers, and strengthen business performance. Here, hierarchy is minimal and teams are small and talent\\-dense. We operate established products with the ambition, agility, and urgency of a startup. Across the company, we integrate AI deeply into how we work so that human judgment and machine intelligence reinforce each other. For a talented, driven, and collaborative individual, working at Bending Spoons is an opportunity to learn, make an impact, and progress their career at an exceptionally high rate. That’s our promise to such a candidate. **A few examples of your responsibilities** * **Design and improve data pipelines.** Contribute to the design and evolution of data systems—ensuring data is accurate, reliable, and efficiently processed across diverse tech stacks. * **Ensure data correctness and scalability.** Work closely with software engineers to validate data, define metrics, and improve the robustness of reporting and analytics systems. * **Develop internal data products and tooling.** Help build scalable solutions (e.g., reporting engines, forecasting tools) used by product teams across the company. * **Support platform\\-wide decision\\-making.** Partner with multiple teams to provide the analytical and modeling backbone for business planning and performance tracking. * **Leverage AI to accelerate work and uncover insights.** Use AI tools to move faster, surface ideas and opportunities, and study competing products and trends. **What we look for** * **Reasoning ability.** Given the necessary knowledge, you can solve complex problems. You think from first principles, and structure your ideas sharply. You resist the influence of biases. You identify and take care of the details that matter. * **Drive.** You’re extremely ambitious in everything you do—and your initiative, effort, and tenacity match the intensity of your ambition. You feel deeply responsible for your work. You hold yourself to a high—and rising—bar. * **Team spirit.** You give generously and without the expectation of receiving in return. You support the best idea, not your idea. You're always happy to get your hands dirty to help your team. You’re reliable, honest, and transparent. * **Proficiency in English.** You read, write, and speak proficiently in English. **What we offer** * **Incredibly talented, entrepreneurial teams.** You’ll work in small, result\\-oriented, autonomous teams alongside some of the brightest people in your field. * **An exceptional opportunity for growth.** We go to great lengths to hire individuals of outstanding potential—then, our priority is to put them in the ideal position to thrive. Spooners in their 20s lead products worth hundreds of millions of dollars. And if you’ve got what it takes, you’ll soon be playing an essential role in major projects, too. * **Competitive pay and access to equity in the company.** Typically, we offer individuals at the start of their career an annual salary of £85,797 in London and €66,065 elsewhere in Europe. For a candidate that we assess as possessing considerable relevant experience, the salary on offer tends to be between £112,189 and £250,512 in London, and €107,837 and €188,848 elsewhere in Europe. Compensation varies by location and expected impact, and grows rapidly as you gain experience and translate it into greater contributions. For individuals who demonstrate exceptional capability, we may offer compensation that extends beyond the usual ranges to reflect their higher expected impact. If you're offered a permanent contract, you'll also be able receive some of your pay in company equity at a discounted price, thus participating in the value creation we achieve together. If relocating to Italy, you may enjoy a 50% tax cut. * **All. These. Benefits.** Flexible hours, remote working, unlimited backing for learning and training, top\\-of\\-the\\-market health insurance, a rich relocation package, generous parental support, and a yearly retreat to a stunning location. We help each Spooner set up the conditions to do their best work. **Commitment \\& contract** Permanent or fixed\\-term. Full\\-time or part\\-time. **Location** Milan (Italy), London (UK), Madrid (Spain), Warsaw (Poland) or remote in selected countries. **The selection process** In our screening process, we prioritize verifiable signals of excellence, regardless of seniority. There are no preferential paths beyond what your application demonstrates, and we evaluate every candidate through the same process. Some people hold back because they feel they lack experience or have an “imperfect” CV. If you like the role and believe you could excel over time, don’t self\\-reject. All applications go through our careers page, which is the only way to be considered. If you pass our screening, you’ll be asked to complete one or more tests. They are challenging, may involve unfamiliar problems, and can take several hours. We set the bar high and won’t extend an offer until we’re confident we’ve found the right candidate. This is why a job may remain open for months or be reposted several times. We consider all applicants for employment and provide reasonable accommodations for individuals with disabilities—please let us know through this form. **Before you apply** If you’ve applied before but didn't receive an offer, we recommend waiting at least one year before applying again. Bending Spoons is a demanding environment. We’re extremely ambitious and we hold ourselves—and one another—to a high standard. While this tends to lead to extraordinary learning, achievement, and career growth, it also requires significant commitment. To help you ramp up quickly and set yourself up for success, we recommend spending your first few months working from our Milan office, regardless of your long\\-term work location. It’s the best way to rapidly absorb our company culture and build trust with your new teammates. We’ll support you with generous travel and accommodation assistance. After that, you’re welcome to work from our offices in Milan or London, or remotely from approved countries—depending on what we agree at the offer stage. If the role speaks to you and you’re excited to give your best, we’d love to hear from you. Apply now—we can’t wait to meet you.","Software Development","https://it.linkedin.com/company/bendingspoons","https://media.licdn.com/dms/image/v2/D4E0BAQHDn0lajf8A3g/company-logo_100_100/B4EZx1lwm7IEAQ-/0/1771499359405/bendingspoons_logo?e=2147483647&v=beta&t=9N6kR4clNsmlT3LFjnaBwqZZU8AK0QgcrhkqdyN2w7U","","","","","","","","","","","","Palermo","linkedin","https://www.linkedin.com/jobs/view/4423845906","","","",90,"9d4c2815b9a2a839096343bd57de4e112e4a2445",False,"","Palermo","other","C",True,False,False,18.0,18.0,0.0,0.0,0.0,0.0,10.0,20.0,0.0,48.0,48.0,"X","excel, pec","excel, pec, stage","new",""
"li-4423933030","linkedin","https://www.linkedin.com/jobs/view/4423933030","","Accounting & finance manager","Bending Spoons","","2026-06-02","fulltime","","","","","",True,"entry level","Finance and Accounting/Auditing","","","At Bending Spoons, we’re striving to build one of the all\\-time great companies. A company that serves a huge number of customers. A company where team members grow to their full potential. A company that functions at unparalleled levels of effectiveness and efficiency. A company that creates value for shareowners at an extraordinary rate. And a company that does so while adhering to high ethical standards. In pursuit of this objective, we acquire and improve digital businesses, not to sell on, but to own and operate for the long term. The transformations we make are often deep—designed to speed up innovation, benefit customers, and strengthen business performance. Here, hierarchy is minimal and teams are small and talent\\-dense. We operate established products with the ambition, agility, and urgency of a startup. Across the company, we integrate AI deeply into how we work so that human judgment and machine intelligence reinforce each other. For a talented, driven, and collaborative individual, working at Bending Spoons is an opportunity to learn, make an impact, and progress their career at an exceptionally high rate. That’s our promise to such a candidate. We close on acquisitions, restructure entities, and consolidate financials across jurisdictions—all at a pace that would break most finance teams. We need someone who finds that exciting, not exhausting. This role is for a technically rigorous accountant who wants to work on genuinely hard accounting problems—multi\\-entity consolidations, acquisition due diligence, US GAAP and IFRS alignment—and who has the ambition to automate everything that doesn't need a human brain attached to it. If you're the kind of person who learns a new accounting standard and immediately thinks ""how do I make sure this never has to be done manually?"", you'll thrive here. **A few examples of your responsibilities** * **Technical accounting at real depth.** Prepare and own financial statements under US GAAP, with IFRS alignment where required. Exercise judgment on revenue recognition, consolidation, and intercompany flows—in a context where the reporting framework evolves constantly as we acquire and integrate new businesses. * **Financial planning and control.** Produce reporting that actually drives decisions, collaborate with cross\\-functional teams on budget management, and ensure fiscal policies hold up as the business scales. * **Audit and controls.** Build and improve internal controls, and facilitate external and internal audits with real ownership over how financial integrity is structured. * **Equity plans.** Manage and optimize equity plans—implement, support team members on an ongoing basis, and evolve the program as it grows. **What we look for** * **Reasoning ability.** Given the necessary knowledge, you can solve complex problems. You think from first principles, and structure your ideas sharply. You resist the influence of biases. You identify and take care of the details that matter. * **Drive.** You’re extremely ambitious in everything you do—and your initiative, effort, and tenacity match the intensity of your ambition. You feel deeply responsible for your work. You hold yourself to a high—and rising—bar. * **Team spirit.** You give generously and without the expectation of receiving in return. You support the best idea, not your idea. You're always happy to get your hands dirty to help your team. You’re reliable, honest, and transparent. * **Proficiency in English.** You read, write, and speak proficiently in English. **What we offer** * **Incredibly talented, entrepreneurial teams.** You’ll work in small, result\\-oriented, autonomous teams alongside some of the brightest people in your field. * **An exceptional opportunity for growth.** We go to great lengths to hire individuals of outstanding potential—then, our priority is to put them in the ideal position to thrive. Spooners in their 20s lead products worth hundreds of millions of dollars. And if you’ve got what it takes, you’ll soon be playing an essential role in major projects, too. * **Competitive pay and access to equity in the company.** Typically, we offer individuals at the start of their career an annual salary of £85,797 in London and €66,065 elsewhere in Europe. For a candidate that we assess as possessing considerable relevant experience, the salary on offer tends to be between £112,189 and £250,512 in London, and €107,837 and €188,848 elsewhere in Europe. Compensation varies by location and expected impact, and grows rapidly as you gain experience and translate it into greater contributions. For individuals who demonstrate exceptional capability, we may offer compensation that extends beyond the usual ranges to reflect their higher expected impact. If you're offered a permanent contract, you'll also be able receive some of your pay in company equity at a discounted price, thus participating in the value creation we achieve together. If relocating to Italy, you may enjoy a 50% tax cut. * **All. These. Benefits.** Flexible hours, remote working, unlimited backing for learning and training, top\\-of\\-the\\-market health insurance, a rich relocation package, generous parental support, and a yearly retreat to a stunning location. We help each Spooner set up the conditions to do their best work. **Commitment \\& contract** Permanent or fixed\\-term. Full\\-time. **Location** Milan (Italy), London (UK), Madrid (Spain), Warsaw (Poland) or remote in selected countries. **The selection process** In our screening process, we prioritize verifiable signals of excellence, regardless of seniority. There are no preferential paths beyond what your application demonstrates, and we evaluate every candidate through the same process. Some people hold back because they feel they lack experience or have an “imperfect” CV. If you like the role and believe you could excel over time, don’t self\\-reject. All applications go through our careers page, which is the only way to be considered. If you pass our screening, you’ll be asked to complete one or more tests. They are challenging, may involve unfamiliar problems, and can take several hours. We set the bar high and won’t extend an offer until we’re confident we’ve found the right candidate. This is why a job may remain open for months or be reposted several times. We consider all applicants for employment and provide reasonable accommodations for individuals with disabilities—please let us know through this form. **Before you apply** If you’ve applied before but didn't receive an offer, we recommend waiting at least one year before applying again. Bending Spoons is a demanding environment. We’re extremely ambitious and we hold ourselves—and one another—to a high standard. While this tends to lead to extraordinary learning, achievement, and career growth, it also requires significant commitment. To help you ramp up quickly and set yourself up for success, we recommend spending your first few months working from our Milan office, regardless of your long\\-term work location. It’s the best way to rapidly absorb our company culture and build trust with your new teammates. We’ll support you with generous travel and accommodation assistance. After that, you’re welcome to work from our offices in Milan or London, or remotely from approved countries—depending on what we agree at the offer stage. If the role speaks to you and you’re excited to give your best, we’d love to hear from you. Apply now—we can’t wait to meet you.","Software Development","https://it.linkedin.com/company/bendingspoons","https://media.licdn.com/dms/image/v2/D4E0BAQHDn0lajf8A3g/company-logo_100_100/B4EZx1lwm7IEAQ-/0/1771499359405/bendingspoons_logo?e=2147483647&v=beta&t=9N6kR4clNsmlT3LFjnaBwqZZU8AK0QgcrhkqdyN2w7U","","","","","","","","","","","","Palermo","linkedin","https://www.linkedin.com/jobs/view/4423933030","","","",90,"d325fda7a470b5891e28f2d1a759ab23bed17bc3",False,"","Palermo","other","C",True,False,False,18.0,18.0,0.0,0.0,0.0,0.0,10.0,20.0,0.0,48.0,48.0,"X","excel, pec","excel, pec, stage","new",""
"","subito.it","https://www.subito.it/annunci-italia/vendita/offerte-lavoro/?q=pergola","","www. subito . it › annunci-italia › vendita Subito.it Pergola - Offerte di lavoro","Subito.it","Trapani","2026-06-05","","","","","","","","","","","","Subito.it Fallback | Query: tirocinio formativo","","","","","","","","","","","","","","","Trapani","subito_fallback","https://www.subito.it/annunci-italia/vendita/offerte-lavoro/?q=pergola","","","",50,"4993ddbf86ea97046f0853b7b412b0e9d4d1bcf8",False,"","Trapani","other","C",False,False,False,5.0,5.0,0.0,0.0,0.0,0.0,40.0,0.0,0.0,45.0,45.0,"X","ZONA TRAPANI | tirocinio","tirocinio","new",""
"","subito.it","https://www.subito.it/annunci-italia/vendita/offerte-lavoro/?q=stage+parrucchieri","","www. subito . it › vendita › offerte- lavoro Subito.it Stage parrucchieri - Offerte di lavoro","Subito.it","Trapani","2026-06-05","","","","","","","","","","","","Subito.it Fallback | Query: stage","","","","","","","","","","","","","","","Trapani","subito_fallback","https://www.subito.it/annunci-italia/vendita/offerte-lavoro/?q=stage+parrucchieri","","","",50,"64fc70f8825cd2bc1fcb0f2deb16b1c848dd9a89",False,"","Trapani","other","C",False,False,False,5.0,5.0,0.0,0.0,0.0,0.0,40.0,0.0,0.0,45.0,45.0,"X","ZONA TRAPANI | stage","stage","new",""
"","subito.it","https://www.subito.it/annunci-italia/vendita/offerte-lavoro/?q=commessa+profumeria","","www. subito . it › annunci-italia › vendita Subito.it Commessa profumeria - Offerte di lavoro","Subito.it","Trapani","2026-06-05","","","","","","","","","","","","Subito.it Fallback | Query: tirocinio formativo","","","","","","","","","","","","","","","Trapani","subito_fallback","https://www.subito.it/annunci-italia/vendita/offerte-lavoro/?q=commessa+profumeria","","","",50,"bf66a65d96c199d0963d9d8538a1ce2cab2ae366",False,"","Trapani","other","C",False,False,False,5.0,5.0,0.0,0.0,0.0,0.0,40.0,0.0,0.0,45.0,45.0,"X","ZONA TRAPANI | tirocinio","tirocinio","new",""
"","subito.it","https://www.subito.it/annunci-italia/vendita/offerte-lavoro/?q=grafico","","www. subito . it › annunci-italia › vendita Subito.it Grafico - Offerte di lavoro","Subito.it","Trapani","2026-06-05","","","","","","","","","","","","Subito.it Fallback | Query: apprendistato","","","","","","","","","","","","","","","Trapani","subito_fallback","https://www.subito.it/annunci-italia/vendita/offerte-lavoro/?q=grafico","","","",50,"cbf3ba6f3dc28f1caf64d7d4bf779528c950812a",False,"","Trapani","other","C",False,False,False,5.0,5.0,0.0,0.0,0.0,0.0,40.0,0.0,0.0,45.0,45.0,"X","ZONA TRAPANI | apprendistato","apprendistato","new",""
"","subito.it","https://www.subito.it/annunci-italia/vendita/strumenti-musicali/?q=yamaha+stage+custom","","www. subito . it › strumenti-musicali Yamaha stage custom - Strumenti musicali usati - Subito.it","Subito.it","Trapani","2026-06-05","","","","","","","","","","","","Subito.it Fallback | Query: stage","","","","","","","","","","","","","","","Trapani","subito_fallback","https://www.subito.it/annunci-italia/vendita/strumenti-musicali/?q=yamaha+stage+custom","","","",50,"913a50d7de102e5a056295cfc95f3b15633cd79e",False,"","Trapani","other","C",False,False,False,5.0,5.0,0.0,0.0,0.0,0.0,40.0,0.0,0.0,45.0,45.0,"X","ZONA TRAPANI | stage","stage","new",""
"li-4415393184","linkedin","https://www.linkedin.com/jobs/view/4415393184","","Product Owner-MIDDLE","Allcore S.p.A.","","2026-06-03","contract","","","","","",False,"associate","Product Management","","","**Allcore Mind** brand del gruppo finanziario Allcore spa è alla ricerca di un/una **Product Owner** \\- *middle* , dinamico/a con 3\\-5 anni di esperienza, capace di agire come un vero ""mini\\-CEO"" del prodotto. La figura non si limiterà alla gestione operativa del backlog, ma sarà il perno strategico tra la visione di business e la delivery tecnica, garantendo che ogni rilascio porti valore reale al mercato e sia allineato agli obiettivi societari a lungo termine. Il candidato/a ideale sarà responsabile dell'intero ciclo di vita del prodotto, operando come punto di incontro critico tra la roadmap strategica e la gestione operativa del backlog. La figura garantirà che ogni rilascio sia allineato alle esigenze del mercato, agli obiettivi di business e ai più elevati standard qualitativi. **Competenze richieste:** * **Product Roadmap:** Collaborare alla definizione della Product Vision e della strategia a lungo termine per l'ecosistema di servizi digitali * **End\\-to\\-End Product Lifecycle:** Presiedere l'intero ciclo di vita del prodotto, dalla fase di ideazione e concept development alla prioritizzazione delle feature, fino all'ottimizzazione post\\-lancio. * **Architettura delle Logiche di Prodotto:** Progettare e supervisionare le logiche funzionali della piattaforma, garantendo la scalabilità e l'integrità dei workflow tra i diversi servizi. * **Backlog Management:** Gestione e prioritizzazione del product backlog * **Documentazione :** Creazione user story, documentazione di prodotto, mappatura dei flussi e report sulle performance * Monitorare l’implementazione delle funzionalità e fornire feedback per garantire allineamento con gli obiettivi del prodotto. * **Metodologia Design Thinking:** Implementare processi di Design Thinking per identificare soluzioni innovative e user\\-centric, guidando le fasi di discovery e validazione delle ipotesi. * **Performance Governance:** Monitorare i KPI critici (ARPU, Adoption, Engagement, Retention, Revenue), trasformando i dati in insight azionabili per affinare le strategie di Go\\-To\\-Market. * **Team cross\\-funzionale:** Collaborerai sinergicamente con i dipartimenti Sviluppo, Design, Marketing e vari stakeholder per garantire il successo dei lanci . **Nice to have:** * **Vibe Coding \\& AI Literacy:** È considerata una marcia in più la dimestichezza con approcci di ""vibe coding"", utilizzando strumenti di intelligenza artificiale generativa per il prototyping rapido, la validazione di logiche funzionali o la comunicazione tecnica semplificata con il team di sviluppo. **Responsabilità del ruolo:** * Definire e contribuire all’evoluzione della Product Vision e della roadmap strategica. * Gestire il backlog di prodotto definendo priorità, user stories e criteri di accettazione. * Collaborare con i team Engineering, Design e stakeholder aziendali per garantire delivery efficaci. * Coordinare le attività di sviluppo assicurando allineamento tra obiettivi business e implementazione tecnica. * Monitorare KPI di prodotto e trasformare i dati in insight strategici. * Raccogliere feedback utenti e identificare opportunità di miglioramento continuo. * Supervisionare le logiche funzionali della piattaforma e l’evoluzione dei workflow digitali. * Supportare i lanci di nuove funzionalità e iniziative di prodotto. * Facilitare la comunicazione tra management, stakeholder e team di sviluppo software. **Offerta:** * **Contratto assunzione indet. RAL 30\\-35k, in full smartworking** * Ambiente innovativo e in forte crescita. * Possibilità di contribuire concretamente all’evoluzione del prodotto. * Team building aziendale ogni 6 mesi. * Collaborazione diretta con team tech e management. *Se vuoi contribuire alla crescita di un prodotto digitale innovativo e avere un impatto reale sull’esperienza degli utenti, Allcore Mind è il posto giusto per te.*","Software Development","https://it.linkedin.com/company/allcore-s-p-a","https://media.licdn.com/dms/image/v2/D4D0BAQEzIPRv9VlFcg/company-logo_100_100/company-logo_100_100/0/1683271372081?e=2147483647&v=beta&t=jTX2Z17utSYUQud2hWQAWfngJEMSca6ebAZ7qHnMgl0","","","","","","","","","","","","Trapani","linkedin","https://www.linkedin.com/jobs/view/4415393184","","","",90,"c5905797bb8fb93a6e0bbe59a692ea3cf07d522c",False,"","Trapani","amministrazione_contabilita","C",False,False,False,15.0,15.0,0.0,0.0,0.0,0.0,30.0,0.0,0.0,45.0,45.0,"X","ZONA TRAPANI | iva","iva","new",""
"li-4424262254","linkedin","https://www.linkedin.com/jobs/view/4424262254","","STAGE ADDETTO/A VENDITA - PALERMO CENTRO CITTÀ","Gifrab Italia S.p.A.","Palermo, Sicily, Italy","2026-06-03","fulltime","","","","","",False,"internship","Other","","","Gifrab Italia SpA, storica Azienda leader nel settore Fashion Retail, ricerca un/una risorsa da inserire in stage per attività di addetto/a alle vendite per uno dei nostri prestigiosi Store su Palermo. **MISSION DELLA POSIZIONE** La Risorsa verrà inserita all'interno di un percorso formativo finalizzato a supportare il punto vendita nell'assistenza ed orientamento del Cliente nelle operazioni e nelle scelte di acquisto sempre in un’ottica di vendita assistita, abbinando tecniche di vendita e conoscenza del prodotto, ricercando costantemente soluzioni volte alla fidelizzazione e garantendo una customer experience ed una qualità del servizio nel rispetto delle direttive e delle politiche aziendali. **ATTIVITA’ PRINCIPALI** Il candidato prescelto supporterà il punto vendita nelle seguenti attività: * Garantire l’applicazione della politica commerciale dell’azienda * Garantire la massima customer satisfaction * Accogliere, assistere, orientare e consigliare il cliente nella fase di vendita nel rispetto dei processi di vendita aziendali, comprendendone le specifiche esigenze e assicurando la cura della qualità del servizio, operando sempre in un’ottica di suggestive selling e multiple selling * Gestire le fasi del processo di vendita aziendale, presentare le caratteristiche dei prodotti e le promozioni in corso * Garantire un elevato standard di informazione verso i clienti rispetto alle caratteristiche dei prodotti * Assistere il cliente durante le fasi di post vendita * Mantenere in ordine prodotti e magazzino * Garantire l’ordine, la pulizia e l’organizzazione del punto vendita Sono richiesti: * Forte passione per il settore del Fashion Retail * Ottime capacità relazionali e comunicative * Orientamento al risultato * Ottime capacità organizzative * Buona conoscenza del pacchetto Microsoft Office * Ottima conoscenza della lingua inglese scritta e parlata Il profilo del candidato ideale è caratterizzato, oltre che da un forte interesse per il mondo del fashion, da un buon potenziale di crescita ed orientamento al risultato, attitudine al lavoro in team, orientamento al cliente interno, proattività, gestione dello stress ed attitudine ad operare in contesti demanding ed in situazioni complesse. Cerchiamo persone che con entusiasmo, passione, competenza e professionalità accompagnino e aiutino i clienti a vivere un'esperienza di acquisto unica ed emozionale garantendo bellezza e unicità. Si offre inserimento in stage di 6 mesi, impegno richiesto full time 6gg/7\\. Previsto rimborso spese mensile.","Retail","https://it.linkedin.com/company/gifrab","https://media.licdn.com/dms/image/v2/D4D0BAQF2UBtramxb2A/company-logo_100_100/company-logo_100_100/0/1701164633898/gifrab_logo?e=2147483647&v=beta&t=tp7woNYXhLuRHOU-0_iAKZD7Kca70p2vWlkB_UZzuT4","","","","","","","","","","","","Trapani","linkedin","https://www.linkedin.com/jobs/view/4424262254","","","",90,"550205c8fcfb0db45996c9709f391f0ae54b54c5",False,"","Trapani","other","C",True,False,False,15.0,15.0,0.0,0.0,0.0,0.0,30.0,0.0,0.0,45.0,45.0,"X","ZONA TRAPANI | addetto, pec","addetto, pec, stage","new",""
"li-4420723646","linkedin","https://www.linkedin.com/jobs/view/4420723646","","ENTE PARCO DELLE MADONIE","Dipartimento della Funzione Pubblica","Palermo, Sicily, Italy","","fulltime","","","","","",False,"entry level","Other","","","Atto di interpello per utilizzo in assegnazione temporanea di un Funzionario (Cat. ""D"") con competenze giuridico economiche per dodici mesi","Government Administration","https://it.linkedin.com/company/dipartimento-della-funzione-pubblica","https://media.licdn.com/dms/image/v2/C560BAQG5QIElEtTCEQ/company-logo_100_100/company-logo_100_100/0/1630668295801?e=2147483647&v=beta&t=IkzXXOWWmAELx9PGdzAbxfBReoZmmvttzIrdOOFovgQ","","","","","","","","","","","","Trapani","linkedin","https://www.linkedin.com/jobs/view/4420723646","","","",90,"b1cd77b24ea3c552e474c4eb19789d74089c26ea",False,"","Trapani","concorsi_pubblici","C",False,False,False,15.0,15.0,0.0,0.0,0.0,0.0,30.0,0.0,0.0,45.0,45.0,"X","ZONA TRAPANI | erp","erp","new",""
"li-4266643199","linkedin","https://www.linkedin.com/jobs/view/4266643199","","Revisore Junior - Palermo - Catania [ADT]","PwC Italy","Palermo, Sicily, Italy","","fulltime","","","","","",False,"associate","Marketing, Public Relations, and Writing/Editing","","","At PwC, our people in audit and assurance focus on providing independent and objective assessments of financial statements, internal controls, and other assurable information enhancing the credibility and reliability of this information with a variety of stakeholders. They evaluate compliance with regulations including assessing governance and risk management processes and related controls. In financial statement audit at PwC, you will focus on obtaining reasonable assurance about whether the financial statements as a whole are free from material misstatement, whether due to fraud or error, and to issue an auditor’s report that includes the auditor’s opinion. Driven by curiosity, you are a reliable, contributing member of a team. In our fast\\-paced environment, you are expected to adapt to working with a variety of clients and team members, each presenting varying challenges and scope. Every experience is an opportunity to learn and grow. You are expected to take ownership and consistently deliver quality work that drives value for our clients and success as a team. As you navigate through the Firm, you build a brand for yourself, opening doors to more opportunities. Examples of the skills, knowledge, and experiences you need to lead and deliver value at this level include but are not limited to: * Apply a learning mindset and take ownership for your own development. * Appreciate diverse perspectives, needs, and feelings of others. * Adopt habits to sustain high performance and develop your potential. * Actively listen, ask questions to check understanding, and clearly express ideas. * Seek, reflect, act on, and give feedback. * Gather information from a range of sources to analyse facts and discern patterns. * Commit to understanding how the business works and building commercial awareness. * Learn and apply professional and technical standards (e.g. refer to specific PwC tax and audit guidance), uphold the Firm's code of conduct and independence requirements. **Minimum years experience required** * Add here AND change text color to black or remove bullet and section title if not applicable **Additional application instructions** * Add here AND change text color to black or remove bullet and section title if not applicable","Professional Services","https://it.linkedin.com/company/pwc-italy","https://media.licdn.com/dms/image/v2/D4D0BAQFQwyi_Hzz6Ng/company-logo_100_100/B4DZaB8AMHGcAU-/0/1745936712984/pwc_italy_logo?e=2147483647&v=beta&t=QvLagIBNXV0FmKE2CPsbXn68Vzt54H-tNOU9cNekITc","","","","","","","","","","","","Sicilia","linkedin","https://www.linkedin.com/jobs/view/4266643199","","","",90,"628f418aa10d80061625d9f9b09f7f74ec8018b1",False,"","Sicilia","other","C",False,False,False,5.0,5.0,30.0,0.0,0.0,0.0,10.0,0.0,0.0,45.0,45.0,"X","pec","pec","new",""
"li-4082664794","linkedin","https://www.linkedin.com/jobs/view/4082664794","","Stage Sales Assistant - Siracusa C.C. ""Belvedere""","JD Sports Fashion","Syracuse, Sicily, Italy","2026-06-04","fulltime","","","","","",False,"entry level","Sales and Business Development","","","JD Sports Fashion, fondata nel 1981 con un unico negozio nel nord\\-ovest dell’Inghilterra, è ora uno dei principali retailer Multi\\-Canale della moda sportiva e outdoor in UK ed Europa. Il gruppo ha oltre 2\\.400 negozi, è orientato a diverse fasce di vendita al dettaglio, ed è orgoglioso di offrire ai propri clienti gli ultimi prodotti delle migliori marche. DESCRIZIONE DEL RUOLO Come parte del Team JD acquisirai le competenze necessarie ad assicurare il miglior servizio possibile ai nostri clienti. MANSIONI Customer Service: * Assiste il cliente in tutte le fasi della vendita, dalla scelta all’acquisto del prodotto, assicurandosi che i target siano raggiunti; * Fornisce alternative e massimizzare le vendite sfruttando anche i canali digitali che l’azienda offre garantendo la massima soddisfazione del cliente; Visual Merchandising: * Assiste al costante mantenimento degli standard sul piano vendita; * Verifica lo stock presente in piano vendita, sostituendolo quando necessario, al fine di garantire che l’intera gamma di taglie sia presente. REQUISITI * Preferibile anche breve esperienza in attività di contatto con il pubblico al di fuori dell’ambito Retail. * Ottime doti di comunicazione e gestione del cliente. **Benefits** * Rimborso spese mensile. * Possibilita’ di crescita interna. Ti chiediamo di inserire nel CV l'autorizzazione al trattamento dei tuoi dati personali ai sensi del Regolamento UE n. 679/2016 e della legislazione italiana vigente. Il presente annuncio è rivolto ad entrambi i sessi, ai sensi delle leggi 903/77 e 125/91 e a persone di tutte le età e tutte le nazionalità, ai sensi dei decreti legislativi 215/03 e 216/03\\. Il gran numero di candidature che la nostra azienda attrae, richiede attenta analisi. Se non ricevi un nostro contatto entro le prime due settimane successive alla candidatura, ti preghiamo di ritenerti libero/a di valutare altre opportunita’ o tenere monitorata la nostra Career Page e seguire la nostra pagina Linkedin per rimanere aggiornato su ogni opportunità. Grazie per il tuo interesse in JD Sports!","Retail","https://uk.linkedin.com/company/jd-sports-fashion-plc","https://media.licdn.com/dms/image/v2/D4D0BAQGYjCqdR974nA/company-logo_100_100/B4DZYWKoG5HsAU-/0/1744128607254/jd_sports_fashion_plc_logo?e=2147483647&v=beta&t=fkj24a3GZ48duUlcQnNwqnuPraopE3actbMw0sSghQs","","","","","","","","","","","","Sicilia","linkedin","https://www.linkedin.com/jobs/view/4082664794","","","",90,"9d1e1587efc8d1fda09ca52367dab8f6dd41e5ad",False,"","Sicilia","amministrazione_contabilita","C",False,False,False,28.0,28.0,0.0,0.0,0.0,0.0,15.0,0.0,0.0,43.0,43.0,"X","iva, customer service","iva, customer service, stage","new",""
"li-4423006441","linkedin","https://www.linkedin.com/jobs/view/4423006441","","Production Management Engineer -Internship","STMicroelectronics Italia","Catania, Sicily, Italy","2026-06-03","fulltime","","","","","",False,"not applicable","Other","","","**OUR STORY** At ST, we believe in the power of technology to drive innovation and make a positive impact on people, business, and society. We are a global semiconductor company, and our advanced technology \\& chips forms the hidden part of the world we live in today. When you join ST, you will be part of a global business of more than 115\\+ nationalities and present in 40 countries, 50,000\\+, diverse and dedicated creators \\& makers of technology around the world! Developing technologies takes more than talent: it takes amazing people who understands collaboration and respect. People with passion and desire to disrupt the status quo, push boundaries and drive innovation – whilst unlocking your own potential. Working at ST means innovating for a future that we want to make smarter, greener, in a responsible and sustainable way. Our technology starts with you. Join us and start the future! **YOUR ROLE** He/She will work within a Back\\-End R\\&D project management team that focuses on the development of new semiconductor packaging and supports the development of new semiconductor technologies based on Si, SiC, and GaN. **He/She Will Be Involved In The Following Activities** * Prepare requests for quotations from suppliers based on the needs dictated by individual projects in the start\\-up phase to estimate costs and define budgets, as well as for ongoing projects to support the execution of all individual project phases. * Prepare purchase order requests and track the deliveries of the related materials/tools/equipment ordered. * Plan material orders when the inventory levels in our laboratories fall below a certain minimum threshold. * Create/manage quarterly budget estimates based on planned/executed expenses. * Generate monthly reports of expenses incurred. * Prepare the necessary documentation to support planned investments. **Your Skills \\& Experiences** * Bachelor’s/Master’s degree in Economics or a related field * Knowledge of Excel, office suite, etc. * Fluent in English. *ST è orgogliosa di essere una delle 17 aziende certificate come Top Employer Globale 2025 e la prima e unica azienda di semiconduttori a raggiungere questa distinzione. ST è stata riconosciuta in questa classifica grazie al suo approccio di miglioramento continuo e si distingue particolarmente nelle aree di etica e integrità, scopo e valori, organizzazione e cambiamento, strategia aziendale e performance.* *In ST, ci impegniamo a promuovere un ambiente di lavoro diversificato e inclusivo, e abbiamo tolleranza zero per la discriminazione. Miriamo a reclutare e mantenere una forza lavoro diversificata che rifletta le società intorno a noi. Ci sforziamo per l'equità nello sviluppo della carriera, nelle opportunità di carriera e nella remunerazione equa. Incoraggiamo i candidati che potrebbero non soddisfare tutti i requisiti a presentare domanda, poiché apprezziamo le prospettive diverse e offriamo opportunità di crescita e apprendimento. La diversità, l'equità e l'inclusione (DEI) sono intrecciate nella nostra cultura aziendale. La nostra visione DEI è: ""In ST, puoi essere la versione autentica di te stesso"".* *Per saperne di più visita il sito: st.com/careers*","Appliances, Electrical, and Electronics Manufacturing","https://it.linkedin.com/company/stmicroelectronics-italia","https://media.licdn.com/dms/image/v2/C4E0BAQGtO46ql_coPQ/company-logo_100_100/company-logo_100_100/0/1630598175001/stmicroelectronics_italia_logo?e=2147483647&v=beta&t=iW0PCjMtrNiVFWLF5sELHcb5Afg4F6t5Ip8YTcYKzZk","","","","","","","","","","","","Sicilia","linkedin","https://www.linkedin.com/jobs/view/4423006441","","","",90,"07da141231c99313438f6b05be510670927f7d4f",False,"","Sicilia","other","C",True,False,False,28.0,28.0,0.0,0.0,0.0,0.0,15.0,0.0,0.0,43.0,43.0,"X","sap, excel","sap, excel, pec","new",""
"li-4372950846","linkedin","https://www.linkedin.com/jobs/view/4372950846","","Assistente Responsabile Governante Generale (M/F) Club Med Resort Italia o all'estero","Club Med","Palermo, Sicily, Italy","2026-06-01","fulltime","","","","","",False,"not applicable","Management and Manufacturing","","","**Sei** * Discreto/a e organizzato/a: metti a proprio agio i clienti * Attento/a: offri un servizio personalizzato ed un’esperienza unica ad ogni cliente * Preciso/a: il tuo senso del servizio è elevato unitamente alla tua grande attenzione per i dettagli **Ti Occuperai Di** * Assistere la Governante generale nel controllo dello stato di pulizia delle camere e degli spazi comuni * Segnalare eventuali malfunzionamenti al servizio di manutenzione * Rispondere alle varie esigenze e ai bisogni della clientela del resort * Essere responsabile del personale che si occupa delle pulizie (da 30 a 50 dipendenti) * Garantire lo stato degli stock, identificare le necessità di approvvigionamento e definire gli ordini * Controllare la conformità del lavoro effettuato secondo gli standard qualitativi d’alta gamma Club Med * Conoscere perfettamente il resort e lavorare in collaborazione con i servizi interessati (reception, lavanderia, ristorazione) * Garantire la qualità delle prestazioni, il rispetto delle norme di igiene e di sicurezza Club Med e la cura delle strutture Diventando un G.O Assistente Responsabile Governante Generale (M/F), potrai usufruire delle infrastrutture e delle attività proposte dal Club Med. E se lo desideri, potrai mostrare sul palco il tuo talento! **Cosa aspetti? Prepara le valigie!** *Tutte le nostre posizioni sono aperte a persone appartenenti alle categorie protette.*","Hospitality","https://fr.linkedin.com/company/club-med","https://media.licdn.com/dms/image/v2/C4E0BAQFyk0ApMsHg-Q/company-logo_100_100/company-logo_100_100/0/1679330697177?e=2147483647&v=beta&t=iKHcZcuxyKqN4Iei70I1TkrwsWsuDWWvx5ZRww9qxxQ","","","","","","","","","","","","Trapani","linkedin","https://www.linkedin.com/jobs/view/4372950846","","","",90,"0a355272c71ff79c4204d699711d73e09fc55956",False,"","Trapani","ecommerce_web_social","C",False,False,False,13.0,13.0,0.0,0.0,0.0,0.0,30.0,0.0,0.0,43.0,43.0,"X","ZONA TRAPANI | ordini, assistente","ordini, assistente","new",""
"li-4421806615","linkedin","https://www.linkedin.com/jobs/view/4421806615","","Commis de Rang for our Pool - Season 2026 - Taormina","San Domenico Palace, Taormina, a Four Seasons Hotel","Taormina, Sicily, Italy","2026-06-01","fulltime","","","","","",False,"not applicable","Customer Service","","","**About Four Seasons** Four Seasons is powered by our people. We are a collective of individuals who crave to become better, to push ourselves to new heights and to treat each other as we wish to be treated in return. Our team members around the world create amazing experiences for our guests, residents, and partners through a commitment to luxury with genuine heart. We know that the best way to enable our people to deliver these exceptional guest experiences is through a world\\-class employee experience and company culture. At Four Seasons, we believe in recognizing a familiar face, welcoming a new one and treating everyone we meet the way we would want to be treated ourselves. Whether you work with us, stay with us, live with us or discover with us, we believe our purpose is to create impressions that will stay with you for a lifetime. It comes from our belief that life is richer when we truly connect to the people and the world around us. **About the location:** Perched on a rocky promontory high above the Ionian Sea, the iconic San Domenico Palace welcomes you to a 14th\\-century convent reimagined. Swim in our clifftop infinity pool, stroll in magnificent Italian gardens, soak in the history, savour Michelin\\-starred dining and escape into a Four Seasons world of timeless beauty. **About The Role** Reporting to the Outlet Manager and supporting the Pool \\& Bar team, you will contribute to delivering an exceptional Pool \\& Bar experience through attentive, efficient, and personalized service. Your role will include assisting with food and beverage service in the pool area, supporting the setup and upkeep of service stations, delivering orders to Guests, and ensuring poolside areas are maintained to the highest standards. You will work closely with the team to create a refined, relaxed, and welcoming luxury experience for every Guest. **What You Will Do** * Support the Pool \\& Bar team in delivering food and beverages to Guests at sun loungers and tables, ensuring orders are served promptly, accurately, and professionally. * Assist in describing menu items and beverage offerings to Guests, communicating any special requests or dietary requirements to the bar and kitchen team through the hotel’s point\\-of\\-sales system. * Maintain cleanliness and organization of poolside areas, bar counters, tables, loungers, and service stations throughout the shift, ensuring all areas reflect the hotel’s luxury standards. * Assist with the setup and breakdown of the pool and bar operation, including preparation of mise en place, polishing glassware and cutlery, replenishing supplies, and organizing service equipment. * Follow all health, safety, hygiene, and service standards in line with hotel procedures. **What You Bring** * High school education or equivalent experience. * Previous experience in restaurants, bars, hotels, resorts, beach clubs, or pool operations is preferred, ideally within a luxury hospitality environment. * Positive attitude, willingness to learn, strong teamwork skills, and a passion for hospitality and Guest service. * Strong attention to detail and the ability to work efficiently in a fast\\-paced outdoor environment. * Ability to carry trays and work comfortably in an outdoor poolside setting. * Ability to read, speak, and understand English and Italian. **What We Offer** * Competitive Salary, wages, and a comprehensive benefits package * Excellent Training and Development opportunities * Complimentary Dry Cleaning for Employee Uniforms * Meals available at our Employee Restaurant * Employee Experience initiatives: from annual themed employee party to many ESG events throughout the year * Employee Recognition Programs * Opportunities to build a successful career with global potential **Schedule \\& Hours** * This is a full\\-time position * The candidate must have a flexible schedule and work also on weekends and holidays. This position is based at the San Domenico Palace in Taormina and the contract is seasonal. You must possess the legal right to work in Italy.","Travel Arrangements and Hospitality","https://it.linkedin.com/company/san-domenico-palace-taormina-a-four-seasons-hotel","https://media.licdn.com/dms/image/v2/D4D0BAQEFuNeWKjZsJA/company-logo_100_100/B4DZnISnznGsAQ-/0/1760001949409?e=2147483647&v=beta&t=FBC9U7vdYsGFYtKTMcSuc4wyOLBywprApKi_FdBzlTs","","","","","","","","","","","","Sicilia","linkedin","https://www.linkedin.com/jobs/view/4421806615","","","",90,"478adbccacc025723e07e7dce714a26f9adc4b88",False,"","Sicilia","amministrazione_contabilita","C",True,False,False,28.0,28.0,0.0,0.0,0.0,0.0,15.0,0.0,0.0,43.0,43.0,"X","iva, excel","iva, excel, pec","new",""
"li-4417254427","linkedin","https://www.linkedin.com/jobs/view/4417254427","","Avviso di mobilità volontaria, ai sensi dell’art. 30 del decreto legislativo n. 165/2001 e ss.mm.ii., per la copertura di n. 7 posti di funzione dirigenziale di livello non generale, con rapporto di","Dipartimento della Funzione Pubblica","Trapani, Sicily, Italy","","fulltime","","","","","",False,"director","Design, Art/Creative, and Information Technology","","","Ai sensi dell’art. 30 del decreto legislativo n.165/2001 e ss.mm.ii. è indetta una procedura di mobilità volontaria, per l’immissione nei ruoli del Ministero delle infrastrutture e dei trasporti di n. 7 unità di personale dirigenziale di livello non generale, con rapporto di lavoro a tempo pieno e indeterminato, riservata ai dirigenti di ruolo di livello non generale dipendenti di Pubbliche Amministrazioni di cui all’art.1, comma 2, del decreto legislativo 30 marzo 2001, n. 165, che alla data di pubblicazione del presente avviso, siano già titolari di un incarico dirigenziale di livello non generale, ai sensi dell’art. 19 comma 5 bis, del medesimo decreto legislativo, presso il Ministero delle infrastrutture e dei trasporti e lo abbiano svolto per un periodo non inferiore a sei mesi alla data di scadenza del presente bando.","Government Administration","https://it.linkedin.com/company/dipartimento-della-funzione-pubblica","https://media.licdn.com/dms/image/v2/C560BAQG5QIElEtTCEQ/company-logo_100_100/company-logo_100_100/0/1630668295801?e=2147483647&v=beta&t=IkzXXOWWmAELx9PGdzAbxfBReoZmmvttzIrdOOFovgQ","","","","","","","","","","","","Trapani","linkedin","https://www.linkedin.com/jobs/view/4417254427","","","",90,"f7fe7f4ce6f94ca4a2a36a21a979df6e2d28be1c",False,"","Trapani","other","C",False,False,False,0.0,0.0,0.0,0.0,0.0,0.0,40.0,0.0,0.0,40.0,40.0,"X","ZONA TRAPANI","","new",""
"li-4420183691","linkedin","https://www.linkedin.com/jobs/view/4420183691","","Apply HERE if you want to be a part of our Talent Pool","MGID","","2026-06-04","fulltime","","","","","",False,"associate","Sales","","","Job Description MGID is a global native advertising platform that helps brands reach unique local audiences at scale. At MGID, we empower brands and publishers to collaborate transparently through our privacy\\-first targeting technology. This enables advertisers to drive performance and awareness while allowing publishers to retain and monetize their audiences. Today, we’re creating unique technologies, and with your help, we aim to reach even higher. Are you unable to find a relevant position among our published jobs but still interested in working at MGID? We are always looking for talented individuals to join our growing company. Please join our talent pool, and we will keep your resume for future opportunities. **MGID** offers positions in various areas such as Client and Publisher Acquisition, Account Management, Customer Support, Campaign Management, Software Development, and other teams. Locations where we consider candidates: Ukraine, Italy, Germany, Spain, Poland, Singapore, Malaysia, Thailand, Vietnam, India, Brazil, US. **MGID** is an awesome place to work for those who share a **results\\-driven culture, passion** for AdTech, **innovation,** and **human focus** . We set ambitious goals, approach challenges with enthusiasm, and value honesty, transparency, and empathy. We celebrate the diversity and the unique contributions of each individual. By embracing these values, we create a culture of excellence, creativity, and empathy. We are proud to be an equal opportunity employer.","Professional Services","https://www.linkedin.com/company/mgid-inc-","https://media.licdn.com/dms/image/v2/C4D0BAQHSWSI8fhC_qw/company-logo_100_100/company-logo_100_100/0/1674553668042/mgid_inc__logo?e=2147483647&v=beta&t=NvwBlr5_NFexT2TdNN_78y2zuFIIxDmVGQaaWn8cPkQ","","","","","","","","","","","","Sicilia","linkedin","https://www.linkedin.com/jobs/view/4420183691","","","",90,"bd1ce7687143812bbb0b9b9886a50261d50ea68b",False,"","Sicilia","amministrazione_contabilita","C",False,False,False,23.0,23.0,0.0,0.0,0.0,0.0,15.0,0.0,0.0,38.0,38.0,"X","iva, excel","iva, excel","new",""
"","subito.it","https://www.subito.it/annunci-sicilia/vendita/offerte-lavoro/palermo/?q=part+time","","www. subito . it › annunci-sicilia › vendita Subito.it Part time - Offerte di lavoro a Palermo e provincia","Subito.it","Italia","2026-06-05","","","","","","","","","","","","Subito.it Fallback | Query: tirocinio formativo","","","","","","","","","","","","","","","Sicilia","subito_fallback","https://www.subito.it/annunci-sicilia/vendita/offerte-lavoro/palermo/?q=part+time","","","",50,"335cc3ecb632ade01ed0231f8095a65a1e9b7f36",False,"","Sicilia","concorsi_pubblici","C",False,False,False,10.0,10.0,0.0,0.0,0.0,0.0,15.0,10.0,0.0,35.0,35.0,"X","provincia, tirocinio","provincia, tirocinio","new",""
"","subito.it","https://www.subito.it/annunci-sicilia/vendita/offerte-lavoro/palermo/cinisi/","","www. subito . it › annunci-sicilia › vendita Lavoro Cinisi - Offerte e annunci Subito.it","Subito.it","Italia","2026-06-05","","","","","","","","","","","","Subito.it Fallback | Query: smart working","","","","","","","","","","","","","","","Sicilia","subito_fallback","https://www.subito.it/annunci-sicilia/vendita/offerte-lavoro/palermo/cinisi/","","","",50,"11846e04e9e7b8ffaa6449a4c6418f5f3acc8b66",False,"","Sicilia","other","C",False,False,False,0.0,0.0,0.0,0.0,0.0,0.0,15.0,20.0,0.0,35.0,35.0,"X","","","new",""
"","epso.europa.eu","https://epso.europa.eu/","","EU Careers - EPSO","🌍 Opportunità Unione Europea","Europa","2026-06-05","","","","","","","","","","","","Concorsi per lavorare nelle istituzioni europee (anche per diplomati)","","","","","","","","","","","","","","","Europa","opportunita_giovani","https://epso.europa.eu/","In Sede","ue","🌍 Opportunità Unione Europea",50,"970252c7f78a42129c16420609396221af3d5280",False,"","Europa","other","C",False,False,False,15.0,15.0,20.0,0.0,0.0,0.0,0.0,0.0,0.0,35.0,35.0,"X","diplomati","diplomati","new",""
"li-4424183420","linkedin","https://www.linkedin.com/jobs/view/4424183420","","Account manager vendita diretta","Ermes - Gas & Power","Palermo, Sicily, Italy","","other","","","","","",False,"mid-senior level","Sales and Business Development","","","Ermes Gas \\& Power è una realtà strutturata e in costante crescita nel settore utilities, specializzata nella fornitura di energia elettrica e gas e nello sviluppo di soluzioni di efficientamento energetico per imprese e professionisti. L’azienda si distingue per un approccio consulenziale concreto, trasparente e orientato alla sostenibilità, con energia proveniente da fonti rinnovabili certificate e un modello organizzativo solido e meritocratico. Per potenziamento e sviluppo della rete commerciale della Sicilia Orientale selezioniamo una figura di Area Manager. Responsabilità: • Sviluppo della rete consulenti • Inserimento e affiancamento di nuove risorse • Supporto strategico e commerciale al team • Sviluppo relazioni con aziende e PMI del territorio • Contributo alla crescita strutturata dell’area di competenza Requisiti: • Esperienza nel settore energia / utilities o nel coordinamento reti vendita • Capacità organizzative e di leadership • Mentalità orientata allo sviluppo e alla costruzione di team • Professionalità e visione di lungo periodo Offriamo: • Possibilità concreta di valutare inserimento con contratto di assunzione per profili con squadra da tre agenti di commercio; • Inserimento in un progetto strutturato e in espansione • Supporto marketing e operativo centralizzato • Formazione continua e crescita manageriale","Utilities","https://it.linkedin.com/company/ermesgaspower","https://media.licdn.com/dms/image/v2/C560BAQF838ec5EXxPA/company-logo_100_100/company-logo_100_100/0/1630599728069/ermesgaspower_logo?e=2147483647&v=beta&t=aFX192_J105bQ96fo9qcoWnRighnFGYdKH4UGrYW_88","","","","","","","","","","","","Trapani","linkedin","https://www.linkedin.com/jobs/view/4424183420","","","",90,"67d846b52e56d698520fdec334863907c7808dae",False,"","Trapani","other","C",False,False,False,5.0,5.0,0.0,0.0,0.0,0.0,30.0,0.0,0.0,35.0,35.0,"X","ZONA TRAPANI | pec","pec","new",""
"li-4420730294","linkedin","https://www.linkedin.com/jobs/view/4420730294","","Concorso pubblico su base territoriale, per esami, per il reclutamento di 38 funzionari con competenze giuridiche da inquadrare nei ruoli dei Comuni - Codice GIU","Dipartimento della Funzione Pubblica","Sicily, Italy","","fulltime","","","","","",False,"entry level","Other","","","E' indetto un concorso pubblico su base territoriale, **per esami** , per il reclutamento di un contingente complessivo di **n. 36 funzionari con competenze giuridiche** da inquadrare nei ruoli dei Piccoli Comuni. **Valutazione** : Per esami **Stato** : APERTO **Data chiusura invio candidature:** 23/06/2026 **Numero di posti:** 36 **Candidati su inPA**","Government Administration","https://it.linkedin.com/company/dipartimento-della-funzione-pubblica","https://media.licdn.com/dms/image/v2/C560BAQG5QIElEtTCEQ/company-logo_100_100/company-logo_100_100/0/1630668295801?e=2147483647&v=beta&t=IkzXXOWWmAELx9PGdzAbxfBReoZmmvttzIrdOOFovgQ","","","","","","","","","","","","Sicilia","linkedin","https://www.linkedin.com/jobs/view/4420730294","","","",90,"3369cb6fa1fec9aec67423dae54ae3911bc403e1",False,"","Sicilia","concorsi_pubblici","C",False,False,False,20.0,20.0,0.0,0.0,0.0,0.0,15.0,0.0,0.0,35.0,35.0,"X","concorso pubblico, concorso","concorso pubblico, concorso","new",""
"li-4420723639","linkedin","https://www.linkedin.com/jobs/view/4420723639","","Concorso pubblico su base territoriale, per esami, per il reclutamento di 32 funzionari con competenze digitali da inquadrare nei ruoli dei Comuni - Codice DIG","Dipartimento della Funzione Pubblica","Sicily, Italy","","fulltime","","","","","",False,"entry level","Other","","","Concorso pubblico su base territoriale, **per esami** , per il reclutamento di un contingente complessivo di **n. 32 funzionari con competenze digitali** da inquadrare nei ruoli dei Piccoli Comuni. **Valutazione** : Per esami **Stato** : APERTO **Data chiusura invio candidature:** 23/06/2026 **Numero di posti:** 32 **Candidati su inPA**","Government Administration","https://it.linkedin.com/company/dipartimento-della-funzione-pubblica","https://media.licdn.com/dms/image/v2/C560BAQG5QIElEtTCEQ/company-logo_100_100/company-logo_100_100/0/1630668295801?e=2147483647&v=beta&t=IkzXXOWWmAELx9PGdzAbxfBReoZmmvttzIrdOOFovgQ","","","","","","","","","","","","Sicilia","linkedin","https://www.linkedin.com/jobs/view/4420723639","","","",90,"1196d54d8fdba3a35fe7244f2fa4fd9d551c220f",False,"","Sicilia","concorsi_pubblici","C",False,False,False,20.0,20.0,0.0,0.0,0.0,0.0,15.0,0.0,0.0,35.0,35.0,"X","concorso pubblico, concorso","concorso pubblico, concorso","new",""
"li-4420754316","linkedin","https://www.linkedin.com/jobs/view/4420754316","","Senior Regional Partner Manager, Italy","Wiz","","","fulltime","","","","","",False,"mid-senior level","Business Development and Sales","","","Come join the company that is reinventing cloud security and empowering businesses to thrive in the cloud. As the fastest\\-growing startup ever, Wiz is on a mission to help organizations secure cloud environments that will accelerate their businesses. Trusted by security teams all over the world, we have a proven track record of success and a culture that values world\\-class talent. Our Wizards from over 20 countries work together to protect the infrastructure of our hundreds of customers, including over 50% of the Fortune 100, who trust us to scan and secure over 230 billion files daily. We’re the leading player in a massive and growing market, but it’s still early enough for you to make a significant impact. At Wiz, you’ll have the freedom to think creatively, dream big, and use your full range of skills to contribute to our record growth. Come join our team and help us create secure cloud environments that allow the best companies to move faster. **Hiring Location: Italy** **SUMMARY** We’re looking for a **Regional Partner Manager \\- Mediterranean** . In this role, you will report to the **RVP, Channels and Alliances EMEA** , and work alongside a team of Wizards in the region. You will be focused on building scalable routes to market with all partners in your region to reach customers and solve their cloud security challenges. You will help us design, build, and execute a successful channel strategy across the region. **WHAT YOU’LL DO** * Own relationships for all partners in Italy and Mediterranean. * Drive the regional partnering strategy to achieve jointly agreed pipeline generation, enablement and business objectives for the region. * Partner with the global channel and regional field Wiz sales and technical teams to build a joint business plan for the partnering strategy in region. * Drive and lead the internal enablement on the partner go\\-to\\-market and value for the region. * Develop and Execute Business Plans with named Partner Accounts in the region. * Drive Account mapping activities with Partner Sellers and Wiz Sellers. * Support and contribute to regional and channel team meetings to present updates on the regional performance and progress. * Share partnering best practice with Wiz Sellers and Specialist teams. * Influence the regional partners' cloud strategy on targeted accounts. * Proactive/reactive account knowledge of cloud spend and commitments, account info, billing contact, etc. * Go\\-to contact for any partner activities support in sales cycle of deals in your region regardless of Partnership type. * Own escalations and ensure any challenges are resolved. * Hold Partners accountable for Wiz Partner Rules of Engagement Tactical Execution: * Partner Application management and administration * Own Reseller Agreement process while collaborating with Wiz Legal * MNDA, OTRA, master agreements, order forms * Deliver Wiz First Meeting Pitch to Partner teams * Align with Wiz Marketing on regional strategy with Partners * Work with field marketing on driving attendance, and communicate follow up strategy * Manage available budgets (and spiff promotion, execution) * ACE management of Incoming ACE deals via Workspan integration in SFDC * Deal Registration Qualification and administration * Manage deals alongside Wiz Sellers to ensure smooth partner engagement * Track private offers and work with Wiz Seller, Partner Operations to ensure the deal runs smoothly * Partner team forecasting ensuring proper deal management and engagement in opportunities * Weekly reports updates to teams supported and leadership **WHAT YOU’LL BRING** * Process Oriented. You pay attention to the details. * Channel Leadership. You know how to find the right partner for the right opportunity and to achieve the regional objectives. * Team Player. Selling is a team sport. * Experience in channel recruitment and onboarding. * SaaS Channel Experience. * Consistent track record of meeting and exceeding targets. * Cloud Service Provider Marketplace experience (AWS, Azure, GCP, etc). *Applicants must have the legal right to work in the country where the position is based, without the need for visa sponsorship. This role does not offer visa sponsorship .* Wiz is an equal opportunity employer. We do not discriminate based upon race, religion, color, national origin, sex (including pregnancy, childbirth, reproductive health decisions, or related medical conditions), sexual orientation, gender identity, gender expression, age, status as a protected veteran, status as an individual with a disability, genetic information, political views or activity, or other applicable legally protected characteristics. By submitting your application, you acknowledge that Wiz will process your personal data in accordance with Wiz's Privacy Policy.","Computer and Network Security","https://www.linkedin.com/company/wizsecurity","https://media.licdn.com/dms/image/v2/C560BAQEHFdqwvI6ShA/company-logo_100_100/company-logo_100_100/0/1654720940433/wizsecurity_logo?e=2147483647&v=beta&t=aUAirDOf_WCbcEc0ZcTrqMne9ZiWO_yG9N4EHX67SD4","","","","","","","","","","","","Sicilia","linkedin","https://www.linkedin.com/jobs/view/4420754316","","","",90,"1ba03f944081732706628ca1062714da39a9cbde",False,"","Sicilia","amministrazione_contabilita","C",False,False,False,20.0,20.0,0.0,0.0,0.0,0.0,15.0,0.0,0.0,35.0,35.0,"X","iva, pec","iva, pec","new",""
"li-4424713340","linkedin","https://www.linkedin.com/jobs/view/4424713340","","Field Technical Engineer - Freelance","Bitrock","","","contract","","","","","",True,"associate","Information Technology","","hr@fortitudegroup.it","**Who we are** Bitrock is a high\\-end consulting and system integration company, **strongly committed to offering cutting\\-edge and innovative solutions** . Our tailored consulting services enable our clients to preserve the value of legacy investments while migrating to more efficient systems and infrastructure. We take a holistic approach to technology: we consider each system in its totality, as a set of interconnected elements that work together to meet business needs. We thrive on overcoming challenges to help our clients reach their goals, by supporting them in the following areas: Data, AI \\& ML Engineering; Back\\-end Engineering, Platform Engineering, Front\\-end Engineering, Product Design \\& UX Engineering, Mobile App Development, Quality Assurance, FinOps, GovernanceThe effectiveness our solutions also stems from **partnerships** with key technology vendors, like HashiCorp, Confluent, Lightbend, Databricks, and Meterian. **What you will do:** We are seeking experienced **Field Technical Engineer (freelance)** to join our growing team at Bitrock to provide assistance at L2 level. **What we need from you:** * Basic knowledge of languages such as Java, JavaScript, React * Knowledge of relational databases (MySQL) and non\\-relational databases (MongoDB) * Knowledge of log monitoring tools like Grafana and Kibana * Basic knowledge of AWS and Azure cloud architectures * Foundational knowledge of Kafka * Knowledge of REST APIs * Ability to understand and manage SLAs * **Italian first and English language (level C1\\)** **Tasks performed by this role during AM activities:** * Analysis of problems on interconnected applications in various modes (REST APIs, Change Data Capture, Kafka streaming) * Read\\-only queries on relational and non\\-relational databases (no data modification) * Non\\-regression and smoke testing based on pre\\-compiled execution plans * Interaction with the client for problem replication * Interaction with other work groups for problem resolution * Constant communication with the Service Manager for criticality management Additional Considerations: * **Available to work on shift to cover 24/7 service** * Should understand service management frameworks and ITIL processes * Ability to perform root cause analysis and create technical documentation * Understanding of non\\-regression testing and patch management **Start:** from july 2026 **Duration of engagement:** 1 year **Full remote** **Recruitment process:** Our recruitment process has 2 stages: * First discovery interview with our HR team * Technical interview with our Service Manager **How to apply:** * You can apply via LinkedIn or send your cv to hr@fortitudegroup.it","IT Services and IT Consulting","https://it.linkedin.com/company/bitrock-srl","https://media.licdn.com/dms/image/v2/C4D0BAQEryl5zoRPAdA/company-logo_100_100/company-logo_100_100/0/1630558667466/bitrock_srl_logo?e=2147483647&v=beta&t=diHNLEHAfR2sX1NxMhBZvDSa7KCyCTKg9G_g69xx8XA","","","","","","","","","","","","Palermo","linkedin","https://www.linkedin.com/jobs/view/4424713340","","","",90,"071b643f41c348d76c64c59f6d4aeb7e8329efe2",False,"","Palermo","other","C",True,False,False,5.0,5.0,0.0,0.0,0.0,0.0,10.0,20.0,0.0,35.0,35.0,"X","stage","stage","new",""
"li-4421140132","linkedin","https://www.linkedin.com/jobs/view/4421140132","","𝐀𝐝𝐝𝐞𝐭𝐭𝐨/𝐚 𝐜𝐨𝐦𝐦𝐞𝐫𝐜𝐢𝐚𝐥𝐞 internazionale","MT ORTHO","","","fulltime","","","","","",False,"internship","Sales and Business Development","","","In MT Ortho ricerchiamo una nuova risorsa da inserire come 𝐀𝐝𝐝𝐞𝐭𝐭𝐨/𝐚 𝐜𝐨𝐦𝐦𝐞𝐫𝐜𝐢𝐚𝐥𝐞 settore internazionale, con un ruolo di supporto nelle attività necessarie a garantire il corretto funzionamento dei processi di vendita, della gestione degli ordini e delle attività operative collegate in ambito internazionale. La figura si occuperà della 𝐛𝐨𝐥𝐥𝐞𝐭𝐭𝐚𝐳𝐢𝐨𝐧𝐞, della 𝐠𝐞𝐬𝐭𝐢𝐨𝐧𝐞 𝐝𝐞𝐥𝐥𝐚 𝐟𝐚𝐭𝐭𝐮𝐫𝐚𝐳𝐢𝐨𝐧𝐞, del 𝐫𝐞𝐢𝐧𝐭𝐞𝐠𝐫𝐨 𝐞 𝐝𝐞𝐥𝐥𝐚 𝐠𝐞𝐬𝐭𝐢𝐨𝐧𝐞 𝐝𝐞𝐥 𝐦𝐚𝐭𝐞𝐫𝐢𝐚𝐥𝐞 𝐝𝐢 𝐦𝐚𝐠𝐚𝐳𝐳𝐢𝐧𝐨, delle attività di 𝐢𝐧𝐯𝐞𝐧𝐭𝐚𝐫𝐢𝐨 e della 𝐠𝐞𝐬𝐭𝐢𝐨𝐧𝐞 𝐝𝐞𝐥𝐥𝐞 𝐬𝐩𝐞𝐝𝐢𝐳𝐢𝐨𝐧𝐢 𝐚𝐥𝐥’𝐞𝐬𝐭𝐞𝐫𝐨, con attenzione agli iter doganali e alla documentazione richiesta. Richiediamo: • esperienza di almeno due anni in un ruolo analogo; • 𝐥𝐚𝐮𝐫𝐞𝐚 𝐢𝐧 𝐄𝐜𝐨𝐧𝐨𝐦𝐢𝐚 𝐨 𝐝𝐢𝐩𝐥𝐨𝐦𝐚 𝐢𝐧 𝐚𝐦𝐛𝐢𝐭𝐨 𝐚𝐦𝐦𝐢𝐧𝐢𝐬𝐭𝐫𝐚𝐭𝐢𝐯𝐨/𝐜𝐨𝐦𝐦𝐞𝐫𝐜𝐢𝐚𝐥𝐞; • conoscenza della lingua inglese di livello C1; • ottima padronanza del pacchetto Office, in particolare 𝐖𝐨𝐫𝐝 𝐞𝐝 𝐄𝐱𝐜𝐞𝐥 𝐚 𝐥𝐢𝐯𝐞𝐥𝐥𝐨 𝐚𝐯𝐚𝐧𝐳𝐚𝐭𝐨; • eccellenti capacità di comunicazione verbale e scritta, orientamento al cliente, capacità relazionali e un approccio proattivo alla risoluzione dei problemi. L’esperienza con il 𝐠𝐞𝐬𝐭𝐢𝐨𝐧𝐚𝐥𝐞 𝐒𝐀𝐏 sarà considerata un elemento preferenziale.","International Trade and Development","https://it.linkedin.com/company/mt-ortho-srl","https://media.licdn.com/dms/image/v2/C510BAQGSsbQIRaUycw/company-logo_100_100/company-logo_100_100/0/1631356517475?e=2147483647&v=beta&t=eUshaaJAhhctEMKmJG-NvQwhg-o1qa4ovMbLP89_OBg","","","","","","","","","","","","Sicilia","linkedin","https://www.linkedin.com/jobs/view/4421140132","","","",90,"c705cc80267d86855aad3b1361de7ec6ddf59db4",False,"","Sicilia","ecommerce_web_social","C",True,False,False,16.0,16.0,0.0,0.0,0.0,0.0,15.0,0.0,0.0,31.0,31.0,"X","ordini, pacchetto office","ordini, pacchetto office","new",""
"li-4418350341","linkedin","https://www.linkedin.com/jobs/view/4418350341","","SALES AMBASSADOR | ENNA","Cosine Italy","Enna, Sicily, Italy","2026-05-30","fulltime","","","","","",False,"entry level","Sales and Business Development","","","Descrizione azienda **Vuoi un mini spoiler su Cosine Italy?** Siamo parte di un gruppo internazionale e collaboriamo con i maggiori brand mondiali combinando dati, informazioni, competenza e creatività per impostare strategie di vendita efficaci. Lavoriamo con grinta e motivazione per sviluppare strategie e customer experience a supporto di ogni fase del processo di vendita dei nostri clienti. Non abbiamo paura di osare! In Cosine Italy avrai la grande opportunità di entrare a far parte di una realtà solida e dinamica dove formarti e sviluppare la tua carriera in un settore in crescita e in un ambiente giovane, innovativo e super stimolante. Un’esperienza che ti metterà a contatto con i brand e le aziende più importanti in Italia. Candidati e… magari ci vediamo a bordo! Posizione Abbiamo un'opportunità per te come **Sales Ambassador** Se possiedi un forte spirito commerciale, questa è l'opportunità che fa per te. Come Sales Ambassador, avrai la possibilità di mettere in pratica il tuo talento per le vendite, gestendo la tua zona e lavorando con un cliente di riferimento, leader nel settore dei servizi di pagamento. Ti offriamo la libertà e la flessibilità di organizzare il tuo lavoro secondo i tuoi ritmi e impegni, perché siamo convinti che una buona qualità della vita si riflette positivamente nei risultati professionali. **Ma cosa farai esattamente?** * Effettuerai visite presso i punti vendita della tua zona, gestendo attività di procacciamento e lavorazione di liste di potenziali clienti; * Promuoverai l'adesione al sistema di pagamento offerto dall'azienda; * Concluderai contratti per il servizio proposto. Requisiti Sei la persona giusta? Ecco cosa cerchiamo: * Esperienza pregressa in ambito commerciale è un vantaggio, ma accogliamo anche chi è pronto a partire da zero; * Interesse per il settore Finance; * Doti comunicative e capacità di creare facilmente rapporti positivi; * Entusiasmo e desiderio di crescere; * Patente B e un mezzo di trasporto a disposizione. Unisciti a noi e inizia la tua avventura come Sales Ambassador in Cosine Italy! Candidati ora e preparati a raggiungere nuove vette con il nostro team dinamico e vincente, ci vediamo a bordo!","Retail","https://it.linkedin.com/company/cosine-italy","https://media.licdn.com/dms/image/v2/C4D0BAQHdNfcfJMjrGw/company-logo_100_100/company-logo_100_100/0/1677844482055/cosine_italy_logo?e=2147483647&v=beta&t=AbFnj2rKhphd3GrylSkxODY8tvlpyqof6DTe0-qD_VA","","","","","","","","","","","","Sicilia","linkedin","https://www.linkedin.com/jobs/view/4418350341","","","",90,"583151a387e8d9548ecdbe8899a5ac6b31fcccd4",False,"","Sicilia","amministrazione_contabilita","C",False,False,False,15.0,15.0,0.0,0.0,0.0,0.0,15.0,0.0,0.0,30.0,30.0,"X","iva","iva","new",""
"li-4417643614","linkedin","https://www.linkedin.com/jobs/view/4417643614","","BANDO PER IL CONFERIMENTO DI n. 1 BORSA DI RICERCA,NELL’AMBITO DEL PROGETTO “INGOAL” CREA – DC PALERMO","Dipartimento della Funzione Pubblica","Palermo, Sicily, Italy","","fulltime","","","","","",False,"entry level","Other","","","BANDO PER IL CONFERIMENTO DI n. 1 BORSA DI RICERCA, TRAMITE SELEZIONE PUBBLICA PER TITOLI E COLLOQUIO, NELL’AMBITO DEL PROGETTO “INGOAL” (OB.FU 1\\.99\\.09\\.36\\.00 * CUP C53C25000410005\\) * SEDE DI RIFERIMENTO: CREA * DC PALERMO CODICE BANDO: DC\\_05/2026\\_BS\\_PA\\_INGOAL","Government Administration","https://it.linkedin.com/company/dipartimento-della-funzione-pubblica","https://media.licdn.com/dms/image/v2/C560BAQG5QIElEtTCEQ/company-logo_100_100/company-logo_100_100/0/1630668295801?e=2147483647&v=beta&t=IkzXXOWWmAELx9PGdzAbxfBReoZmmvttzIrdOOFovgQ","","","","","","","","","","","","Trapani","linkedin","https://www.linkedin.com/jobs/view/4417643614","","","",90,"b2d2a7512faa0405f12cf800ac7224d586da59b9",False,"","Trapani","other","C",False,False,False,0.0,0.0,0.0,0.0,0.0,0.0,30.0,0.0,0.0,30.0,30.0,"X","ZONA TRAPANI","","new",""
"li-4417248785","linkedin","https://www.linkedin.com/jobs/view/4417248785","","Avviso di mobilità volontaria, ai sensi dell’art. 30 del decreto legislativo n. 165/2001 e ss.mm.ii., per la copertura di n. 7 posti di funzione dirigenziale di livello non generale, con rapporto di","Dipartimento della Funzione Pubblica","Palermo, Sicily, Italy","","fulltime","","","","","",False,"director","Design, Art/Creative, and Information Technology","","","Ai sensi dell’art. 30 del decreto legislativo n.165/2001 e ss.mm.ii. è indetta una procedura di mobilità volontaria, per l’immissione nei ruoli del Ministero delle infrastrutture e dei trasporti di n. 7 unità di personale dirigenziale di livello non generale, con rapporto di lavoro a tempo pieno e indeterminato, riservata ai dirigenti di ruolo di livello non generale dipendenti di Pubbliche Amministrazioni di cui all’art.1, comma 2, del decreto legislativo 30 marzo 2001, n. 165, che alla data di pubblicazione del presente avviso, siano già titolari di un incarico dirigenziale di livello non generale, ai sensi dell’art. 19 comma 5 bis, del medesimo decreto legislativo, presso il Ministero delle infrastrutture e dei trasporti e lo abbiano svolto per un periodo non inferiore a sei mesi alla data di scadenza del presente bando.","Government Administration","https://it.linkedin.com/company/dipartimento-della-funzione-pubblica","https://media.licdn.com/dms/image/v2/C560BAQG5QIElEtTCEQ/company-logo_100_100/company-logo_100_100/0/1630668295801?e=2147483647&v=beta&t=IkzXXOWWmAELx9PGdzAbxfBReoZmmvttzIrdOOFovgQ","","","","","","","","","","","","Trapani","linkedin","https://www.linkedin.com/jobs/view/4417248785","","","",90,"0daa11ed1e83c41512964fa002e909b2effd2c0f",False,"","Trapani","other","C",False,False,False,0.0,0.0,0.0,0.0,0.0,0.0,30.0,0.0,0.0,30.0,30.0,"X","ZONA TRAPANI","","new",""
"li-4420736165","linkedin","https://www.linkedin.com/jobs/view/4420736165","","Concorso pubblico su base territoriale, per esami, per il reclutamento di 47 funzionari con competenze economiche e contabili da inquadrare nei ruoli dei Comuni - Codice ECO","Dipartimento della Funzione Pubblica","Sicily, Italy","","fulltime","","","","","",False,"entry level","Other","","","Concorso pubblico su base territoriale, **per esami** , per il reclutamento di un contingente complessivo di **n. 47 funzionari con competenze economiche e contabili** da inquadrare nei ruoli dei Piccoli Comuni. **Valutazione** : Per esami **Stato** : APERTO **Data chiusura invio candidature:** 23/06/2026 **Numero di posti:** 47 **Candidati su inPA**","Government Administration","https://it.linkedin.com/company/dipartimento-della-funzione-pubblica","https://media.licdn.com/dms/image/v2/C560BAQG5QIElEtTCEQ/company-logo_100_100/company-logo_100_100/0/1630668295801?e=2147483647&v=beta&t=IkzXXOWWmAELx9PGdzAbxfBReoZmmvttzIrdOOFovgQ","","","","","","","","","","","","Palermo","linkedin","https://www.linkedin.com/jobs/view/4420736165","","","",90,"43bf3c8df6f3a38cba209a5019ddc70da30e904c",False,"","Palermo","concorsi_pubblici","C",False,False,False,20.0,20.0,0.0,0.0,0.0,0.0,10.0,0.0,0.0,30.0,30.0,"X","concorso pubblico, concorso","concorso pubblico, concorso","new",""
"li-4330454548","linkedin","https://www.linkedin.com/jobs/view/4330454548","","Lavapiatti (M/F) Club Med Resort Italia o all'estero","Club Med","Palermo, Sicily, Italy","","fulltime","","","","","",False,"not applicable","Management and Manufacturing","","","**Conosci Club Med?** Abbiamo circa 70 resort, aperti in estate e in inverno, in 26 paesi diversi. Offriamo vacanze di alta gamma in montagna e al mare. I nostri clienti sono alla ricerca di felicità e libertà. Perché stai leggendo questa offerta di lavoro? Perché vuoi essere protagonista di quel qualcosa in più che fa la differenza. Hai competenze personali e professionali che sono molto ricercate. Ti offriamo l’opportunità di crescere e svilupparti rapidamente entrando a far parte dei nostri fantastici team. Avrai la possibilità di viaggiare in tutto il mondo. **Il tuo ambiente di lavoro** Ogni Resort dispone di diversi ristoranti e bar, sia d’animazione che più esclusivi, che servono la nostra offerta Premium All Inclusive. Dai buffet al servizio al piatto, dalle esperienze di show cooking ai numerosi eventi, non mancheranno le occasioni per esprimere il tuo know\\-how e la tua creatività. La nostra offerta raffinata si basa su 5 pilastri: creare esperienze indimenticabili, sorprendere con una moltitudine di spazi di ristorazione concettuali, lavorare per il benessere di tutti (compreso il tuo), giocare con le emozioni e i sensi attraverso la messa in scena, il tutto in un’atmosfera divertente e rilassata. **Sei** * Socievole, sai entrare in contatto con i nostri ospiti e costruire un rapporto di fiducia. * Efficiente, sai gestire le priorità e garantire un servizio puntuale. * Attento, ti assicuri che ogni ospite riceva un servizio personalizzato. **Ti occuperai di** * Pulire tutte le stoviglie e le pentole. * Pulire la cucina, la lavastoviglie e le aree di trattamento dei rifiuti. * Smaltire i rifiuti. Entrare a far parte dei nostri team è anche un'opportunità unica per vivere e lavorare con persone provenienti da tutto il mondo, nei luoghi più Instagrammabili. Arricchirai il tuo curriculum con un’esperienza preziosa, all’interno di un’azienda che ti accompagna e ti forma continuamente per aiutarti a diventare la migliore versione di te stesso. **Allora, sei pronto a unirti a noi? Il tuo futuro inizia qui…** *Tutte le nostre posizioni sono aperte a persone con disabilità.*","Hospitality","https://fr.linkedin.com/company/club-med","https://media.licdn.com/dms/image/v2/C4E0BAQFyk0ApMsHg-Q/company-logo_100_100/company-logo_100_100/0/1679330697177?e=2147483647&v=beta&t=iKHcZcuxyKqN4Iei70I1TkrwsWsuDWWvx5ZRww9qxxQ","","","","","","","","","","","","Trapani","linkedin","https://www.linkedin.com/jobs/view/4330454548","","","",90,"fad01259b3570614843fbc346d35ae6d51e35692",False,"","Trapani","other","C",False,False,False,0.0,0.0,0.0,0.0,0.0,0.0,30.0,0.0,0.0,30.0,30.0,"X","ZONA TRAPANI","","new",""
"li-4420739074","linkedin","https://www.linkedin.com/jobs/view/4420739074","","Analista tecnico","NEPTA","","","fulltime","","","","","",False,"associate","Information Technology","","","**Nepta Soluzioni** si propone quale partner tecnologico per Aziende e Pubblica Amministrazione, aiutando i propri Clienti a coniugare formule organizzative e tecnologiche. Operiamo in differenti aree di business (Consulting, Servizi Tecnologici, Outsourcing) e siamo in grado di offrire un percorso di carriera strutturato in base alle diverse aspettative professionali. Per importante azienda cliente, ricerchiamo **Business Analys** t,con conoscenza approfondita di **Java.** **Responsabilità** Raccolta e analisi dei requisiti funzionali attraverso il confronto con stakeholder, utenti e team di business Traduzione dei requisiti di business in requisiti tecnici e specifiche funzionali Definizione di soluzioni applicative coerenti con l'architettura esistente. Redazione della documentazione funzionale e tecniche. Supporto ai team di sviluppo durante le fasi di implementazione. Sviluppo e manutenzione di componenti software in ambiente Java secondo le esigenze progettuali. **Requisiti** Esperienza di almeno 3\\-5 anni in ruoli di Analisi Funzionale, Business Analyst o Technical Analyst. Solida conoscenza dello sviluppo Java (Java 8\\+). Esperienza con framework Spring Boot e architetture a microservizi. Conoscenza di API REST e integrazione tra sistemi. Familiarità con metodologie Agile/Scrum. **Possibilità di lavorare full rem *ote*** *.* *Cosa ti offr* iamo? \\-retribuzione adeguata in proporzione alle tue capacità \\-percorso di crescita basato sulle tue attitudini \\-inserimento in un'azienda solida e in costante crescita \\-ambiente di lavoro collaborativo,giovane,aperto. Il presente annuncio è rivolto a entrambi i sessi, ai sensi delle leggi 903/77 e 125/91, e a persone di tutte le età e tutte le nazionalità ai sensi dei decreti legislativi 215/03 e 216/03\\.","IT Services and IT Consulting and Business Consulting and Services","https://www.linkedin.com/company/nepta","https://media.licdn.com/dms/image/v2/D4D0BAQHIHqNigVcRUA/company-logo_100_100/company-logo_100_100/0/1736260686484/nepta_logo?e=2147483647&v=beta&t=tBVe6XsMSzWSvRSlxPzAZb6OMNRq6xvqqdblP_hQu0k","","","","","","","","","","","","Palermo","linkedin","https://www.linkedin.com/jobs/view/4420739074","","","",90,"948a9c1893832971705d703475e5618b6999cbc6",False,"","Palermo","amministrazione_contabilita","C",False,False,False,18.0,18.0,0.0,0.0,0.0,0.0,10.0,0.0,0.0,28.0,28.0,"X","amministrazione, pec","amministrazione, pec, pubblica amministrazione","new",""
"","subito.it","https://www.subito.it/annunci-sicilia/vendita/offerte-lavoro/catania/","","www. subito . it › annunci-sicilia › vendita Lavoro Catania e provincia - Offerte e annunci Subito.it","Subito.it","Italia","2026-06-05","","","","","","","","","","","","Subito.it Fallback | Query: stage","","","","","","","","","","","","","","","Sicilia","subito_fallback","https://www.subito.it/annunci-sicilia/vendita/offerte-lavoro/catania/","","","",50,"ba376760210cce4044d3a9658afbb0bc316f09c9",False,"","Sicilia","concorsi_pubblici","C",False,False,False,10.0,10.0,0.0,0.0,0.0,0.0,15.0,0.0,0.0,25.0,25.0,"X","provincia, stage","provincia, stage","new",""
"li-4420752423","linkedin","https://www.linkedin.com/jobs/view/4420752423","","Graduatorie A020 - Regioni Abruzzo, Basilicata, Lazio, Sicilia - DDG 2939/2025","Dipartimento della Funzione Pubblica","Sicily, Italy","","fulltime","","","","","",False,"internship","Other","","","Concorso per titoli ed esami per l’accesso ai ruoli del personale docente della scuola, su posto comune e di sostegno, bandito con D.D.G. del 9 ottobre 2025, n. 2939 \\- Graduatorie A020 \\- Regioni Abruzzo, Basilicata, Lazio, Sicilia","Government Administration","https://it.linkedin.com/company/dipartimento-della-funzione-pubblica","https://media.licdn.com/dms/image/v2/C560BAQG5QIElEtTCEQ/company-logo_100_100/company-logo_100_100/0/1630668295801?e=2147483647&v=beta&t=IkzXXOWWmAELx9PGdzAbxfBReoZmmvttzIrdOOFovgQ","","","","","","","","","","","","Sicilia","linkedin","https://www.linkedin.com/jobs/view/4420752423","","","",90,"1874727759bef1509927e24e5fc31b46678be671",False,"","Sicilia","concorsi_pubblici","C",False,False,False,10.0,10.0,0.0,0.0,0.0,0.0,15.0,0.0,0.0,25.0,25.0,"X","comune, concorso","comune, concorso","new",""
"","www.regione.sicilia.it","https://www.regione.sicilia.it/istruzione-formazione/","","Corso Inglese Gratuito - Regione Sicilia","🇬🇧 Inglese Gratuito / Finanziato","Sicilia","2026-06-05","","","","","","","","","","","","Corsi di lingua inglese finanziati dalla Regione Sicilia per giovani","","","","","","","","","","","","","","","Sicilia","opportunita_giovani","https://www.regione.sicilia.it/istruzione-formazione/","In Sede","inglese","🇬🇧 Inglese Gratuito / Finanziato",50,"3eab84de8e43fd9085e53aa8ea2f666c419473aa",False,"","Sicilia","other","C",True,False,False,5.0,5.0,0.0,0.0,0.0,0.0,15.0,0.0,0.0,20.0,20.0,"X","regione","regione","new",""
"","www.regione.sicilia.it","https://www.regione.sicilia.it/lavoro/tirocini","","Tirocini Retribuiti Regione Sicilia","💼 Tirocini Retribuiti","Sicilia","2026-06-05","","","","","","","","","","","","Tirocini formativi retribuiti finanziati dalla Regione Sicilia per giovani","","","","","","","","","","","","","","","Sicilia","opportunita_giovani","https://www.regione.sicilia.it/lavoro/tirocini","In Sede","tirocinio","💼 Tirocini Retribuiti",50,"3cfdbb3844899125d606c4de950507a4fe35f978",False,"","Sicilia","other","C",False,False,False,5.0,5.0,0.0,0.0,0.0,0.0,15.0,0.0,0.0,20.0,20.0,"X","regione","regione","new",""
"","www.regione.sicilia.it","https://www.regione.sicilia.it/istruzione-formazione/diritto-allo-studio","","Borse di Studio Regione Sicilia","💰 Bandi e Contributi per Giovani","Sicilia","2026-06-05","","","","","","","","","","","","Borse di studio regionali per studenti universitari siciliani","","","","","","","","","","","","","","","Sicilia","opportunita_giovani","https://www.regione.sicilia.it/istruzione-formazione/diritto-allo-studio","In Sede","bando","💰 Bandi e Contributi per Giovani",50,"205d1dc211081f20b0a40a53bac805cbc180af09",False,"","Sicilia","other","C",False,False,False,5.0,5.0,0.0,0.0,0.0,0.0,15.0,0.0,0.0,20.0,20.0,"X","regione","regione","new",""
"","subito.it","https://www.subito.it/annunci-sicilia/vendita/offerte-lavoro/catania/catania/","","www. subito . it › annunci-sicilia › vendita Lavoro Catania cittÃƒ - Offerte e annunci Subito.it","Subito.it","Italia","2026-06-05","","","","","","","","","","","","Subito.it Fallback | Query: stage","","","","","","","","","","","","","","","Sicilia","subito_fallback","https://www.subito.it/annunci-sicilia/vendita/offerte-lavoro/catania/catania/","","","",50,"d37241a5ff73a208cffbaaa40fb87e486cdf8903",False,"","Sicilia","other","C",False,False,False,5.0,5.0,0.0,0.0,0.0,0.0,15.0,0.0,0.0,20.0,20.0,"X","stage","stage","new",""
"","subito.it","https://www.subito.it/annunci-sicilia/vendita/offerte-lavoro/palermo/casteldaccia/","","www. subito . it › annunci-sicilia › vendita Lavoro Casteldaccia - Offerte e annunci Subito.it","Subito.it","Italia","2026-06-05","","","","","","","","","","","","Subito.it Fallback | Query: stage","","","","","","","","","","","","","","","Sicilia","subito_fallback","https://www.subito.it/annunci-sicilia/vendita/offerte-lavoro/palermo/casteldaccia/","","","",50,"9db44828e028875181e19a2956c479a895435352",False,"","Sicilia","other","C",False,False,False,5.0,5.0,0.0,0.0,0.0,0.0,15.0,0.0,0.0,20.0,20.0,"X","stage","stage","new",""
"li-4420739087","linkedin","https://www.linkedin.com/jobs/view/4420739087","","Assistente Bagnanti","Kiwi Beach Resorts srl","","","fulltime","","","","","",False,"entry level","Administrative","","","**Descrizione dell'azienda** Kiwi Beach Resorts srl è una catena alberghiera italiana, con resort in Sicilia e Sardegna. Offre strutture fronte mare e hotel accoglienti, con formule di soggiorno in mezza pensione, pensione completa o all inclusive. L’azienda valorizza il territorio attraverso la cucina locale, le esperienze legate ai paesaggi e la collaborazione con Kiwi Travel S.r.l. per trasferimenti, escursioni ed eventi. Kiwi Beach Resorts è fortemente impegnata nella sostenibilità ambientale, in particolare nella tutela delle spiagge e del mare. L’obiettivo è offrire un’esperienza di vacanza autentica, confortevole e rispettosa dell’ambiente e delle tradizioni locali. **Descrizione del ruolo** L’Assistente Bagnanti entrerà a far parte del team di Kiwi Beach Resorts srl con sede di lavoro a Messina, località Mortelle, in un ruolo full time e svolto interamente in presenza. La persona selezionata si occuperà della sorveglianza delle aree piscina e spiaggia, garantendo la sicurezza degli ospiti e prevenendo situazioni di pericolo. Tra le attività quotidiane rientrano il controllo costante dell’area balneare, l’assistenza e l’eventuale intervento di salvataggio in acqua, nonché la gestione delle attrezzature (sdraio, ombrelloni, salvagenti) e il rispetto delle norme di sicurezza. L’assistente bagnanti fornirà informazioni chiare sulle regole di comportamento, collaborerà con il personale di reception e animazione per la gestione dei flussi degli ospiti e compilerà, se necessario, report sugli interventi effettuati. È prevista la collaborazione con la direzione per mantenere elevati standard di qualità del servizio e di attenzione al benessere degli ospiti. **Qualifiche** * Possesso di brevetto di assistente bagnanti in corso di validità (mare e/o piscina) e conoscenza delle principali procedure di sicurezza in acqua. * Competenze in primo soccorso e rianimazione cardio\\-polmonare (BLSD) e capacità di gestione delle emergenze in contesti affollati. * Buone capacità di comunicazione e relazione con il pubblico, orientamento al cliente e attitudine al lavoro di squadra in contesto turistico. * Buona resistenza fisica, affidabilità, attenzione ai dettagli e disponibilità a lavorare su turni","Hospitality","https://it.linkedin.com/company/kiwi-beach-resorts-s.r.l.","https://media.licdn.com/dms/image/v2/C560BAQFbhEsbnRiZCQ/company-logo_100_100/company-logo_100_100/0/1630620746844/kiwi_beach_resorts_srl_logo?e=2147483647&v=beta&t=hHW8GK5_hRCLY1k4UiYjn1RgM48k9ACM33RadBy7SIY","","","","","","","","","","","","Sicilia","linkedin","https://www.linkedin.com/jobs/view/4420739087","","","",90,"ef27db428b55a2278381e6bab5c21cc1d7a58f55",False,"","Sicilia","concorsi_pubblici","C",False,False,False,5.0,5.0,0.0,0.0,0.0,0.0,15.0,0.0,0.0,20.0,20.0,"X","assistente","assistente","new",""
"","www.garanziagiovani.gov.it","https://www.garanziagiovani.gov.it/Pagine/default.aspx","","Garanzia Giovani Sicilia","🎓 Formazione Gratuita Finanziata","Sicilia","2026-06-05","","","","","","","","","","","","Programma europeo per giovani NEET 16-29: corsi gratuiti, tirocini, bonus","","","","","","","","","","","","","","","Sicilia","opportunita_giovani","https://www.garanziagiovani.gov.it/Pagine/default.aspx","In Sede","formazione","🎓 Formazione Gratuita Finanziata",50,"fc5102fa097e0c2ed125d0f8d85ed4873ead6cf7",False,"","Sicilia","other","C",False,False,False,0.0,0.0,0.0,0.0,0.0,0.0,15.0,0.0,0.0,15.0,15.0,"X","","","new",""
"","www.ersu.it","https://www.ersu.it/","","ERSU Sicilia","📚 Agevolazioni Studio Universitario","Sicilia","2026-06-05","","","","","","","","","","","","Borse di studio, alloggi e mense per studenti universitari in Sicilia","","","","","","","","","","","","","","","Sicilia","opportunita_giovani","https://www.ersu.it/","In Sede","universita","📚 Agevolazioni Studio Universitario",50,"3aa79f15e7a1fea5c7c51fd9dbd769e7cedf782e",False,"","Sicilia","other","A",False,False,False,0.0,0.0,0.0,0.0,0.0,0.0,15.0,0.0,0.0,15.0,15.0,"X","","","new",""
"li-4417923727","linkedin","https://www.linkedin.com/jobs/view/4417923727","","Consulente commerciale settore della formazione universitaria","Nikola Tesla - Polo Formativo","San Giovanni la Punta, Sicily, Italy","","parttime","","","","","",False,"mid-senior level","Sales and Management","","","Il Polo Formativo Nikola Tesla è una realtà in forte espansione nel settore della formazione universitaria e professionale. Per l’ampliamento della rete nazionale e lo sviluppo di nuove aree territoriali, selezioniamo nuove figure da inserire nel progetto. Non si tratta di un ruolo tradizionale, ma di un’opportunità concreta per entrare in un sistema strutturato, con possibilità di crescita reale e sviluppo professionale. **Attività** * gestione e sviluppo di nuovi contatti * consulenza su percorsi formativi e orientamento * gestione delle trattative commerciali * sviluppo e consolidamento delle relazioni sul territorio * supporto all’espansione della rete e apertura nuove collaborazioni **Cosa offriamo** * modello operativo già strutturato * formazione e affiancamento continuo * strumenti digitali per gestione contatti e clienti * possibilità concreta di crescita all’interno del progetto * ambiente dinamico, meritocratico e orientato ai risultati **Profilo ricercato** * forte orientamento agli obiettivi * buone capacità comunicative e relazionali * attitudine commerciale * approccio proattivo e autonomo * interesse per il settore formazione **Requisiti preferenziali** * esperienza commerciale o nella vendita * esperienza a contatto con il pubblico * capacità di gestione autonoma delle attività * Se stai cercando un’opportunità concreta in un progetto in espansione e vuoi costruire un percorso professionale nel settore formazione, candidati ora.","E-Learning Providers","https://www.linkedin.com/company/nikola-tesla-polo-formativo","https://media.licdn.com/dms/image/v2/D4D0BAQE-i6YHYvfYZg/company-logo_100_100/company-logo_100_100/0/1727345439762?e=2147483647&v=beta&t=Ch3AFvvAVMXv0X6wGw8HhmF4OBKMEvq0b8_o2F4kmjw","","","","","","","","","","","","Sicilia","linkedin","https://www.linkedin.com/jobs/view/4417923727","","","",90,"1cbe0009f60f1a7b7932f5bfc109900161568fdd",False,"","Sicilia","concorsi_pubblici","C",False,False,False,0.0,0.0,0.0,0.0,0.0,0.0,15.0,0.0,0.0,15.0,15.0,"X","","","new",""
